[00:25:50.384,790] [0m<inf> radiant_gate_mpsl: hi: acq=961 den=0 resv=0 pend=961 blk=0 grant=961[0m
[00:25:50.384,806] [0m<i[00:26:29.714,867] [0m<inf> radiant_gate_mpsl: hi: acq=0 den=0 resv=0 pend=0 blk=0 grant=0[0m
[1;31m--- 4 messages dropped ---
[0m[00:26:29.730,445] [0m<inf> radiant_api: SWEEP set=0 steer=0 dwell=0/260000 adv=0 sweeps=0 win=0 ok=0 searching=0 carrier=255 | chunks=0 preempt=0 missed=0 ebusy=0 rej=0 | pumps=100 hk=100 | scan_us=0/0 track_us=0/0 | end ok=0 abrt=0 miss=0 fail=0 deny=0 replan=0[0m
[1;31m--- 2 messages dropped ---
[0m[00:26:30.715,018] [0m<inf> radiant_gate_mpsl: sw: n=0 wipe=0 ramp=0 wipe+ramp=0 rx=0 wipe+rx=0 | started=0 early=0/0us last=0us | open lead=0us max=0us late=0 glen=0 cc0=0[0m
[00:26:30.715,036] [0m<inf> radiant_gate_mpsl: hiend: | lasted=0us max=0us | dur=0us max=0us short=0 | t0arm=0us stale=0[0m
[00:26:30.715,075] [0m<inf> radiant_gate_mpsl: gate: acq=0 in_grant=0/0 placed=1 granted=1 blocked=0 cancel=0 eagain=0 near=0 long=0 ext=0/0 dead=0 | den pend=0 anch=0 dist=0 degen=0 nosess=0 owed=0 | sent grant=0 dead=0 blk=0 supp=0 | end=1 (norm=1 rel=0 idle=0 late=0) | bad over=0 inval=0 unk=0 inl=0 | len=100/100 el=10000 skew=0 brun=0 sig=7 g=0 hw=0 p=0 rel=0 end=1 boot=0 anchor=1 owes=0[0m
[00:26:30.733,250] [0m<inf> radiant_api: SWEEP set=0 steer=0 dwell=0/260000 adv=0 sweeps=0 win=0 ok=0 searching=0 carrier=255 | chunks=0 preempt=0 missed=0 ebusy=0 rej=0 | pumps=120 hk=120 | scan_us=0/0 track_us=0/0 | end ok=0 abrt=0 miss=0 fail=0 deny=0 replan=0[0m
[00:26:31.715,162] [0m<inf> radiant_gate_mpsl: hi: acq=0 den=0 resv=0 pend=0 blk=0 grant=0[0m
[1;31m--- 3 messages dropped ---
[0m[00:26:31.715,225] [0m<inf> radiant_gate_mpsl: gate: acq=0 in_grant=0/0 placed=1 granted=1 blocked=0 cancel=0 eagain=0 near=0 long=0 ext=0/0 dead=0 | den pend=0 anch=0 dist=0 degen=0 nosess=0 owed=0 | sent grant=0 dead=0 blk=0 supp=0 | end=1 (norm=1 rel=0 idle=0 late=0) | bad over=0 inval=0 unk=0 inl=0 | len=100/100 el=10000 skew=0 brun=0 sig=7 g=0 hw=0 p=0 rel=0 end=1 boot=0 anchor=1 owes=0[0m
[1;31m--- 1 messages dropped ---
[0m[00:26:32.715,291] [0m<inf> radiant_gate_mpsl: hi: acq=0 den=0 resv=0 pend=0 blk=0 grant=0[0m
[00:26:32.715,302] [0m<inf> radiant_gate_mpsl: seam: grant=0 nostage=0 prog=0/0 | sigrad=0 sigt0=0 isr=0 end=0 dis=0 term=0 | ramp=0/1 state=0 ev=0x00 rxen saved=0x00000000 cont=0x000 a=0x00000000 p=0x00000000 e=0x80000016 inten=0x00000000[0m
[00:26:32.715,321] [0m<inf> radiant_gate_mpsl: sw: n=0 wipe=0 ramp=0 wipe+ramp=0 rx=0 wipe+rx=0 | started=0 early=0/0us last=0us | open lead=0us max=0us late=0 glen=0 cc0=0[0m
[00:26:32.715,342] [0m<inf> radiant_gate_mpsl: hiend: | lasted=0us max=0us | dur=0us max=0us short=0 | t0arm=0us stale=0[0m
[00:26:32.715,366] [0m<inf> radiant_gate_mpsl: gate: acq=0 in_grant=0/0 placed=1 granted=1 blocked=0 cancel=0 eagain=0 near=0 long=0 ext=0/0 dead=0 | den pend=0 anch=0 dist=0 degen=0 nosess=0 owed=0 | sent grant=0 dead=0 blk=0 supp=0 | end=1 (norm=1 rel=0 idle=0 late=0) | bad over=0 inval=0 unk=0 inl=0 | len=100/100 el=10000 skew=0 brun=0 sig=7 g=0 hw=0 p=0 rel=0 end=1 boot=0 anchor=1 owes=0[0m
[00:26:32.738,875] [0m<inf> radiant_api: SWEEP set=0 steer=0 dwell=0/260000 adv=0 sweeps=0 win=0 ok=0 searching=0 carrier=255 | chunks=0 preempt=0 missed=0 ebusy=0 rej=0 | pumps=160 hk=160 | scan_us=0/0 track_us=0/0 | end ok=0 abrt=0 miss=0 fail=0 deny=0 replan=0[0m
[00:26:33.715,453] [0m<inf> radiant_gate_mpsl: hi: acq=0 den=0 resv=0 pend=0 blk=0 grant=0[0m
[1;31m--- 3 messages dropped ---
[0m[00:26:33.715,515] [0m<inf> radiant_gate_mpsl: gate: acq=0 in_grant=0/0 placed=1 granted=1 blocked=0 cancel=0 eagain=0 near=0 long=0 ext=0/0 dead=0 | den pend=0 anch=0 dist=0 degen=0 nosess=0 owed=0 | sent grant=0 dead=0 blk=0 supp=0 | end=1 (norm=1 rel=0 idle=0 late=0) | bad over=0 inval=0 unk=0 inl=0 | len=100/100 el=10000 skew=0 brun=0 sig=7 g=0 hw=0 p=0 rel=0 end=1 boot=0 anchor=1 owes=0[0m
[1;31m--- 1 messages dropped ---
[0m[00:26:34.715,582] [0m<inf> radiant_gate_mpsl: hi: acq=0 den=0 resv=0 pend=0 blk=0 grant=0[0m
[00:26:34.715,594] [0m<inf> radiant_gate_mpsl: seam: grant=0 nostage=0 prog=0/0 | sigrad=0 sigt0=0 isr=0 end=0 dis=0 term=0 | ramp=0/1 state=0 ev=0x00 rxen saved=0x00000000 cont=0x000 a=0x00000000 p=0x00000000 e=0x80000016 inten=0x00000000[0m
[00:26:34.715,604] [0m<inf> radiant_gate_mpsl: sw: n=0 wipe=0 ramp=0 wipe+ramp=0 rx=0 wipe+rx=0 | started=0 early=0/0us last=0us | open lead=0us max=0us late=0 glen=0 cc0=0[0m
[00:26:34.715,622] [0m<inf> radiant_gate_mpsl: hiend: | lasted=0us max=0us | dur=0us max=0us short=0 | t0arm=0us stale=0[0m
[00:26:34.715,655] [0m<inf> radiant_gate_mpsl: gate: acq=0 in_grant=0/0 placed=1 granted=1 blocked=0 cancel=0 eagain=0 near=0 long=0 ext=0/0 dead=0 | den pend=0 anch=0 dist=0 degen=0 nosess=0 owed=0 | sent grant=0 dead=0 blk=0 supp=0 | end=1 (norm=1 rel=0 idle=0 late=0) | bad over=0 inval=0 unk=0 inl=0 | len=100/100 el=10000 skew=0 brun=0 sig=7 g=0 hw=0 p=0 rel=0 end=1 boot=0 anchor=1 owes=0[0m
[00:26:34.744,508] [0m<inf> radiant_api: SWEEP set=0 steer=0 dwell=0/260000 adv=0 sweeps=0 win=0 ok=0 searching=0 carrier=255 | chunks=0 preempt=0 missed=0 ebusy=0 rej=0 | pumps=200 hk=200 | scan_us=0/0 track_us=0/0 | end ok=0 abrt=0 miss=0 fail=0 deny=0 replan=0[0m
[00:26:35.715,744] [0m<inf> radiant_gate_mpsl: hi: acq=0 den=0 resv=0 pend=0 blk=0 grant=0[0m
[1;31m--- 3 messages dropped ---
[0m[00:26:35.715,806] [0m<inf> radiant_gate_mpsl: gate: acq=0 in_grant=0/0 placed=1 granted=1 blocked=0 cancel=0 eagain=0 near=0 long=0 ext=0/0 dead=0 | den pend=0 anch=0 dist=0 degen=0 nosess=0 owed=0 | sent grant=0 dead=0 blk=0 supp=0 | end=1 (norm=1 rel=0 idle=0 late=0) | bad over=0 inval=0 unk=0 inl=0 | len=100/100 el=10000 skew=0 brun=0 sig=7 g=0 hw=0 p=0 rel=0 end=1 boot=0 anchor=1 owes=0[0m
[1;31m--- 1 messages dropped ---
[0m[00:26:36.715,888] [0m<inf> radiant_gate_mpsl: hi: acq=0 den=0 resv=0 pend=0 blk=0 grant=0[0m
[00:26:36.715,899] [0m<inf> radiant_gate_mpsl: seam: grant=0 nostage=0 prog=0/0 | sigrad=0 sigt0=0 isr=0 end=0 dis=0 term=0 | ramp=0/1 state=0 ev=0x00 rxen saved=0x00000000 cont=0x000 a=0x00000000 p=0x00000000 e=0x80000016 inten=0x00000000[0m
[00:26:36.715,909] [0m<inf> radiant_gate_mpsl: sw: n=0 wipe=0 ramp=0 wipe+ramp=0 rx=0 wipe+rx=0 | started=0 early=0/0us last=0us | open lead=0us max=0us late=0 glen=0 cc0=0[0m
[00:26:36.715,927] [0m<inf> radiant_gate_mpsl: hiend: | lasted=0us max=0us | dur=0us max=0us short=0 | t0arm=0us stale=0[0m
[00:26:36.715,962] [0m<inf> radiant_gate_mpsl: gate: acq=0 in_grant=0/0 placed=1 granted=1 blocked=0 cancel=0 eagain=0 near=0 long=0 ext=0/0 dead=0 | den pend=0 anch=0 dist=0 degen=0 nosess=0 owed=0 | sent grant=0 dead=0 blk=0 supp=0 | end=1 (norm=1 rel=0 idle=0 late=0) | bad over=0 inval=0 unk=0 inl=0 | len=100/100 el=10000 skew=0 brun=0 sig=7 g=0 hw=0 p=0 rel=0 end=1 boot=0 anchor=1 owes=0[0m
[00:26:36.750,159] [0m<inf> radiant_api: SWEEP set=0 steer=0 dwell=0/260000 adv=0 sweeps=0 win=0 ok=0 searching=0 carrier=255 | chunks=0 preempt=0 missed=0 ebusy=0 rej=0 | pumps=240 hk=240 | scan_us=0/0 track_us=0/0 | end ok=0 abrt=0 miss=0 fail=0 deny=0 replan=0[0m
[00:26:37.716,030] [0m<inf> radiant_gate_mpsl: hi: acq=0 den=0 resv=0 pend=0 blk=0 grant=0[0m
[1;31m--- 3 messages dropped ---
[0m[00:26:37.716,094] [0m<inf> radiant_gate_mpsl: gate: acq=0 in_grant=0/0 placed=1 granted=1 blocked=0 cancel=0 eagain=0 near=0 long=0 ext=0/0 dead=0 | den pend=0 anch=0 dist=0 degen=0 nosess=0 owed=0 | sent grant=0 dead=0 blk=0 supp=0 | end=1 (norm=1 rel=0 idle=0 late=0) | bad over=0 inval=0 unk=0 inl=0 | len=100/100 el=10000 skew=0 brun=0 sig=7 g=0 hw=0 p=0 rel=0 end=1 boot=0 anchor=1 owes=0[0m
[1;31m--- 1 messages dropped ---
[0m[00:26:38.716,176] [0m<inf> radiant_gate_mpsl: hi: acq=0 den=0 resv=0 pend=0 blk=0 grant=0[0m
[00:26:38.716,187] [0m<inf> radiant_gate_mpsl: seam: grant=0 nostage=0 prog=0/0 | sigrad=0 sigt0=0 isr=0 end=0 dis=0 term=0 | ramp=0/1 state=0 ev=0x00 rxen saved=0x00000000 cont=0x000 a=0x00000000 p=0x00000000 e=0x80000016 inten=0x00000000[0m
[00:26:38.716,197] [0m<inf> radiant_gate_mpsl: sw: n=0 wipe=0 ramp=0 wipe+ramp=0 rx=0 wipe+rx=0 | started=0 early=0/0us last=0us | open lead=0us max=0us late=0 glen=0 cc0=0[0m
[00:26:38.716,215] [0m<inf> radiant_gate_mpsl: hiend: | lasted=0us max=0us | dur=0us max=0us short=0 | t0arm=0us stale=0[0m
[00:26:38.716,249] [0m<inf> radiant_gate_mpsl: gate: acq=0 in_grant=0/0 placed=1 granted=1 blocked=0 cancel=0 eagain=0 near=0 long=0 ext=0/0 dead=0 | den pend=0 anch=0 dist=0 degen=0 nosess=0 owed=0 | sent grant=0 dead=0 blk=0 supp=0 | end=1 (norm=1 rel=0 idle=0 late=0) | bad over=0 inval=0 unk=0 inl=0 | len=100/100 el=10000 skew=0 brun=0 sig=7 g=0 hw=0 p=0 rel=0 end=1 boot=0 anchor=1 owes=0[0m
[00:26:38.755,728] [0m<inf> radiant_api: SWEEP set=0 steer=0 dwell=0/260000 adv=0 sweeps=0 win=0 ok=0 searching=0 carrier=255 | chunks=0 preempt=0 missed=0 ebusy=0 rej=0 | pumps=280 hk=280 | scan_us=0/0 track_us=0/0 | end ok=0 abrt=0 miss=0 fail=0 deny=0 replan=0[0m
[00:26:39.716,321] [0m<inf> radiant_gate_mpsl: hi: acq=0 den=0 resv=0 pend=0 blk=0 grant=0[0m
[1;31m--- 3 messages dropped ---
[0m[00:26:39.716,384] [0m<inf> radiant_gate_mpsl: gate: acq=0 in_grant=0/0 placed=1 granted=1 blocked=0 cancel=0 eagain=0 near=0 long=0 ext=0/0 dead=0 | den pend=0 anch=0 dist=0 degen=0 nosess=0 owed=0 | sent grant=0 dead=0 blk=0 supp=0 | end=1 (norm=1 rel=0 idle=0 late=0) | bad over=0 inval=0 unk=0 inl=0 | len=100/100 el=10000 skew=0 brun=0 sig=7 g=0 hw=0 p=0 rel=0 end=1 boot=0 anchor=1 owes=0[0m
[00:26:39.758,453] [0m<inf> radiant_api: SWEEP set=0 steer=0 dwell=0/260000 adv=0 sweeps=0 win=0 ok=0 searching=0 carrier=255 | chunks=0 preempt=0 missed=0 ebusy=0 rej=0 | pumps=300 hk=300 | scan_us=0/0 track_us=0/0 | end ok=0 abrt=0 miss=0 fail=0 deny=0 replan=0[0m
[00:26:40.716,451] [0m<inf> radiant_gate_mpsl: hi: acq=4 den=0 resv=0 pend=4 blk=0 grant=3[0m
[00:26:40.716,462] [0m<inf> radiant_gate_mpsl: seam: grant=4 nostage=0 prog=4/0 | sigrad=8 sigt0=91 isr=8 end=5 dis=0 term=1 | ramp=4/1 state=0 ev=0x13 rxen saved=0x80000016 cont=0x13f a=0x80000016 p=0x80000016 e=0x80000016 inten=0x00000140[0m
[00:26:40.716,472] [0m<inf> radiant_gate_mpsl: sw: n=3 wipe=0 ramp=3 wipe+ramp=0 rx=3 wipe+rx=0 | started=3 early=0/0us last=3231us | open lead=231us max=232us late=0 glen=5484 cc0=3484[0m
[00:26:40.716,503] [0m<inf> radiant_gate_mpsl: hiend: timer0=3 | lasted=3486us max=3486us | dur=3463us max=3463us short=0 | t0arm=31us stale=0[0m
[00:26:40.716,537] [0m<inf> radiant_gate_mpsl: gate: acq=5 in_grant=3/3 placed=6 granted=5 blocked=0 cancel=0 eagain=0 near=0 long=0 ext=87/0 dead=0 | den pend=0 anch=0 dist=0 degen=0 nosess=0 owed=0 | sent grant=1 dead=0 blk=0 supp=3 | end=5 (norm=5 rel=0 idle=0 late=0) | bad over=0 inval=0 unk=0 inl=0 | len=5484/5484 el=10000 skew=0 brun=0 sig=7 g=0 hw=0 p=1 rel=0 end=1 boot=0 anchor=1 owes=1[0m
[00:26:40.792,782] [0m<inf> radiant_api: SWEEP set=1 steer=0 dwell=0/260000 adv=1 sweeps=0 win=1 ok=2 searching=0 carrier=255 | chunks=1 preempt=0 missed=0 ebusy=0 rej=0 | pumps=325 hk=324 | scan_us=94200/1 track_us=3200/4 | end ok=0 abrt=0 miss=0 fail=0 deny=1 replan=0[0m
[00:26:41.716,595] [0m<inf> radiant_gate_mpsl: hi: acq=8 den=0 resv=0 pend=8 blk=0 grant=7[0m
[1;31m--- 2 messages dropped ---
[0m[00:26:41.716,656] [0m<inf> radiant_gate_mpsl: hiend: timer0=7 | lasted=3485us max=3486us | dur=3462us max=3463us short=0 | t0arm=31us stale=0[0m
[00:26:41.716,674] [0m<inf> radiant_gate_mpsl: gate: acq=9 in_grant=7/7 placed=10 granted=9 blocked=0 cancel=0 eagain=0 near=0 long=0 ext=87/0 dead=0 | den pend=0 anch=0 dist=0 degen=0 nosess=0 owed=0 | sent grant=1 dead=0 blk=0 supp=7 | end=9 (norm=9 rel=0 idle=0 late=0) | bad over=0 inval=0 unk=0 inl=0 | len=5484/5484 el=10000 skew=0 brun=0 sig=7 g=0 hw=0 p=1 rel=0 end=1 boot=0 anchor=1 owes=1[0m
[00:26:41.841,696] [0m<inf> radiant_api: SWEEP set=1 steer=0 dwell=0/260000 adv=1 sweeps=0 win=1 ok=2 searching=0 carrier=255 | chunks=1 preempt=0 missed=0 ebusy=0 rej=0 | pumps=350 hk=349 | scan_us=94200/1 track_us=6400/8 | end ok=0 abrt=0 miss=0 fail=0 deny=1 replan=0[0m
[00:26:42.716,764] [0m<inf> radiant_gate_mpsl: hi: acq=12 den=0 resv=0 pend=12 blk=0 grant=11[0m
[00:26:42.716,776] [0m<inf> radiant_gate_mpsl: seam: grant=12 nostage=0 prog=12/0 | sigrad=24 sigt0=99 isr=24 end=13 dis=0 term=1 | ramp=12/1 state=0 ev=0x13 rxen saved=0x80000016 cont=0x13f a=0x80000016 p=0x80000016 e=0x80000016 inten=0x00000140[0m
[00:26:42.716,786] [0m<inf> radiant_gate_mpsl: sw: n=11 wipe=0 ramp=11 wipe+ramp=0 rx=11 wipe+rx=0 | started=11 early=0/0us last=2636us | open lead=231us max=232us late=0 glen=4888 cc0=2888[0m
[00:26:42.716,817] [0m<inf> radiant_gate_mpsl: hiend: timer0=11 | lasted=2889us max=3486us | dur=2866us max=3463us short=0 | t0arm=31us stale=0[0m
[00:26:42.716,850] [0m<inf> radiant_gate_mpsl: gate: acq=13 in_grant=11/11 placed=14 granted=13 blocked=0 cancel=0 eagain=0 near=0 long=0 ext=87/0 dead=0 | den pend=0 anch=0 dist=0 degen=0 nosess=0 owed=0 | sent grant=1 dead=0 blk=0 supp=11 | end=13 (norm=13 rel=0 idle=0 late=0) | bad over=0 inval=0 unk=0 inl=0 | len=4888/4888 el=10000 skew=0 brun=0 sig=7 g=0 hw=0 p=1 rel=0 end=1 boot=0 anchor=1 owes=1[0m
[00:26:42.890,303] [0m<inf> radiant_api: SWEEP set=1 steer=0 dwell=0/260000 adv=1 sweeps=0 win=1 ok=2 searching=0 carrier=255 | chunks=1 preempt=0 missed=0 ebusy=0 rej=0 | pumps=375 hk=374 | scan_us=94200/1 track_us=7216/12 | end ok=0 abrt=0 miss=0 fail=0 deny=1 replan=0[0m
[00:26:43.716,911] [0m<inf> radiant_gate_mpsl: hi: acq=16 den=0 resv=0 pend=16 blk=0 grant=15[0m
[1;31m--- 4 messages dropped ---
[0m[00:26:43.938,201] [0m<inf> radiant_api: SWEEP set=1 steer=0 dwell=0/260000 adv=1 sweeps=0 win=1 ok=2 searching=0 carrier=255 | chunks=1 preempt=0 missed=0 ebusy=0 rej=0 | pumps=400 hk=399 | scan_us=94200/1 track_us=8236/17 | end ok=0 abrt=0 miss=0 fail=0 deny=1 replan=0[0m
[00:26:44.717,057] [0m<inf> radiant_gate_mpsl: hi: acq=20 den=0 resv=0 pend=20 blk=0 grant=19[0m
[00:26:44.717,069] [0m<inf> radiant_gate_mpsl: seam: grant=20 nostage=0 prog=20/0 | sigrad=40 sigt0=107 isr=40 end=21 dis=0 term=1 | ramp=20/1 state=0 ev=0x13 rxen saved=0x80000016 cont=0x13f a=0x80000016 p=0x80000016 e=0x80000016 inten=0x00000140[0m
[00:26:44.717,080] [0m<inf> radiant_gate_mpsl: sw: n=19 wipe=0 ramp=19 wipe+ramp=0 rx=19 wipe+rx=0 | started=19 early=0/0us last=2635us | open lead=232us max=232us late=0 glen=4888 cc0=2888[0m
[00:26:44.717,119] [0m<inf> radiant_gate_mpsl: hiend: timer0=19 | lasted=2889us max=3486us | dur=2866us max=3463us short=0 | t0arm=31us stale=0[0m
[00:26:44.717,148] [0m<inf> radiant_gate_mpsl: gate: acq=21 in_grant=19/19 placed=22 granted=21 blocked=0 cancel=0 eagain=0 near=0 long=0 ext=87/0 dead=0 | den pend=0 anch=0 dist=0 degen=0 nosess=0 owed=0 | sent grant=1 dead=0 blk=0 supp=19 | end=21 (norm=21 rel=0 idle=0 late=0) | bad over=0 inval=0 unk=0 inl=0 | len=4888/4888 el=10000 skew=0 brun=0 sig=7 g=0 hw=0 p=1 rel=0 end=1 boot=0 anchor=1 owes=1[0m
[00:26:44.987,181] [0m<inf> radiant_api: SWEEP set=1 steer=0 dwell=0/260000 adv=1 sweeps=0 win=1 ok=2 searching=0 carrier=255 | chunks=1 preempt=0 missed=0 ebusy=0 rej=0 | pumps=426 hk=425 | scan_us=94200/1 track_us=9052/21 | end ok=0 abrt=0 miss=0 fail=0 deny=1 replan=0[0m
[00:26:45.717,237] [0m<inf> radiant_gate_mpsl: hi: acq=24 den=0 resv=0 pend=24 blk=0 grant=23[0m
[00:26:45.717,249] [0m<inf> radiant_gate_mpsl: seam: grant=24 nostage=0 prog=24/0 | sigrad=48 sigt0=111 isr=48 end=25 dis=0 term=1 | ramp=24/1 state=0 ev=0x13 rxen saved=0x80000016 cont=0x13f a=0x80000016 p=0x80000016 e=0x80000016 inten=0x00000140[0m
[00:26:45.717,259] [0m<inf> radiant_gate_mpsl: sw: n=23 wipe=0 ramp=23 wipe+ramp=0 rx=23 wipe+rx=0 | started=23 early=0/0us last=2635us | open lead=231us max=232us late=0 glen=4888 cc0=2888[0m
[00:26:45.717,293] [0m<inf> radiant_gate_mpsl: hiend: timer0=23 | lasted=2890us max=3486us | dur=2867us max=3463us short=0 | t0arm=31us stale=0[0m
[00:26:45.717,313] [0m<inf> radiant_gate_mpsl: gate: acq=25 in_grant=23/23 placed=26 granted=25 blocked=0 cancel=0 eagain=0 near=0 long=0 ext=87/0 dead=0 | den pend=0 anch=0 dist=0 degen=0 nosess=0 owed=0 | sent grant=1 dead=0 blk=0 supp=23 | end=25 (norm=25 rel=0 idle=0 late=0) | bad over=0 inval=0 unk=0 inl=0 | len=4888/4888 el=10000 skew=0 brun=0 sig=7 g=0 hw=0 p=1 rel=0 end=1 boot=0 anchor=1 owes=1[0m
[00:26:46.036,110] [0m<inf> radiant_api: SWEEP set=1 steer=0 dwell=0/260000 adv=1 sweeps=0 win=1 ok=2 searching=0 carrier=255 | chunks=1 preempt=0 missed=0 ebusy=0 rej=0 | pumps=451 hk=450 | scan_us=94200/1 track_us=9868/25 | end ok=0 abrt=0 miss=0 fail=0 deny=1 replan=0[0m
[00:26:46.717,399] [0m<inf> radiant_gate_mpsl: hi: acq=28 den=0 resv=0 pend=28 blk=0 grant=27[0m
[1;31m--- 3 messages dropped ---
[0m[00:26:46.717,477] [0m<inf> radiant_gate_mpsl: gate: acq=29 in_grant=27/27 placed=30 granted=29 blocked=0 cancel=0 eagain=0 near=0 long=0 ext=87/0 dead=0 | den pend=0 anch=0 dist=0 degen=0 nosess=0 owed=0 | sent grant=1 dead=0 blk=0 supp=27 | end=29 (norm=29 rel=0 idle=0 late=0) | bad over=0 inval=0 unk=0 inl=0 | len=4888/4888 el=10000 skew=0 brun=0 sig=7 g=0 hw=0 p=1 rel=0 end=1 boot=0 anchor=1 owes=1[0m
[00:26:47.085,031] [0m<inf> radiant_api: SWEEP set=1 steer=0 dwell=0/260000 adv=1 sweeps=0 win=1 ok=2 searching=0 carrier=255 | chunks=1 preempt=0 missed=0 ebusy=0 rej=0 | pumps=476 hk=475 | scan_us=94200/1 track_us=10684/29 | end ok=0 abrt=0 miss=0 fail=0 deny=1 replan=0[0m
[00:26:47.717,547] [0m<inf> radiant_gate_mpsl: hi: acq=32 den=0 resv=0 pend=32 blk=0 grant=31[0m
[00:26:47.717,558] [0m<inf> radiant_gate_mpsl: seam: grant=32 nostage=0 prog=32/0 | sigrad=64 sigt0=119 isr=64 end=33 dis=0 term=1 | ramp=32/1 state=0 ev=0x13 rxen saved=0x80000016 cont=0x13f a=0x80000016 p=0x80000016 e=0x80000016 inten=0x00000140[0m
[00:26:47.717,568] [0m<inf> radiant_gate_mpsl: sw: n=31 wipe=0 ramp=31 wipe+ramp=0 rx=31 wipe+rx=0 | started=31 early=0/0us last=2635us | open lead=232us max=232us late=0 glen=4888 cc0=2888[0m
[00:26:47.717,600] [0m<inf> radiant_gate_mpsl: hiend: timer0=31 | lasted=2889us max=3486us | dur=2866us max=3463us short=0 | t0arm=31us stale=0[0m
[00:26:47.717,634] [0m<inf> radiant_gate_mpsl: gate: acq=33 in_grant=31/31 placed=34 granted=33 blocked=0 cancel=0 eagain=0 near=0 long=0 ext=87/0 dead=0 | den pend=0 anch=0 dist=0 degen=0 nosess=0 owed=0 | sent grant=1 dead=0 blk=0 supp=31 | end=33 (norm=33 rel=0 idle=0 late=0) | bad over=0 inval=0 unk=0 inl=0 | len=4888/4888 el=10000 skew=0 brun=0 sig=7 g=0 hw=0 p=1 rel=0 end=1 boot=0 anchor=1 owes=1[0m
[00:26:48.133,954] [0m<inf> radiant_api: SWEEP set=1 steer=0 dwell=0/260000 adv=1 sweeps=0 win=1 ok=2 searching=0 carrier=255 | chunks=1 preempt=0 missed=0 ebusy=0 rej=0 | pumps=501 hk=500 | scan_us=94200/1 track_us=11500/33 | end ok=0 abrt=0 miss=0 fail=0 deny=1 replan=0[0m
[00:26:48.717,725] [0m<inf> radiant_gate_mpsl: hi: acq=36 den=0 resv=0 pend=36 blk=0 grant=35[0m
[00:26:48.717,737] [0m<inf> radiant_gate_mpsl: seam: grant=36 nostage=0 prog=36/0 | sigrad=72 sigt0=123 isr=72 end=37 dis=0 term=1 | ramp=36/1 state=0 ev=0x13 rxen saved=0x80000016 cont=0x13f a=0x80000016 p=0x80000016 e=0x80000016 inten=0x00000140[0m
[00:26:48.717,747] [0m<inf> radiant_gate_mpsl: sw: n=35 wipe=0 ramp=35 wipe+ramp=0 rx=35 wipe+rx=0 | started=35 early=0/0us last=2635us | open lead=231us max=232us late=0 glen=4888 cc0=2888[0m
[00:26:48.717,782] [0m<inf> radiant_gate_mpsl: hiend: timer0=35 | lasted=2890us max=3486us | dur=2867us max=3463us short=0 | t0arm=31us stale=0[0m
[00:26:48.717,801] [0m<inf> radiant_gate_mpsl: gate: acq=37 in_grant=35/35 placed=38 granted=37 blocked=0 cancel=0 eagain=0 near=0 long=0 ext=87/0 dead=0 | den pend=0 anch=0 dist=0 degen=0 nosess=0 owed=0 | sent grant=1 dead=0 blk=0 supp=35 | end=37 (norm=37 rel=0 idle=0 late=0) | bad over=0 inval=0 unk=0 inl=0 | len=4888/4888 el=10000 skew=0 brun=0 sig=7 g=0 hw=0 p=1 rel=0 end=1 boot=0 anchor=1 owes=1[0m
[00:26:49.181,834] [0m<inf> radiant_api: SWEEP set=1 steer=0 dwell=0/260000 adv=1 sweeps=0 win=1 ok=2 searching=0 carrier=255 | chunks=1 preempt=0 missed=0 ebusy=0 rej=0 | pumps=526 hk=525 | scan_us=94200/1 track_us=12520/38 | end ok=0 abrt=0 miss=0 fail=0 deny=1 replan=0[0m
[00:26:49.717,887] [0m<inf> radiant_gate_mpsl: hi: acq=40 den=0 resv=0 pend=40 blk=0 grant=39[0m
[1;31m--- 4 messages dropped ---
[0m[00:26:50.230,806] [0m<inf> radiant_api: SWEEP set=1 steer=0 dwell=0/260000 adv=1 sweeps=0 win=1 ok=2 searching=0 carrier=255 | chunks=1 preempt=0 missed=0 ebusy=0 rej=0 | pumps=552 hk=551 | scan_us=94200/1 track_us=13336/42 | end ok=0 abrt=0 miss=0 fail=0 deny=1 replan=0[0m
[00:26:50.718,034] [0m<inf> radiant_gate_mpsl: hi: acq=44 den=0 resv=0 pend=44 blk=0 grant=43[0m
[00:26:50.718,046] [0m<inf> radiant_gate_mpsl: seam: grant=44 nostage=0 prog=44/0 | sigrad=88 sigt0=131 isr=88 end=45 dis=0 term=1 | ramp=44/1 state=0 ev=0x13 rxen saved=0x80000016 cont=0x13f a=0x80000016 p=0x80000016 e=0x80000016 inten=0x00000140[0m
[00:26:50.718,056] [0m<inf> radiant_gate_mpsl: sw: n=43 wipe=0 ramp=43 wipe+ramp=0 rx=43 wipe+rx=0 | started=43 early=0/0us last=2635us | open lead=231us max=232us late=0 glen=4888 cc0=2888[0m
[00:26:50.718,096] [0m<inf> radiant_gate_mpsl: hiend: timer0=43 | lasted=2890us max=3486us | dur=2867us max=3463us short=0 | t0arm=31us stale=0[0m
[00:26:50.718,125] [0m<inf> radiant_gate_mpsl: gate: acq=45 in_grant=43/43 placed=46 granted=45 blocked=0 cancel=0 eagain=0 near=0 long=0 ext=87/0 dead=0 | den pend=0 anch=0 dist=0 degen=0 nosess=0 owed=0 | sent grant=1 dead=0 blk=0 supp=43 | end=45 (norm=45 rel=0 idle=0 late=0) | bad over=0 inval=0 unk=0 inl=0 | len=4888/4888 el=10000 skew=0 brun=0 sig=7 g=0 hw=0 p=1 rel=0 end=1 boot=0 anchor=1 owes=1[0m
[00:26:51.279,729] [0m<inf> radiant_api: SWEEP set=1 steer=0 dwell=0/260000 adv=1 sweeps=0 win=1 ok=2 searching=0 carrier=255 | chunks=1 preempt=0 missed=0 ebusy=0 rej=0 | pumps=577 hk=576 | scan_us=94200/1 track_us=14152/46 | end ok=0 abrt=0 miss=0 fail=0 deny=1 replan=0[0m
[00:26:51.718,213] [0m<inf> radiant_gate_mpsl: hi: acq=48 den=0 resv=0 pend=48 blk=0 grant=47[0m
[00:26:51.718,227] [0m<inf> radiant_gate_mpsl: seam: grant=48 nostage=0 prog=48/0 | sigrad=96 sigt0=135 isr=96 end=49 dis=0 term=1 | ramp=48/1 state=0 ev=0x13 rxen saved=0x80000016 cont=0x13f a=0x80000016 p=0x80000016 e=0x80000016 inten=0x00000140[0m
[00:26:51.718,236] [0m<inf> radiant_gate_mpsl: sw: n=47 wipe=0 ramp=47 wipe+ramp=0 rx=47 wipe+rx=0 | started=47 early=0/0us last=2635us | open lead=231us max=232us late=0 glen=4888 cc0=2888[0m
[00:26:51.718,270] [0m<inf> radiant_gate_mpsl: hiend: timer0=47 | lasted=2890us max=3486us | dur=2866us max=3463us short=0 | t0arm=31us stale=0[0m
[00:26:51.718,289] [0m<inf> radiant_gate_mpsl: gate: acq=49 in_grant=47/47 placed=50 granted=49 blocked=0 cancel=0 eagain=0 near=0 long=0 ext=87/0 dead=0 | den pend=0 anch=0 dist=0 degen=0 nosess=0 owed=0 | sent grant=1 dead=0 blk=0 supp=47 | end=49 (norm=49 rel=0 idle=0 late=0) | bad over=0 inval=0 unk=0 inl=0 | len=4888/4888 el=10000 skew=0 brun=0 sig=7 g=0 hw=0 p=1 rel=0 end=1 boot=0 anchor=1 owes=1[0m
[00:26:52.328,659] [0m<inf> radiant_api: SWEEP set=1 steer=0 dwell=0/260000 adv=1 sweeps=0 win=1 ok=2 searching=0 carrier=255 | chunks=1 preempt=0 missed=0 ebusy=0 rej=0 | pumps=602 hk=601 | scan_us=94200/1 track_us=14968/50 | end ok=0 abrt=0 miss=0 fail=0 deny=1 replan=0[0m
[00:26:52.718,374] [0m<inf> radiant_gate_mpsl: hi: acq=52 den=0 resv=0 pend=52 blk=0 grant=51[0m
[1;31m--- 3 messages dropped ---
[0m[00:26:52.718,454] [0m<inf> radiant_gate_mpsl: gate: acq=53 in_grant=51/51 placed=54 granted=53 blocked=0 cancel=0 eagain=0 near=0 long=0 ext=87/0 dead=0 | den pend=0 anch=0 dist=0 degen=0 nosess=0 owed=0 | sent grant=1 dead=0 blk=0 supp=51 | end=53 (norm=53 rel=0 idle=0 late=0) | bad over=0 inval=0 unk=0 inl=0 | len=4888/4888 el=10000 skew=0 brun=0 sig=7 g=0 hw=0 p=1 rel=0 end=1 boot=0 anchor=1 owes=1[0m
[00:26:53.377,576] [0m<inf> radiant_api: SWEEP set=1 steer=0 dwell=0/260000 adv=1 sweeps=0 win=1 ok=2 searching=0 carrier=255 | chunks=1 preempt=0 missed=0 ebusy=0 rej=0 | pumps=627 hk=626 | scan_us=94200/1 track_us=15784/54 | end ok=0 abrt=0 miss=0 fail=0 deny=1 replan=0[0m
[00:26:53.718,521] [0m<inf> radiant_gate_mpsl: hi: acq=56 den=0 resv=0 pend=56 blk=0 grant=55[0m
[00:26:53.718,533] [0m<inf> radiant_gate_mpsl: seam: grant=56 nostage=0 prog=56/0 | sigrad=112 sigt0=143 isr=112 end=57 dis=0 term=1 | ramp=56/1 state=0 ev=0x13 rxen saved=0x80000016 cont=0x13f a=0x80000016 p=0x80000016 e=0x80000016 inten=0x00000140[0m
[00:26:53.718,543] [0m<inf> radiant_gate_mpsl: sw: n=55 wipe=0 ramp=55 wipe+ramp=0 rx=55 wipe+rx=0 | started=55 early=0/0us last=2634us | open lead=232us max=233us late=0 glen=4888 cc0=2888[0m
[00:26:53.718,583] [0m<inf> radiant_gate_mpsl: hiend: timer0=55 | lasted=2890us max=3486us | dur=2867us max=3463us short=0 | t0arm=31us stale=0[0m
[00:26:53.718,610] [0m<inf> radiant_gate_mpsl: gate: acq=57 in_grant=55/55 placed=58 granted=57 blocked=0 cancel=0 eagain=0 near=0 long=0 ext=87/0 dead=0 | den pend=0 anch=0 dist=0 degen=0 nosess=0 owed=0 | sent grant=1 dead=0 blk=0 supp=55 | end=57 (norm=57 rel=0 idle=0 late=0) | bad over=0 inval=0 unk=0 inl=0 | len=4888/4888 el=10000 skew=0 brun=0 sig=7 g=0 hw=0 p=1 rel=0 end=1 boot=0 anchor=1 owes=1[0m
[00:26:54.425,463] [0m<inf> radiant_api: SWEEP set=1 steer=0 dwell=0/260000 adv=1 sweeps=0 win=1 ok=2 searching=0 carrier=255 | chunks=1 preempt=0 missed=0 ebusy=0 rej=0 | pumps=652 hk=651 | scan_us=94200/1 track_us=16804/59 | end ok=0 abrt=0 miss=0 fail=0 deny=1 replan=0[0m
[00:26:54.718,701] [0m<inf> radiant_gate_mpsl: hi: acq=60 den=0 resv=0 pend=60 blk=0 grant=59[0m
[00:26:54.718,713] [0m<inf> radiant_gate_mpsl: seam: grant=60 nostage=0 prog=60/0 | sigrad=120 sigt0=147 isr=120 end=61 dis=0 term=1 | ramp=60/1 state=0 ev=0x13 rxen saved=0x80000016 cont=0x13f a=0x80000016 p=0x80000016 e=0x80000016 inten=0x00000140[0m
[00:26:54.718,723] [0m<inf> radiant_gate_mpsl: sw: n=59 wipe=0 ramp=59 wipe+ramp=0 rx=59 wipe+rx=0 | started=59 early=0/0us last=2635us | open lead=231us max=233us late=0 glen=4888 cc0=2888[0m
[00:26:54.718,757] [0m<inf> radiant_gate_mpsl: hiend: timer0=59 | lasted=2890us max=3486us | dur=2866us max=3463us short=0 | t0arm=31us stale=0[0m
[00:26:54.718,776] [0m<inf> radiant_gate_mpsl: gate: acq=61 in_grant=59/59 placed=62 granted=61 blocked=0 cancel=0 eagain=0 near=0 long=0 ext=87/0 dead=0 | den pend=0 anch=0 dist=0 degen=0 nosess=0 owed=0 | sent grant=1 dead=0 blk=0 supp=59 | end=61 (norm=61 rel=0 idle=0 late=0) | bad over=0 inval=0 unk=0 inl=0 | len=4888/4888 el=10000 skew=0 brun=0 sig=7 g=0 hw=0 p=1 rel=0 end=1 boot=0 anchor=1 owes=1[0m
[00:26:55.474,399] [0m<inf> radiant_api: SWEEP set=1 steer=0 dwell=0/260000 adv=1 sweeps=0 win=1 ok=2 searching=0 carrier=255 | chunks=1 preempt=0 missed=0 ebusy=0 rej=0 | pumps=678 hk=677 | scan_us=94200/1 track_us=17620/63 | end ok=0 abrt=0 miss=0 fail=0 deny=1 replan=0[0m
[00:26:55.718,833] [0m<inf> radiant_gate_mpsl: hi: acq=64 den=0 resv=0 pend=64 blk=0 grant=63[0m
[1;31m--- 4 messages dropped ---
[0m[00:26:56.523,367] [0m<inf> radiant_api: SWEEP set=1 steer=0 dwell=0/260000 adv=1 sweeps=0 win=1 ok=2 searching=0 carrier=255 | chunks=1 preempt=0 missed=0 ebusy=0 rej=0 | pumps=703 hk=702 | scan_us=94200/1 track_us=18436/67 | end ok=0 abrt=0 miss=0 fail=0 deny=1 replan=0[0m
[00:26:56.718,978] [0m<inf> radiant_gate_mpsl: hi: acq=68 den=0 resv=0 pend=68 blk=0 grant=67[0m
[00:26:56.718,990] [0m<inf> radiant_gate_mpsl: seam: grant=68 nostage=0 prog=68/0 | sigrad=136 sigt0=155 isr=136 end=69 dis=0 term=1 | ramp=68/1 state=0 ev=0x13 rxen saved=0x80000016 cont=0x13f a=0x80000016 p=0x80000016 e=0x80000016 inten=0x00000140[0m
[00:26:56.719,000] [0m<inf> radiant_gate_mpsl: sw: n=67 wipe=0 ramp=67 wipe+ramp=0 rx=67 wipe+rx=0 | started=67 early=0/0us last=2635us | open lead=231us max=233us late=0 glen=4888 cc0=2888[0m
[00:26:56.719,040] [0m<inf> radiant_gate_mpsl: hiend: timer0=67 | lasted=2890us max=3486us | dur=2867us max=3463us short=0 | t0arm=31us stale=0[0m
[00:26:56.719,071] [0m<inf> radiant_gate_mpsl: gate: acq=69 in_grant=67/67 placed=70 granted=69 blocked=0 cancel=0 eagain=0 near=0 long=0 ext=87/0 dead=0 | den pend=0 anch=0 dist=0 degen=0 nosess=0 owed=0 | sent grant=1 dead=0 blk=0 supp=67 | end=69 (norm=69 rel=0 idle=0 late=0) | bad over=0 inval=0 unk=0 inl=0 | len=4888/4888 el=10000 skew=0 brun=0 sig=7 g=0 hw=0 p=1 rel=0 end=1 boot=0 anchor=1 owes=1[0m
[00:26:57.572,291] [0m<inf> radiant_api: SWEEP set=1 steer=0 dwell=0/260000 adv=1 sweeps=0 win=1 ok=2 searching=0 carrier=255 | chunks=1 preempt=0 missed=0 ebusy=0 rej=0 | pumps=728 hk=727 | scan_us=94200/1 track_us=19252/71 | end ok=0 abrt=0 miss=0 fail=0 deny=1 replan=0[0m
[00:26:57.719,157] [0m<inf> radiant_gate_mpsl: hi: acq=72 den=0 resv=0 pend=72 blk=0 grant=71[0m
[00:26:57.719,169] [0m<inf> radiant_gate_mpsl: seam: grant=72 nostage=0 prog=72/0 | sigrad=144 sigt0=159 isr=144 end=73 dis=0 term=1 | ramp=72/1 state=0 ev=0x13 rxen saved=0x80000016 cont=0x13f a=0x80000016 p=0x80000016 e=0x80000016 inten=0x00000140[0m
[00:26:57.719,179] [0m<inf> radiant_gate_mpsl: sw: n=71 wipe=0 ramp=71 wipe+ramp=0 rx=71 wipe+rx=0 | started=71 early=0/0us last=2635us | open lead=231us max=233us late=0 glen=4888 cc0=2888[0m
[00:26:57.719,213] [0m<inf> radiant_gate_mpsl: hiend: timer0=71 | lasted=2890us max=3486us | dur=2866us max=3463us short=0 | t0arm=31us stale=0[0m
[00:26:57.719,232] [0m<inf> radiant_gate_mpsl: gate: acq=73 in_grant=71/71 placed=74 granted=73 blocked=0 cancel=0 eagain=0 near=0 long=0 ext=87/0 dead=0 | den pend=0 anch=0 dist=0 degen=0 nosess=0 owed=0 | sent grant=1 dead=0 blk=0 supp=71 | end=73 (norm=73 rel=0 idle=0 late=0) | bad over=0 inval=0 unk=0 inl=0 | len=4888/4888 el=10000 skew=0 brun=0 sig=7 g=0 hw=0 p=1 rel=0 end=1 boot=0 anchor=1 owes=1[0m
[00:26:58.621,188] [0m<inf> radiant_api: SWEEP set=1 steer=0 dwell=0/260000 adv=1 sweeps=0 win=1 ok=2 searching=0 carrier=255 | chunks=1 preempt=0 missed=0 ebusy=0 rej=0 | pumps=753 hk=752 | scan_us=94200/1 track_us=20068/75 | end ok=0 abrt=0 miss=0 fail=0 deny=1 replan=0[0m
[00:26:58.719,336] [0m<inf> radiant_gate_mpsl: hi: acq=76 den=0 resv=0 pend=76 blk=0 grant=75[0m
[1;31m--- 3 messages dropped ---
[0m[00:26:58.719,412] [0m<inf> radiant_gate_mpsl: gate: acq=77 in_grant=75/75 placed=78 granted=77 blocked=0 cancel=0 eagain=0 near=0 long=0 ext=87/0 dead=0 | den pend=0 anch=0 dist=0 degen=0 nosess=0 owed=0 | sent grant=1 dead=0 blk=0 supp=75 | end=77 (norm=77 rel=0 idle=0 late=0) | bad over=0 inval=0 unk=0 inl=0 | len=4888/4888 el=10000 skew=0 brun=0 sig=7 g=0 hw=0 p=1 rel=0 end=1 boot=0 anchor=1 owes=1[0m
[00:26:59.669,091] [0m<inf> radiant_api: SWEEP set=1 steer=0 dwell=0/260000 adv=1 sweeps=0 win=1 ok=2 searching=0 carrier=255 | chunks=1 preempt=0 missed=0 ebusy=0 rej=0 | pumps=778 hk=777 | scan_us=94200/1 track_us=21088/80 | end ok=0 abrt=0 miss=0 fail=0 deny=1 replan=0[0m
[00:26:59.719,461] [0m<inf> radiant_gate_mpsl: hi: acq=80 den=0 resv=0 pend=80 blk=0 grant=79[0m
[00:26:59.719,473] [0m<inf> radiant_gate_mpsl: seam: grant=80 nostage=0 prog=80/0 | sigrad=160 sigt0=167 isr=160 end=81 dis=0 term=1 | ramp=80/1 state=0 ev=0x13 rxen saved=0x80000016 cont=0x13f a=0x80000016 p=0x80000016 e=0x80000016 inten=0x00000140[0m
[00:26:59.719,482] [0m<inf> radiant_gate_mpsl: sw: n=79 wipe=0 ramp=79 wipe+ramp=0 rx=79 wipe+rx=0 | started=79 early=0/0us last=2635us | open lead=231us max=233us late=0 glen=4888 cc0=2888[0m
[00:26:59.719,514] [0m<inf> radiant_gate_mpsl: hiend: timer0=79 | lasted=2890us max=3486us | dur=2866us max=3463us short=0 | t0arm=31us stale=0[0m
[00:26:59.719,549] [0m<inf> radiant_gate_mpsl: gate: acq=81 in_grant=79/79 placed=82 granted=81 blocked=0 cancel=0 eagain=0 near=0 long=0 ext=87/0 dead=0 | den pend=0 anch=0 dist=0 degen=0 nosess=0 owed=0 | sent grant=1 dead=0 blk=0 supp=79 | end=81 (norm=81 rel=0 idle=0 late=0) | bad over=0 inval=0 unk=0 inl=0 | len=4888/4888 el=10000 skew=0 brun=0 sig=7 g=0 hw=0 p=1 rel=0 end=1 boot=0 anchor=1 owes=1[0m
[00:27:00.718,073] [0m<inf> radiant_api: SWEEP set=1 steer=0 dwell=0/260000 adv=1 sweeps=0 win=1 ok=2 searching=0 carrier=255 | chunks=1 preempt=0 missed=0 ebusy=0 rej=0 | pumps=804 hk=803 | scan_us=94200/1 track_us=21904/84 | end ok=0 abrt=0 miss=0 fail=0 deny=1 replan=0[0m
[1;31m--- 4 messages dropped ---
[0m[00:27:00.719,720] [0m<inf> radiant_gate_mpsl: gate: acq=85 in_grant=83/83 placed=86 granted=85 blocked=0 cancel=0 eagain=0 near=0 long=0 ext=87/0 dead=0 | den pend=0 anch=0 dist=0 degen=0 nosess=0 owed=0 | sent grant=1 dead=0 blk=0 supp=83 | end=85 (norm=85 rel=0 idle=0 late=0) | bad over=0 inval=0 unk=0 inl=0 | len=4888/4888 el=10000 skew=0 brun=0 sig=7 g=0 hw=0 p=1 rel=0 end=1 boot=0 anchor=1 owes=1[0m
[1;31m--- 3 messages dropped ---
[0m[00:27:01.719,861] [0m<inf> radiant_gate_mpsl: hiend: timer0=87 | lasted=2890us max=3486us | dur=2867us max=3463us short=0 | t0arm=31us stale=0[0m
[00:27:01.719,886] [0m<inf> radiant_gate_mpsl: gate: acq=89 in_grant=87/87 placed=90 granted=89 blocked=0 cancel=0 eagain=0 near=0 long=0 ext=87/0 dead=0 | den pend=0 anch=0 dist=0 degen=0 nosess=0 owed=0 | sent grant=1 dead=0 blk=0 supp=87 | end=89 (norm=89 rel=0 idle=0 late=0) | bad over=0 inval=0 unk=0 inl=0 | len=4888/4888 el=10000 skew=0 brun=0 sig=7 g=0 hw=0 p=1 rel=0 end=1 boot=0 anchor=1 owes=1[0m
[00:27:01.767,010] [0m<inf> radiant_api: SWEEP set=1 steer=0 dwell=0/260000 adv=1 sweeps=0 win=1 ok=2 searching=0 carrier=255 | chunks=1 preempt=0 missed=0 ebusy=0 rej=0 | pumps=829 hk=828 | scan_us=94200/1 track_us=22720/88 | end ok=0 abrt=0 miss=0 fail=0 deny=1 replan=0[0m
[00:27:02.719,972] [0m<inf> radiant_gate_mpsl: hi: acq=92 den=0 resv=0 pend=92 blk=0 grant=91[0m
[1;31m--- 4 messages dropped ---
[0m[00:27:02.815,929] [0m<inf> radiant_api: SWEEP set=1 steer=0 dwell=0/260000 adv=1 sweeps=0 win=1 ok=2 searching=0 carrier=255 | chunks=1 preempt=0 missed=0 ebusy=0 rej=0 | pumps=854 hk=853 | scan_us=94200/1 track_us=23536/92 | end ok=0 abrt=0 miss=0 fail=0 deny=1 replan=0[0m
[00:27:03.720,121] [0m<inf> radiant_gate_mpsl: hi: acq=96 den=0 resv=0 pend=96 blk=0 grant=95[0m
[00:27:03.720,133] [0m<inf> radiant_gate_mpsl: seam: grant=96 nostage=0 prog=96/0 | sigrad=192 sigt0=183 isr=192 end=97 dis=0 term=1 | ramp=96/1 state=0 ev=0x13 rxen saved=0x80000016 cont=0x13f a=0x80000016 p=0x80000016 e=0x80000016 inten=0x00000140[0m
[00:27:03.720,144] [0m<inf> radiant_gate_mpsl: sw: n=95 wipe=0 ramp=95 wipe+ramp=0 rx=95 wipe+rx=0 | started=95 early=0/0us last=2636us | open lead=231us max=233us late=0 glen=4888 cc0=2888[0m
[00:27:03.720,183] [0m<inf> radiant_gate_mpsl: hiend: timer0=95 | lasted=2889us max=3486us | dur=2866us max=3463us short=0 | t0arm=31us stale=0[0m
[00:27:03.720,212] [0m<inf> radiant_gate_mpsl: gate: acq=97 in_grant=95/95 placed=98 granted=97 blocked=0 cancel=0 eagain=0 near=0 long=0 ext=87/0 dead=0 | den pend=0 anch=0 dist=0 degen=0 nosess=0 owed=0 | sent grant=1 dead=0 blk=0 supp=95 | end=97 (norm=97 rel=0 idle=0 late=0) | bad over=0 inval=0 unk=0 inl=0 | len=4888/4888 el=10000 skew=0 brun=0 sig=7 g=0 hw=0 p=1 rel=0 end=1 boot=0 anchor=1 owes=1[0m
[00:27:03.864,849] [0m<inf> radiant_api: SWEEP set=1 steer=0 dwell=0/260000 adv=1 sweeps=0 win=1 ok=2 searching=0 carrier=255 | chunks=1 preempt=0 missed=0 ebusy=0 rej=0 | pumps=879 hk=878 | scan_us=94200/1 track_us=24352/96 | end ok=0 abrt=0 miss=0 fail=0 deny=1 replan=0[0m
[00:27:04.720,298] [0m<inf> radiant_gate_mpsl: hi: acq=100 den=0 resv=0 pend=100 blk=0 grant=99[0m
[00:27:04.720,310] [0m<inf> radiant_gate_mpsl: seam: grant=100 nostage=0 prog=100/0 | sigrad=200 sigt0=187 isr=200 end=101 dis=0 term=1 | ramp=100/1 state=0 ev=0x13 rxen saved=0x80000016 cont=0x13f a=0x80000016 p=0x80000016 e=0x80000016 inten=0x00000140[0m
[00:27:04.720,320] [0m<inf> radiant_gate_mpsl: sw: n=99 wipe=0 ramp=99 wipe+ramp=0 rx=99 wipe+rx=0 | started=99 early=0/0us last=2635us | open lead=231us max=233us late=0 glen=4888 cc0=2888[0m
[00:27:04.720,354] [0m<inf> radiant_gate_mpsl: hiend: timer0=99 | lasted=2890us max=3486us | dur=2867us max=3463us short=0 | t0arm=31us stale=0[0m
[00:27:04.720,374] [0m<inf> radiant_gate_mpsl: gate: acq=101 in_grant=99/99 placed=102 granted=101 blocked=0 cancel=0 eagain=0 near=0 long=0 ext=87/0 dead=0 | den pend=0 anch=0 dist=0 degen=0 nosess=0 owed=0 | sent grant=1 dead=0 blk=0 supp=99 | end=101 (norm=101 rel=0 idle=0 late=0) | bad over=0 inval=0 unk=0 inl=0 | len=4888/4888 el=10000 skew=0 brun=0 sig=7 g=0 hw=0 p=1 rel=0 end=1 boot=0 anchor=1 owes=1[0m
[00:27:04.912,726] [0m<inf> radiant_api: SWEEP set=1 steer=0 dwell=0/260000 adv=1 sweeps=0 win=1 ok=2 searching=0 carrier=255 | chunks=1 preempt=0 missed=0 ebusy=0 rej=0 | pumps=904 hk=903 | scan_us=94200/1 track_us=25372/101 | end ok=0 abrt=0 miss=0 fail=0 deny=1 replan=0[0m
[00:27:05.720,429] [0m<inf> radiant_gate_mpsl: hi: acq=104 den=0 resv=0 pend=104 blk=0 grant=103[0m
[1;31m--- 3 messages dropped ---
[0m[00:27:05.720,508] [0m<inf> radiant_gate_mpsl: gate: acq=105 in_grant=103/103 placed=106 granted=105 blocked=0 cancel=0 eagain=0 near=0 long=0 ext=87/0 dead=0 | den pend=0 anch=0 dist=0 degen=0 nosess=0 owed=0 | sent grant=1 dead=0 blk=0 supp=103 | end=105 (norm=105 rel=0 idle=0 late=0) | bad over=0 inval=0 unk=0 inl=0 | len=4888/4888 el=10000 skew=0 brun=0 sig=7 g=0 hw=0 p=1 rel=0 end=1 boot=0 anchor=1 owes=1[0m
[00:27:05.961,704] [0m<inf> radiant_api: SWEEP set=1 steer=0 dwell=0/260000 adv=1 sweeps=0 win=1 ok=2 searching=0 carrier=255 | chunks=1 preempt=0 missed=0 ebusy=0 rej=0 | pumps=930 hk=929 | scan_us=94200/1 track_us=26188/105 | end ok=0 abrt=0 miss=0 fail=0 deny=1 replan=0[0m
[00:27:06.720,580] [0m<inf> radiant_gate_mpsl: hi: acq=108 den=0 resv=0 pend=108 blk=0 grant=107[0m
[00:27:06.720,591] [0m<inf> radiant_gate_mpsl: seam: grant=108 nostage=0 prog=108/0 | sigrad=216 sigt0=195 isr=216 end=109 dis=0 term=1 | ramp=108/1 state=0 ev=0x13 rxen saved=0x80000016 cont=0x13f a=0x80000016 p=0x80000016 e=0x80000016 inten=0x00000140[0m
[00:27:06.720,601] [0m<inf> radiant_gate_mpsl: sw: n=107 wipe=0 ramp=107 wipe+ramp=0 rx=107 wipe+rx=0 | started=107 early=0/0us last=2635us | open lead=231us max=233us late=0 glen=4888 cc0=2888[0m
[00:27:06.720,633] [0m<inf> radiant_gate_mpsl: hiend: timer0=107 | lasted=2889us max=3486us | dur=2866us max=3463us short=0 | t0arm=31us stale=0[0m
[00:27:06.720,668] [0m<inf> radiant_gate_mpsl: gate: acq=109 in_grant=107/107 placed=110 granted=109 blocked=0 cancel=0 eagain=0 near=0 long=0 ext=87/0 dead=0 | den pend=0 anch=0 dist=0 degen=0 nosess=0 owed=0 | sent grant=1 dead=0 blk=0 supp=107 | end=109 (norm=109 rel=0 idle=0 late=0) | bad over=0 inval=0 unk=0 inl=0 | len=4888/4888 el=10000 skew=0 brun=0 sig=7 g=0 hw=0 p=1 rel=0 end=1 boot=0 anchor=1 owes=1[0m
[00:27:07.010,628] [0m<inf> radiant_api: SWEEP set=1 steer=0 dwell=0/260000 adv=1 sweeps=0 win=1 ok=2 searching=0 carrier=255 | chunks=1 preempt=0 missed=0 ebusy=0 rej=0 | pumps=955 hk=954 | scan_us=94200/1 track_us=27004/109 | end ok=0 abrt=0 miss=0 fail=0 deny=1 replan=0[0m
[00:27:07.720,722] [0m<inf> radiant_gate_mpsl: hi: acq=112 den=0 resv=0 pend=112 blk=0 grant=111[0m
[00:27:07.720,734] [0m<inf> radiant_gate_mpsl: seam: grant=112 nostage=0 prog=112/0 | sigrad=224 sigt0=199 isr=224 end=113 dis=0 term=1 | ramp=112/1 state=0 ev=0x13 rxen saved=0x80000016 cont=0x13f a=0x80000016 p=0x80000016 e=0x80000016 inten=0x00000140[0m
[00:27:07.720,744] [0m<inf> radiant_gate_mpsl: sw: n=111 wipe=0 ramp=111 wipe+ramp=0 rx=111 wipe+rx=0 | started=111 early=0/0us last=2635us | open lead=231us max=233us late=0 glen=4888 cc0=2888[0m
[00:27:07.720,780] [0m<inf> radiant_gate_mpsl: hiend: timer0=111 | lasted=2890us max=3486us | dur=2867us max=3463us short=0 | t0arm=31us stale=0[0m
[00:27:07.720,799] [0m<inf> radiant_gate_mpsl: gate: acq=113 in_grant=111/111 placed=114 granted=113 blocked=0 cancel=0 eagain=0 near=0 long=0 ext=87/0 dead=0 | den pend=0 anch=0 dist=0 degen=0 nosess=0 owed=0 | sent grant=1 dead=0 blk=0 supp=111 | end=113 (norm=113 rel=0 idle=0 late=0) | bad over=0 inval=0 unk=0 inl=0 | len=4888/4888 el=10000 skew=0 brun=0 sig=7 g=0 hw=0 p=1 rel=0 end=1 boot=0 anchor=1 owes=1[0m
[00:27:08.059,527] [0m<inf> radiant_api: SWEEP set=1 steer=0 dwell=0/260000 adv=1 sweeps=0 win=1 ok=2 searching=0 carrier=255 | chunks=1 preempt=0 missed=0 ebusy=0 rej=0 | pumps=980 hk=979 | scan_us=94200/1 track_us=27820/113 | end ok=0 abrt=0 miss=0 fail=0 deny=1 replan=0[0m
[00:27:08.720,884] [0m<inf> radiant_gate_mpsl: hi: acq=116 den=0 resv=0 pend=116 blk=0 grant=115[0m
[1;31m--- 4 messages dropped ---
[0m[00:27:09.108,477] [0m<inf> radiant_api: SWEEP set=1 steer=0 dwell=0/260000 adv=1 sweeps=0 win=1 ok=2 searching=0 carrier=255 | chunks=1 preempt=0 missed=0 ebusy=0 rej=0 | pumps=1005 hk=1004 | scan_us=94200/1 track_us=28636/117 | end ok=0 abrt=0 miss=0 fail=0 deny=1 replan=0[0m
[00:27:09.721,034] [0m<inf> radiant_gate_mpsl: hi: acq=120 den=0 resv=0 pend=120 blk=0 grant=119[0m
[00:27:09.721,046] [0m<inf> radiant_gate_mpsl: seam: grant=120 nostage=0 prog=120/0 | sigrad=240 sigt0=207 isr=240 end=121 dis=0 term=1 | ramp=120/1 state=0 ev=0x13 rxen saved=0x80000016 cont=0x13f a=0x80000016 p=0x80000016 e=0x80000016 inten=0x00000140[0m
[00:27:09.721,056] [0m<inf> radiant_gate_mpsl: sw: n=119 wipe=0 ramp=119 wipe+ramp=0 rx=119 wipe+rx=0 | started=119 early=0/0us last=2635us | open lead=231us max=233us late=0 glen=4888 cc0=2888[0m
[00:27:09.721,097] [0m<inf> radiant_gate_mpsl: hiend: timer0=119 | lasted=2889us max=3486us | dur=2866us max=3463us short=0 | t0arm=31us stale=0[0m
[00:27:09.721,126] [0m<inf> radiant_gate_mpsl: gate: acq=121 in_grant=119/119 placed=122 granted=121 blocked=0 cancel=0 eagain=1 near=0 long=0 ext=87/0 dead=0 | den pend=0 anch=0 dist=0 degen=0 nosess=0 owed=0 | sent grant=1 dead=0 blk=0 supp=119 | end=121 (norm=121 rel=0 idle=0 late=0) | bad over=0 inval=0 unk=0 inl=0 | len=4888/4888 el=10000 skew=0 brun=0 sig=7 g=0 hw=0 p=1 rel=0 end=1 boot=0 anchor=1 owes=1[0m
[00:27:10.156,350] [0m<inf> radiant_api: SWEEP set=1 steer=0 dwell=0/260000 adv=1 sweeps=0 win=1 ok=2 searching=0 carrier=255 | chunks=1 preempt=0 missed=0 ebusy=0 rej=0 | pumps=1030 hk=1029 | scan_us=94200/1 track_us=29656/122 | end ok=0 abrt=0 miss=0 fail=0 deny=1 replan=0[0m
[00:27:10.721,211] [0m<inf> radiant_gate_mpsl: hi: acq=124 den=0 resv=0 pend=124 blk=0 grant=123[0m
[00:27:10.721,225] [0m<inf> radiant_gate_mpsl: seam: grant=124 nostage=0 prog=124/0 | sigrad=248 sigt0=211 isr=248 end=125 dis=0 term=1 | ramp=124/1 state=0 ev=0x13 rxen saved=0x80000016 cont=0x13f a=0x80000016 p=0x80000016 e=0x80000016 inten=0x00000140[0m
[00:27:10.721,234] [0m<inf> radiant_gate_mpsl: sw: n=123 wipe=0 ramp=123 wipe+ramp=0 rx=123 wipe+rx=0 | started=123 early=0/0us last=2635us | open lead=231us max=233us late=0 glen=4888 cc0=2888[0m
[00:27:10.721,269] [0m<inf> radiant_gate_mpsl: hiend: timer0=123 | lasted=2890us max=3486us | dur=2867us max=3463us short=0 | t0arm=31us stale=0[0m
[00:27:10.721,287] [0m<inf> radiant_gate_mpsl: gate: acq=125 in_grant=123/123 placed=126 granted=125 blocked=0 cancel=0 eagain=1 near=0 long=0 ext=87/0 dead=0 | den pend=0 anch=0 dist=0 degen=0 nosess=0 owed=0 | sent grant=1 dead=0 blk=0 supp=123 | end=125 (norm=125 rel=0 idle=0 late=0) | bad over=0 inval=0 unk=0 inl=0 | len=4888/4888 el=10000 skew=0 brun=0 sig=7 g=0 hw=0 p=1 rel=0 end=1 boot=0 anchor=1 owes=1[0m
[00:27:11.205,322] [0m<inf> radiant_api: SWEEP set=1 steer=0 dwell=0/260000 adv=1 sweeps=0 win=1 ok=2 searching=0 carrier=255 | chunks=1 preempt=0 missed=0 ebusy=0 rej=0 | pumps=1056 hk=1055 | scan_us=94200/1 track_us=30472/126 | end ok=0 abrt=0 miss=0 fail=0 deny=1 replan=0[0m
[00:27:11.721,372] [0m<inf> radiant_gate_mpsl: hi: acq=128 den=0 resv=0 pend=128 blk=0 grant=127[0m
[1;31m--- 3 messages dropped ---
[0m[00:27:11.721,453] [0m<inf> radiant_gate_mpsl: gate: acq=129 in_grant=127/127 placed=130 granted=129 blocked=0 cancel=0 eagain=1 near=0 long=0 ext=87/0 dead=0 | den pend=0 anch=0 dist=0 degen=0 nosess=0 owed=0 | sent grant=1 dead=0 blk=0 supp=127 | end=129 (norm=129 rel=0 idle=0 late=0) | bad over=0 inval=0 unk=0 inl=0 | len=4888/4888 el=10000 skew=0 brun=0 sig=7 g=0 hw=0 p=1 rel=0 end=1 boot=0 anchor=1 owes=1[0m
[00:27:12.254,259] [0m<inf> radiant_api: SWEEP set=1 steer=0 dwell=0/260000 adv=1 sweeps=0 win=1 ok=2 searching=0 carrier=255 | chunks=1 preempt=0 missed=0 ebusy=0 rej=0 | pumps=1081 hk=1080 | scan_us=94200/1 track_us=31288/130 | end ok=0 abrt=0 miss=0 fail=0 deny=1 replan=0[0m
[00:27:12.721,522] [0m<inf> radiant_gate_mpsl: hi: acq=132 den=0 resv=0 pend=132 blk=0 grant=131[0m
[00:27:12.721,534] [0m<inf> radiant_gate_mpsl: seam: grant=132 nostage=0 prog=132/0 | sigrad=264 sigt0=219 isr=264 end=133 dis=0 term=1 | ramp=132/1 state=0 ev=0x13 rxen saved=0x80000016 cont=0x13f a=0x80000016 p=0x80000016 e=0x80000016 inten=0x00000140[0m
[00:27:12.721,544] [0m<inf> radiant_gate_mpsl: sw: n=131 wipe=0 ramp=131 wipe+ramp=0 rx=131 wipe+rx=0 | started=131 early=0/0us last=2635us | open lead=231us max=233us late=0 glen=4888 cc0=2888[0m
[00:27:12.721,585] [0m<inf> radiant_gate_mpsl: hiend: timer0=131 | lasted=2890us max=3486us | dur=2867us max=3463us short=0 | t0arm=31us stale=0[0m
[00:27:12.721,612] [0m<inf> radiant_gate_mpsl: gate: acq=133 in_grant=131/131 placed=134 granted=133 blocked=0 cancel=0 eagain=1 near=0 long=0 ext=87/0 dead=0 | den pend=0 anch=0 dist=0 degen=0 nosess=0 owed=0 | sent grant=1 dead=0 blk=0 supp=131 | end=133 (norm=133 rel=0 idle=0 late=0) | bad over=0 inval=0 unk=0 inl=0 | len=4888/4888 el=10000 skew=0 brun=0 sig=7 g=0 hw=0 p=1 rel=0 end=1 boot=0 anchor=1 owes=1[0m
[00:27:13.303,186] [0m<inf> radiant_api: SWEEP set=1 steer=0 dwell=0/260000 adv=1 sweeps=0 win=1 ok=2 searching=0 carrier=255 | chunks=1 preempt=0 missed=0 ebusy=0 rej=0 | pumps=1106 hk=1105 | scan_us=94200/1 track_us=32104/134 | end ok=0 abrt=0 miss=0 fail=0 deny=1 replan=0[0m
[00:27:13.721,699] [0m<inf> radiant_gate_mpsl: hi: acq=136 den=0 resv=0 pend=136 blk=0 grant=135[0m
[00:27:13.721,711] [0m<inf> radiant_gate_mpsl: seam: grant=136 nostage=0 prog=136/0 | sigrad=272 sigt0=223 isr=272 end=137 dis=0 term=1 | ramp=136/1 state=0 ev=0x13 rxen saved=0x80000016 cont=0x13f a=0x80000016 p=0x80000016 e=0x80000016 inten=0x00000140[0m
[00:27:13.721,721] [0m<inf> radiant_gate_mpsl: sw: n=135 wipe=0 ramp=135 wipe+ramp=0 rx=135 wipe+rx=0 | started=135 early=0/0us last=2635us | open lead=231us max=233us late=0 glen=4888 cc0=2888[0m
[00:27:13.721,755] [0m<inf> radiant_gate_mpsl: hiend: timer0=135 | lasted=2890us max=3486us | dur=2866us max=3463us short=0 | t0arm=31us stale=0[0m
[00:27:13.721,774] [0m<inf> radiant_gate_mpsl: gate: acq=137 in_grant=135/135 placed=138 granted=137 blocked=0 cancel=0 eagain=1 near=0 long=0 ext=87/0 dead=0 | den pend=0 anch=0 dist=0 degen=0 nosess=0 owed=0 | sent grant=1 dead=0 blk=0 supp=135 | end=137 (norm=137 rel=0 idle=0 late=0) | bad over=0 inval=0 unk=0 inl=0 | len=4888/4888 el=10000 skew=0 brun=0 sig=7 g=0 hw=0 p=1 rel=0 end=1 boot=0 anchor=1 owes=1[0m
[00:27:14.352,074] [0m<inf> radiant_api: SWEEP set=1 steer=0 dwell=0/260000 adv=1 sweeps=0 win=1 ok=2 searching=0 carrier=255 | chunks=1 preempt=0 missed=0 ebusy=0 rej=0 | pumps=1131 hk=1130 | scan_us=94200/1 track_us=32920/138 | end ok=0 abrt=0 miss=0 fail=0 deny=1 replan=0[0m
[00:27:14.721,852] [0m<inf> radiant_gate_mpsl: hi: acq=140 den=0 resv=0 pend=140 blk=0 grant=139[0m
[1;31m--- 4 messages dropped ---
[0m[00:27:15.399,982] [0m<inf> radiant_api: SWEEP set=1 steer=0 dwell=0/260000 adv=1 sweeps=0 win=1 ok=2 searching=0 carrier=255 | chunks=1 preempt=0 missed=0 ebusy=0 rej=0 | pumps=1156 hk=1155 | scan_us=94200/1 track_us=33940/143 | end ok=0 abrt=0 miss=0 fail=0 deny=1 replan=0[0m
[00:27:15.722,002] [0m<inf> radiant_gate_mpsl: hi: acq=144 den=0 resv=0 pend=144 blk=0 grant=143[0m
[00:27:15.722,014] [0m<inf> radiant_gate_mpsl: seam: grant=144 nostage=0 prog=144/0 | sigrad=288 sigt0=231 isr=288 end=145 dis=0 term=1 | ramp=144/1 state=0 ev=0x13 rxen saved=0x80000016 cont=0x13f a=0x80000016 p=0x80000016 e=0x80000016 inten=0x00000140[0m
[00:27:15.722,024] [0m<inf> radiant_gate_mpsl: sw: n=143 wipe=0 ramp=143 wipe+ramp=0 rx=143 wipe+rx=0 | started=143 early=0/0us last=2635us | open lead=231us max=233us late=0 glen=4888 cc0=2888[0m
[00:27:15.722,064] [0m<inf> radiant_gate_mpsl: hiend: timer0=143 | lasted=2890us max=3486us | dur=2867us max=3463us short=0 | t0arm=31us stale=0[0m
[00:27:15.722,095] [0m<inf> radiant_gate_mpsl: gate: acq=145 in_grant=143/143 placed=146 granted=145 blocked=0 cancel=0 eagain=1 near=0 long=0 ext=87/0 dead=0 | den pend=0 anch=0 dist=0 degen=0 nosess=0 owed=0 | sent grant=1 dead=0 blk=0 supp=143 | end=145 (norm=145 rel=0 idle=0 late=0) | bad over=0 inval=0 unk=0 inl=0 | len=4888/4888 el=10000 skew=0 brun=0 sig=7 g=0 hw=0 p=1 rel=0 end=1 boot=0 anchor=1 owes=1[0m
[00:27:16.448,964] [0m<inf> radiant_api: SWEEP set=1 steer=0 dwell=0/260000 adv=1 sweeps=0 win=1 ok=2 searching=0 carrier=255 | chunks=1 preempt=0 missed=0 ebusy=0 rej=0 | pumps=1182 hk=1181 | scan_us=94200/1 track_us=34756/147 | end ok=0 abrt=0 miss=0 fail=0 deny=1 replan=0[0m
[00:27:16.722,180] [0m<inf> radiant_gate_mpsl: hi: acq=148 den=0 resv=0 pend=148 blk=0 grant=147[0m
[00:27:16.722,192] [0m<inf> radiant_gate_mpsl: seam: grant=148 nostage=0 prog=148/0 | sigrad=296 sigt0=235 isr=296 end=149 dis=0 term=1 | ramp=148/1 state=0 ev=0x13 rxen saved=0x80000016 cont=0x13f a=0x80000016 p=0x80000016 e=0x80000016 inten=0x00000140[0m
[00:27:16.722,202] [0m<inf> radiant_gate_mpsl: sw: n=147 wipe=0 ramp=147 wipe+ramp=0 rx=147 wipe+rx=0 | started=147 early=0/0us last=2635us | open lead=231us max=233us late=0 glen=4888 cc0=2888[0m
[00:27:16.722,236] [0m<inf> radiant_gate_mpsl: hiend: timer0=147 | lasted=2890us max=3486us | dur=2866us max=3463us short=0 | t0arm=31us stale=0[0m
[00:27:16.722,255] [0m<inf> radiant_gate_mpsl: gate: acq=149 in_grant=147/147 placed=150 granted=149 blocked=0 cancel=0 eagain=1 near=0 long=0 ext=87/0 dead=0 | den pend=0 anch=0 dist=0 degen=0 nosess=0 owed=0 | sent grant=1 dead=0 blk=0 supp=147 | end=149 (norm=149 rel=0 idle=0 late=0) | bad over=0 inval=0 unk=0 inl=0 | len=4888/4888 el=10000 skew=0 brun=0 sig=7 g=0 hw=0 p=1 rel=0 end=1 boot=0 anchor=1 owes=1[0m
[00:27:17.497,858] [0m<inf> radiant_api: SWEEP set=1 steer=0 dwell=0/260000 adv=1 sweeps=0 win=1 ok=2 searching=0 carrier=255 | chunks=1 preempt=0 missed=0 ebusy=0 rej=0 | pumps=1207 hk=1206 | scan_us=94200/1 track_us=35572/151 | end ok=0 abrt=0 miss=0 fail=0 deny=1 replan=0[0m
[00:27:17.722,346] [0m<inf> radiant_gate_mpsl: hi: acq=152 den=0 resv=0 pend=152 blk=0 grant=151[0m
[1;31m--- 3 messages dropped ---
[0m[00:27:17.722,425] [0m<inf> radiant_gate_mpsl: gate: acq=153 in_grant=151/151 placed=154 granted=153 blocked=0 cancel=0 eagain=1 near=0 long=0 ext=87/0 dead=0 | den pend=0 anch=0 dist=0 degen=0 nosess=0 owed=0 | sent grant=1 dead=0 blk=0 supp=151 | end=153 (norm=153 rel=0 idle=0 late=0) | bad over=0 inval=0 unk=0 inl=0 | len=4888/4888 el=10000 skew=0 brun=0 sig=7 g=0 hw=0 p=1 rel=0 end=1 boot=0 anchor=1 owes=1[0m
[00:27:18.546,812] [0m<inf> radiant_api: SWEEP set=1 steer=0 dwell=0/260000 adv=1 sweeps=0 win=1 ok=2 searching=0 carrier=255 | chunks=1 preempt=0 missed=0 ebusy=0 rej=0 | pumps=1232 hk=1231 | scan_us=94200/1 track_us=36388/155 | end ok=0 abrt=0 miss=0 fail=0 deny=1 replan=0[0m
[00:27:18.722,492] [0m<inf> radiant_gate_mpsl: hi: acq=156 den=0 resv=0 pend=156 blk=0 grant=155[0m
[00:27:18.722,504] [0m<inf> radiant_gate_mpsl: seam: grant=156 nostage=0 prog=156/0 | sigrad=312 sigt0=243 isr=312 end=157 dis=0 term=1 | ramp=156/1 state=0 ev=0x13 rxen saved=0x80000016 cont=0x13f a=0x80000016 p=0x80000016 e=0x80000016 inten=0x00000140[0m
[00:27:18.722,514] [0m<inf> radiant_gate_mpsl: sw: n=155 wipe=0 ramp=155 wipe+ramp=0 rx=155 wipe+rx=0 | started=155 early=0/0us last=2635us | open lead=231us max=233us late=0 glen=4888 cc0=2888[0m
[00:27:18.722,546] [0m<inf> radiant_gate_mpsl: hiend: timer0=155 | lasted=2890us max=3486us | dur=2867us max=3463us short=0 | t0arm=31us stale=0[0m
[00:27:18.722,581] [0m<inf> radiant_gate_mpsl: gate: acq=157 in_grant=155/155 placed=158 granted=157 blocked=0 cancel=0 eagain=1 near=0 long=0 ext=87/0 dead=0 | den pend=0 anch=0 dist=0 degen=0 nosess=0 owed=0 | sent grant=1 dead=0 blk=0 supp=155 | end=157 (norm=157 rel=0 idle=0 late=0) | bad over=0 inval=0 unk=0 inl=0 | len=4888/4888 el=10000 skew=0 brun=0 sig=7 g=0 hw=0 p=1 rel=0 end=1 boot=0 anchor=1 owes=1[0m
[00:27:19.595,736] [0m<inf> radiant_api: SWEEP set=1 steer=0 dwell=0/260000 adv=1 sweeps=0 win=1 ok=2 searching=0 carrier=255 | chunks=1 preempt=0 missed=0 ebusy=0 rej=0 | pumps=1257 hk=1256 | scan_us=94200/1 track_us=37204/159 | end ok=0 abrt=0 miss=0 fail=0 deny=1 replan=0[0m
[00:27:19.722,667] [0m<inf> radiant_gate_mpsl: hi: acq=160 den=0 resv=0 pend=160 blk=0 grant=159[0m
[00:27:19.722,679] [0m<inf> radiant_gate_mpsl: seam: grant=160 nostage=0 prog=160/0 | sigrad=320 sigt0=247 isr=320 end=161 dis=0 term=1 | ramp=160/1 state=0 ev=0x13 rxen saved=0x80000016 cont=0x13f a=0x80000016 p=0x80000016 e=0x80000016 inten=0x00000140[0m
[00:27:19.722,689] [0m<inf> radiant_gate_mpsl: sw: n=159 wipe=0 ramp=159 wipe+ramp=0 rx=159 wipe+rx=0 | started=159 early=0/0us last=2635us | open lead=231us max=233us late=0 glen=4888 cc0=2888[0m
[00:27:19.722,723] [0m<inf> radiant_gate_mpsl: hiend: timer0=159 | lasted=2890us max=3486us | dur=2866us max=3463us short=0 | t0arm=31us stale=0[0m
[00:27:19.722,742] [0m<inf> radiant_gate_mpsl: gate: acq=161 in_grant=159/159 placed=162 granted=161 blocked=0 cancel=0 eagain=2 near=0 long=0 ext=87/0 dead=0 | den pend=0 anch=0 dist=0 degen=0 nosess=0 owed=0 | sent grant=1 dead=0 blk=0 supp=159 | end=161 (norm=161 rel=0 idle=0 late=0) | bad over=0 inval=0 unk=0 inl=0 | len=4888/4888 el=10000 skew=0 brun=0 sig=7 g=0 hw=0 p=1 rel=0 end=1 boot=0 anchor=1 owes=1[0m
[00:27:20.643,617] [0m<inf> radiant_api: SWEEP set=1 steer=0 dwell=0/260000 adv=1 sweeps=0 win=1 ok=2 searching=0 carrier=255 | chunks=1 preempt=0 missed=0 ebusy=0 rej=0 | pumps=1282 hk=1281 | scan_us=94200/1 track_us=38224/164 | end ok=0 abrt=0 miss=0 fail=0 deny=1 replan=0[0m
[00:27:20.722,784] [0m<inf> radiant_gate_mpsl: hi: acq=164 den=0 resv=0 pend=164 blk=0 grant=163[0m
[00:27:20.722,796] [0m<inf> radiant_gate_mpsl: seam: grant=164 nostage=0 prog=164/0 | sigrad=328 sigt0=251 isr=328 end=165 dis=0 term=1 | ramp=164/1 state=0 ev=0x13 rxen saved=0x80000016 cont=0x13f a=0x80000016 p=0x80000016 e=0x80000016 inten=0x00000140[0m
[00:27:20.722,806] [0m<inf> radiant_gate_mpsl: sw: n=163 wipe=0 ramp=163 wipe+ramp=0 rx=163 wipe+rx=0 | started=163 early=0/0us last=2636us | open lead=230us max=233us late=0 glen=4888 cc0=2888[0m
[00:27:20.722,837] [0m<inf> radiant_gate_mpsl: hiend: timer0=163 | lasted=2890us max=3486us | dur=2866us max=3463us short=0 | t0arm=31us stale=0[0m
[00:27:20.722,855] [0m<inf> radiant_gate_mpsl: gate: acq=165 in_grant=163/163 placed=166 granted=165 blocked=0 cancel=0 eagain=2 near=0 long=0 ext=87/0 dead=0 | den pend=0 anch=0 dist=0 degen=0 nosess=0 owed=0 | sent grant=1 dead=0 blk=0 supp=163 | end=165 (norm=165 rel=0 idle=0 late=0) | bad over=0 inval=0 unk=0 inl=0 | len=4888/4888 el=10000 skew=0 brun=0 sig=7 g=0 hw=0 p=1 rel=0 end=1 boot=0 anchor=1 owes=1[0m
[00:27:21.692,593] [0m<inf> radiant_api: SWEEP set=1 steer=0 dwell=0/260000 adv=1 sweeps=0 win=1 ok=2 searching=0 carrier=255 | chunks=1 preempt=0 missed=0 ebusy=0 rej=0 | pumps=1308 hk=1307 | scan_us=94200/1 track_us=39040/168 | end ok=0 abrt=0 miss=0 fail=0 deny=1 replan=0[0m
[00:27:21.722,954] [0m<inf> radiant_gate_mpsl: hi: acq=168 den=0 resv=0 pend=168 blk=0 grant=167[0m
[1;31m--- 4 messages dropped ---
[0m[00:27:22.723,085] [0m<inf> radiant_gate_mpsl: hi: acq=172 den=0 resv=0 pend=172 blk=0 grant=171[0m
[00:27:22.723,097] [0m<inf> radiant_gate_mpsl: seam: grant=172 nostage=0 prog=172/0 | sigrad=344 sigt0=259 isr=344 end=173 dis=0 term=1 | ramp=172/1 state=0 ev=0x13 rxen saved=0x80000016 cont=0x13f a=0x80000016 p=0x80000016 e=0x80000016 inten=0x00000140[0m
[00:27:22.723,107] [0m<inf> radiant_gate_mpsl: sw: n=171 wipe=0 ramp=171 wipe+ramp=0 rx=171 wipe+rx=0 | started=171 early=0/0us last=2635us | open lead=232us max=233us late=0 glen=4888 cc0=2888[0m
[00:27:22.723,138] [0m<inf> radiant_gate_mpsl: hiend: timer0=171 | lasted=2889us max=3486us | dur=2866us max=3463us short=0 | t0arm=31us stale=0[0m
[00:27:22.723,177] [0m<inf> radiant_gate_mpsl: gate: acq=173 in_grant=171/171 placed=174 granted=173 blocked=0 cancel=0 eagain=2 near=0 long=0 ext=87/0 dead=0 | den pend=0 anch=0 dist=0 degen=0 nosess=0 owed=0 | sent grant=1 dead=0 blk=0 supp=171 | end=173 (norm=173 rel=0 idle=0 late=0) | bad over=0 inval=0 unk=0 inl=0 | len=4888/4888 el=10000 skew=0 brun=0 sig=7 g=0 hw=0 p=1 rel=0 end=1 boot=0 anchor=1 owes=1[0m
[00:27:22.741,515] [0m<inf> radiant_api: SWEEP set=1 steer=0 dwell=0/260000 adv=1 sweeps=0 win=1 ok=2 searching=0 carrier=255 | chunks=1 preempt=0 missed=0 ebusy=0 rej=0 | pumps=1333 hk=1332 | scan_us=94200/1 track_us=39856/172 | end ok=0 abrt=0 miss=0 fail=0 deny=1 replan=0[0m
[00:27:23.723,253] [0m<inf> radiant_gate_mpsl: hi: acq=176 den=0 resv=0 pend=176 blk=0 grant=175[0m
[1;31m--- 3 messages dropped ---
[0m[00:27:23.723,332] [0m<inf> radiant_gate_mpsl: gate: acq=177 in_grant=175/175 placed=178 granted=177 blocked=0 cancel=0 eagain=2 near=0 long=0 ext=87/0 dead=0 | den pend=0 anch=0 dist=0 degen=0 nosess=0 owed=0 | sent grant=1 dead=0 blk=0 supp=175 | end=177 (norm=177 rel=0 idle=0 late=0) | bad over=0 inval=0 unk=0 inl=0 | len=4888/4888 el=10000 skew=0 brun=0 sig=7 g=0 hw=0 p=1 rel=0 end=1 boot=0 anchor=1 owes=1[0m
[00:27:23.790,444] [0m<inf> radiant_api: SWEEP set=1 steer=0 dwell=0/260000 adv=1 sweeps=0 win=1 ok=2 searching=0 carrier=255 | chunks=1 preempt=0 missed=0 ebusy=0 rej=0 | pumps=1358 hk=1357 | scan_us=94200/1 track_us=40672/176 | end ok=0 abrt=0 miss=0 fail=0 deny=1 replan=0[0m
[00:27:24.723,405] [0m<inf> radiant_gate_mpsl: hi: acq=180 den=0 resv=0 pend=180 blk=0 grant=179[0m
[00:27:24.723,416] [0m<inf> radiant_gate_mpsl: seam: grant=180 nostage=0 prog=180/0 | sigrad=360 sigt0=267 isr=360 end=181 dis=0 term=1 | ramp=180/1 state=0 ev=0x13 rxen saved=0x80000016 cont=0x13f a=0x80000016 p=0x80000016 e=0x80000016 inten=0x00000140[0m
[00:27:24.723,426] [0m<inf> radiant_gate_mpsl: sw: n=179 wipe=0 ramp=179 wipe+ramp=0 rx=179 wipe+rx=0 | started=179 early=0/0us last=2635us | open lead=231us max=233us late=0 glen=4888 cc0=2888[0m
[00:27:24.723,458] [0m<inf> radiant_gate_mpsl: hiend: timer0=179 | lasted=2890us max=3486us | dur=2866us max=3463us short=0 | t0arm=31us stale=0[0m
[00:27:24.723,492] [0m<inf> radiant_gate_mpsl: gate: acq=181 in_grant=179/179 placed=182 granted=181 blocked=0 cancel=0 eagain=2 near=0 long=0 ext=87/0 dead=0 | den pend=0 anch=0 dist=0 degen=0 nosess=0 owed=0 | sent grant=1 dead=0 blk=0 supp=179 | end=181 (norm=181 rel=0 idle=0 late=0) | bad over=0 inval=0 unk=0 inl=0 | len=4888/4888 el=10000 skew=0 brun=0 sig=7 g=0 hw=0 p=1 rel=0 end=1 boot=0 anchor=1 owes=1[0m
[00:27:24.839,326] [0m<inf> radiant_api: SWEEP set=1 steer=0 dwell=0/260000 adv=1 sweeps=0 win=1 ok=2 searching=0 carrier=255 | chunks=1 preempt=0 missed=0 ebusy=0 rej=0 | pumps=1383 hk=1382 | scan_us=94200/1 track_us=41488/180 | end ok=0 abrt=0 miss=0 fail=0 deny=1 replan=0[0m
[00:27:25.723,580] [0m<inf> radiant_gate_mpsl: hi: acq=184 den=0 resv=0 pend=184 blk=0 grant=183[0m
[1;31m--- 2 messages dropped ---
[0m[00:27:25.723,642] [0m<inf> radiant_gate_mpsl: hiend: timer0=183 | lasted=2889us max=3486us | dur=2866us max=3463us short=0 | t0arm=31us stale=0[0m
[00:27:25.723,660] [0m<inf> radiant_gate_mpsl: gate: acq=185 in_grant=183/183 placed=186 granted=185 blocked=0 cancel=0 eagain=2 near=0 long=0 ext=87/0 dead=0 | den pend=0 anch=0 dist=0 degen=0 nosess=0 owed=0 | sent grant=1 dead=0 blk=0 supp=183 | end=185 (norm=185 rel=0 idle=0 late=0) | bad over=0 inval=0 unk=0 inl=0 | len=4888/4888 el=10000 skew=0 brun=0 sig=7 g=0 hw=0 p=1 rel=0 end=1 boot=0 anchor=1 owes=1[0m
[00:27:25.887,244] [0m<inf> radiant_api: SWEEP set=1 steer=0 dwell=0/260000 adv=1 sweeps=0 win=1 ok=2 searching=0 carrier=255 | chunks=1 preempt=0 missed=0 ebusy=0 rej=0 | pumps=1408 hk=1407 | scan_us=94200/1 track_us=42508/185 | end ok=0 abrt=0 miss=0 fail=0 deny=1 replan=0[0m
[00:27:26.723,728] [0m<inf> radiant_gate_mpsl: hi: acq=188 den=0 resv=0 pend=188 blk=0 grant=187[0m
[00:27:26.723,740] [0m<inf> radiant_gate_mpsl: seam: grant=188 nostage=0 prog=188/0 | sigrad=376 sigt0=275 isr=376 end=189 dis=0 term=1 | ramp=188/1 state=0 ev=0x13 rxen saved=0x80000016 cont=0x13f a=0x80000016 p=0x80000016 e=0x80000016 inten=0x00000140[0m
[00:27:26.723,750] [0m<inf> radiant_gate_mpsl: sw: n=187 wipe=0 ramp=187 wipe+ramp=0 rx=187 wipe+rx=0 | started=187 early=0/0us last=2635us | open lead=231us max=233us late=0 glen=4888 cc0=2888[0m
[00:27:26.723,782] [0m<inf> radiant_gate_mpsl: hiend: timer0=187 | lasted=2890us max=3486us | dur=2867us max=3463us short=0 | t0arm=31us stale=0[0m
[00:27:26.723,814] [0m<inf> radiant_gate_mpsl: gate: acq=189 in_grant=187/187 placed=190 granted=189 blocked=0 cancel=0 eagain=2 near=0 long=0 ext=87/0 dead=0 | den pend=0 anch=0 dist=0 degen=0 nosess=0 owed=0 | sent grant=1 dead=0 blk=0 supp=187 | end=189 (norm=189 rel=0 idle=0 late=0) | bad over=0 inval=0 unk=0 inl=0 | len=4888/4888 el=10000 skew=0 brun=0 sig=7 g=0 hw=0 p=1 rel=0 end=1 boot=0 anchor=1 owes=1[0m
[00:27:26.936,259] [0m<inf> radiant_api: SWEEP set=1 steer=0 dwell=0/260000 adv=1 sweeps=0 win=1 ok=2 searching=0 carrier=255 | chunks=1 preempt=0 missed=0 ebusy=0 rej=0 | pumps=1434 hk=1433 | scan_us=94200/1 track_us=43324/189 | end ok=0 abrt=0 miss=0 fail=0 deny=1 replan=0[0m
[00:27:27.723,904] [0m<inf> radiant_gate_mpsl: hi: acq=192 den=0 resv=0 pend=192 blk=0 grant=191[0m
[00:27:27.723,916] [0m<inf> radiant_gate_mpsl: seam: grant=192 nostage=0 prog=192/0 | sigrad=384 sigt0=279 isr=384 end=193 dis=0 term=1 | ramp=192/1 state=0 ev=0x13 rxen saved=0x80000016 cont=0x13f a=0x80000016 p=0x80000016 e=0x80000016 inten=0x00000140[0m
[00:27:27.723,926] [0m<inf> radiant_gate_mpsl: sw: n=191 wipe=0 ramp=191 wipe+ramp=0 rx=191 wipe+rx=0 | started=191 early=0/0us last=2635us | open lead=231us max=233us late=0 glen=4888 cc0=2888[0m
[00:27:27.723,960] [0m<inf> radiant_gate_mpsl: hiend: timer0=191 | lasted=2890us max=3486us | dur=2866us max=3463us short=0 | t0arm=31us stale=0[0m
[00:27:27.723,979] [0m<inf> radiant_gate_mpsl: gate: acq=193 in_grant=191/191 placed=194 granted=193 blocked=0 cancel=0 eagain=2 near=0 long=0 ext=87/0 dead=0 | den pend=0 anch=0 dist=0 degen=0 nosess=0 owed=0 | sent grant=1 dead=0 blk=0 supp=191 | end=193 (norm=193 rel=0 idle=0 late=0) | bad over=0 inval=0 unk=0 inl=0 | len=4888/4888 el=10000 skew=0 brun=0 sig=7 g=0 hw=0 p=1 rel=0 end=1 boot=0 anchor=1 owes=1[0m
[00:27:27.985,120] [0m<inf> radiant_api: SWEEP set=1 steer=0 dwell=0/260000 adv=1 sweeps=0 win=1 ok=2 searching=0 carrier=255 | chunks=1 preempt=0 missed=0 ebusy=0 rej=0 | pumps=1459 hk=1458 | scan_us=94200/1 track_us=44140/193 | end ok=0 abrt=0 miss=0 fail=0 deny=1 replan=0[0m
[00:27:28.724,074] [0m<inf> radiant_gate_mpsl: hi: acq=196 den=0 resv=0 pend=196 blk=0 grant=195[0m
[1;31m--- 4 messages dropped ---
[0m[00:27:29.034,104] [0m<inf> radiant_api: SWEEP set=1 steer=0 dwell=0/260000 adv=1 sweeps=0 win=1 ok=2 searching=0 carrier=255 | chunks=1 preempt=0 missed=0 ebusy=0 rej=0 | pumps=1484 hk=1483 | scan_us=94200/1 track_us=45006/197 | end ok=0 abrt=0 miss=0 fail=0 deny=1 replan=0[0m
[00:27:29.724,249] [0m<inf> radiant_gate_mpsl: hi: acq=200 den=0 resv=0 pend=200 blk=0 grant=199[0m
[00:27:29.724,261] [0m<inf> radiant_gate_mpsl: seam: grant=200 nostage=0 prog=200/0 | sigrad=399 sigt0=286 isr=399 end=200 dis=1 term=2 | ramp=200/1 state=0 ev=0x13 rxen saved=0x80000016 cont=0x13f a=0x80000016 p=0x80000016 e=0x80000016 inten=0x00000140[0m
[00:27:29.724,271] [0m<inf> radiant_gate_mpsl: sw: n=199 wipe=0 ramp=199 wipe+ramp=0 rx=198 wipe+rx=0 | started=199 early=0/0us last=2635us | open lead=231us max=233us late=0 glen=4888 cc0=2888[0m
[00:27:29.724,318] [0m<inf> radiant_gate_mpsl: hiend: timer0=198 rel=1 | lasted=2890us max=3486us | dur=2867us max=3463us short=1 | t0arm=31us stale=0[0m
[00:27:29.724,350] [0m<inf> radiant_gate_mpsl: gate: acq=201 in_grant=198/198 placed=202 granted=201 blocked=0 cancel=0 eagain=2 near=0 long=0 ext=87/0 dead=0 | den pend=0 anch=0 dist=0 degen=0 nosess=0 owed=0 | sent grant=1 dead=0 blk=0 supp=199 | end=201 (norm=200 rel=1 idle=0 late=0) | bad over=0 inval=0 unk=0 inl=0 | len=4888/4888 el=10000 skew=0 brun=0 sig=7 g=0 hw=0 p=1 rel=0 end=1 boot=0 anchor=1 owes=1[0m
[00:27:30.082,998] [0m<inf> radiant_api: SWEEP set=1 steer=0 dwell=0/260000 adv=1 sweeps=0 win=1 ok=2 searching=0 carrier=255 | chunks=1 preempt=0 missed=0 ebusy=0 rej=0 | pumps=1509 hk=1508 | scan_us=94200/1 track_us=45822/201 | end ok=0 abrt=0 miss=0 fail=0 deny=1 replan=0[0m
[00:27:30.724,458] [0m<inf> radiant_gate_mpsl: hi: acq=204 den=0 resv=0 pend=204 blk=0 grant=203[0m
[00:27:30.724,470] [0m<inf> radiant_gate_mpsl: seam: grant=204 nostage=0 prog=204/0 | sigrad=407 sigt0=290 isr=407 end=204 dis=1 term=2 | ramp=204/1 state=0 ev=0x13 rxen saved=0x80000016 cont=0x13f a=0x80000016 p=0x80000016 e=0x80000016 inten=0x00000140[0m
[00:27:30.724,480] [0m<inf> radiant_gate_mpsl: sw: n=203 wipe=0 ramp=203 wipe+ramp=0 rx=202 wipe+rx=0 | started=203 early=0/0us last=2635us | open lead=231us max=233us late=0 glen=4888 cc0=2888[0m
[00:27:30.724,522] [0m<inf> radiant_gate_mpsl: hiend: timer0=202 rel=1 | lasted=2889us max=3486us | dur=2866us max=3463us short=1 | t0arm=31us stale=0[0m
[00:27:30.724,541] [0m<inf> radiant_gate_mpsl: gate: acq=205 in_grant=202/202 placed=206 granted=205 blocked=0 cancel=0 eagain=2 near=0 long=0 ext=87/0 dead=0 | den pend=0 anch=0 dist=0 degen=0 nosess=0 owed=0 | sent grant=1 dead=0 blk=0 supp=203 | end=205 (norm=204 rel=1 idle=0 late=0) | bad over=0 inval=0 unk=0 inl=0 | len=4888/4888 el=10000 skew=0 brun=0 sig=7 g=0 hw=0 p=1 rel=0 end=1 boot=0 anchor=1 owes=1[0m
[00:27:31.130,876] [0m<inf> radiant_api: SWEEP set=1 steer=0 dwell=0/260000 adv=1 sweeps=0 win=1 ok=2 searching=0 carrier=255 | chunks=1 preempt=0 missed=0 ebusy=0 rej=0 | pumps=1534 hk=1533 | scan_us=94200/1 track_us=46842/206 | end ok=0 abrt=0 miss=0 fail=0 deny=1 replan=0[0m
[00:27:31.724,623] [0m<inf> radiant_gate_mpsl: hi: acq=208 den=0 resv=0 pend=208 blk=0 grant=207[0m
[1;31m--- 3 messages dropped ---
[0m[00:27:31.724,709] [0m<inf> radiant_gate_mpsl: gate: acq=209 in_grant=206/206 placed=210 granted=209 blocked=0 cancel=0 eagain=2 near=0 long=0 ext=87/0 dead=0 | den pend=0 anch=0 dist=0 degen=0 nosess=0 owed=0 | sent grant=1 dead=0 blk=0 supp=207 | end=209 (norm=208 rel=1 idle=0 late=0) | bad over=0 inval=0 unk=0 inl=0 | len=4888/4888 el=10000 skew=0 brun=0 sig=7 g=0 hw=0 p=1 rel=0 end=1 boot=0 anchor=1 owes=1[0m
[00:27:32.179,854] [0m<inf> radiant_api: SWEEP set=1 steer=0 dwell=0/260000 adv=1 sweeps=0 win=1 ok=2 searching=0 carrier=255 | chunks=1 preempt=0 missed=0 ebusy=0 rej=0 | pumps=1560 hk=1559 | scan_us=94200/1 track_us=47658/210 | end ok=0 abrt=0 miss=0 fail=0 deny=1 replan=0[0m
[00:27:32.724,769] [0m<inf> radiant_gate_mpsl: hi: acq=212 den=0 resv=0 pend=212 blk=0 grant=211[0m
[00:27:32.724,781] [0m<inf> radiant_gate_mpsl: seam: grant=212 nostage=0 prog=212/0 | sigrad=423 sigt0=298 isr=423 end=212 dis=1 term=2 | ramp=212/1 state=0 ev=0x13 rxen saved=0x80000016 cont=0x13f a=0x80000016 p=0x80000016 e=0x80000016 inten=0x00000140[0m
[00:27:32.724,791] [0m<inf> radiant_gate_mpsl: sw: n=211 wipe=0 ramp=211 wipe+ramp=0 rx=210 wipe+rx=0 | started=211 early=0/0us last=2635us | open lead=231us max=233us late=0 glen=4888 cc0=2888[0m
[00:27:32.724,830] [0m<inf> radiant_gate_mpsl: hiend: timer0=210 rel=1 | lasted=2890us max=3486us | dur=2867us max=3463us short=1 | t0arm=31us stale=0[0m
[00:27:32.724,865] [0m<inf> radiant_gate_mpsl: gate: acq=213 in_grant=210/210 placed=214 granted=213 blocked=0 cancel=0 eagain=2 near=0 long=0 ext=87/0 dead=0 | den pend=0 anch=0 dist=0 degen=0 nosess=0 owed=0 | sent grant=1 dead=0 blk=0 supp=211 | end=213 (norm=212 rel=1 idle=0 late=0) | bad over=0 inval=0 unk=0 inl=0 | len=4888/4888 el=10000 skew=0 brun=0 sig=7 g=0 hw=0 p=1 rel=0 end=1 boot=0 anchor=1 owes=1[0m
[00:27:33.228,772] [0m<inf> radiant_api: SWEEP set=1 steer=0 dwell=0/260000 adv=1 sweeps=0 win=1 ok=2 searching=0 carrier=255 | chunks=1 preempt=0 missed=0 ebusy=0 rej=0 | pumps=1585 hk=1584 | scan_us=94200/1 track_us=48474/214 | end ok=0 abrt=0 miss=0 fail=0 deny=1 replan=0[0m
[00:27:33.724,944] [0m<inf> radiant_gate_mpsl: hi: acq=216 den=0 resv=0 pend=216 blk=0 grant=215[0m
[00:27:33.724,956] [0m<inf> radiant_gate_mpsl: seam: grant=216 nostage=0 prog=216/0 | sigrad=431 sigt0=302 isr=431 end=216 dis=1 term=2 | ramp=216/1 state=0 ev=0x13 rxen saved=0x80000016 cont=0x13f a=0x80000016 p=0x80000016 e=0x80000016 inten=0x00000140[0m
[00:27:33.724,966] [0m<inf> radiant_gate_mpsl: sw: n=215 wipe=0 ramp=215 wipe+ramp=0 rx=214 wipe+rx=0 | started=215 early=0/0us last=2635us | open lead=232us max=233us late=0 glen=4888 cc0=2888[0m
[00:27:33.725,008] [0m<inf> radiant_gate_mpsl: hiend: timer0=214 rel=1 | lasted=2889us max=3486us | dur=2866us max=3463us short=1 | t0arm=31us stale=0[0m
[00:27:33.725,027] [0m<inf> radiant_gate_mpsl: gate: acq=217 in_grant=214/214 placed=218 granted=217 blocked=0 cancel=0 eagain=2 near=0 long=0 ext=87/0 dead=0 | den pend=0 anch=0 dist=0 degen=0 nosess=0 owed=0 | sent grant=1 dead=0 blk=0 supp=215 | end=217 (norm=216 rel=1 idle=0 late=0) | bad over=0 inval=0 unk=0 inl=0 | len=4888/4888 el=10000 skew=0 brun=0 sig=7 g=0 hw=0 p=1 rel=0 end=1 boot=0 anchor=1 owes=1[0m
[00:27:34.277,673] [0m<inf> radiant_api: SWEEP set=1 steer=0 dwell=0/260000 adv=1 sweeps=0 win=1 ok=2 searching=0 carrier=255 | chunks=1 preempt=0 missed=0 ebusy=0 rej=0 | pumps=1610 hk=1609 | scan_us=94200/1 track_us=49290/218 | end ok=0 abrt=0 miss=0 fail=0 deny=1 replan=0[0m
[00:27:34.725,108] [0m<inf> radiant_gate_mpsl: hi: acq=220 den=0 resv=0 pend=220 blk=0 grant=219[0m
[1;31m--- 4 messages dropped ---
[0m[00:27:35.326,623] [0m<inf> radiant_api: SWEEP set=1 steer=0 dwell=0/260000 adv=1 sweeps=0 win=1 ok=2 searching=0 carrier=255 | chunks=1 preempt=0 missed=0 ebusy=0 rej=0 | pumps=1635 hk=1634 | scan_us=94200/1 track_us=50106/222 | end ok=0 abrt=0 miss=0 fail=0 deny=1 replan=0[0m
[00:27:35.725,258] [0m<inf> radiant_gate_mpsl: hi: acq=224 den=0 resv=0 pend=224 blk=0 grant=223[0m
[00:27:35.725,270] [0m<inf> radiant_gate_mpsl: seam: grant=224 nostage=0 prog=224/0 | sigrad=447 sigt0=310 isr=447 end=224 dis=1 term=2 | ramp=224/1 state=0 ev=0x13 rxen saved=0x80000016 cont=0x13f a=0x80000016 p=0x80000016 e=0x80000016 inten=0x00000140[0m
[00:27:35.725,281] [0m<inf> radiant_gate_mpsl: sw: n=223 wipe=0 ramp=223 wipe+ramp=0 rx=222 wipe+rx=0 | started=223 early=0/0us last=2635us | open lead=231us max=233us late=0 glen=4888 cc0=2888[0m
[00:27:35.725,328] [0m<inf> radiant_gate_mpsl: hiend: timer0=222 rel=1 | lasted=2890us max=3486us | dur=2866us max=3463us short=1 | t0arm=31us stale=0[0m
[00:27:35.725,357] [0m<inf> radiant_gate_mpsl: gate: acq=225 in_grant=222/222 placed=226 granted=225 blocked=0 cancel=0 eagain=2 near=0 long=0 ext=87/0 dead=0 | den pend=0 anch=0 dist=0 degen=0 nosess=0 owed=0 | sent grant=1 dead=0 blk=0 supp=223 | end=225 (norm=224 rel=1 idle=0 late=0) | bad over=0 inval=0 unk=0 inl=0 | len=4888/4888 el=10000 skew=0 brun=0 sig=7 g=0 hw=0 p=1 rel=0 end=1 boot=0 anchor=1 owes=1[0m
[00:27:36.374,504] [0m<inf> radiant_api: SWEEP set=1 steer=0 dwell=0/260000 adv=1 sweeps=0 win=1 ok=2 searching=0 carrier=255 | chunks=1 preempt=0 missed=0 ebusy=0 rej=0 | pumps=1660 hk=1659 | scan_us=94200/1 track_us=51126/227 | end ok=0 abrt=0 miss=0 fail=0 deny=1 replan=0[0m
[00:27:36.725,439] [0m<inf> radiant_gate_mpsl: hi: acq=228 den=0 resv=0 pend=228 blk=0 grant=227[0m
[00:27:36.725,451] [0m<inf> radiant_gate_mpsl: seam: grant=228 nostage=0 prog=228/0 | sigrad=455 sigt0=314 isr=455 end=228 dis=1 term=2 | ramp=228/1 state=0 ev=0x13 rxen saved=0x80000016 cont=0x13f a=0x80000016 p=0x80000016 e=0x80000016 inten=0x00000140[0m
[00:27:36.725,461] [0m<inf> radiant_gate_mpsl: sw: n=227 wipe=0 ramp=227 wipe+ramp=0 rx=226 wipe+rx=0 | started=227 early=0/0us last=2636us | open lead=231us max=233us late=0 glen=4888 cc0=2888[0m
[00:27:36.725,503] [0m<inf> radiant_gate_mpsl: hiend: timer0=226 rel=1 | lasted=2889us max=3486us | dur=2866us max=3463us short=1 | t0arm=31us stale=0[0m
[00:27:36.725,523] [0m<inf> radiant_gate_mpsl: gate: acq=229 in_grant=226/226 placed=230 granted=229 blocked=0 cancel=0 eagain=2 near=0 long=0 ext=87/0 dead=0 | den pend=0 anch=0 dist=0 degen=0 nosess=0 owed=0 | sent grant=1 dead=0 blk=0 supp=227 | end=229 (norm=228 rel=1 idle=0 late=0) | bad over=0 inval=0 unk=0 inl=0 | len=4888/4888 el=10000 skew=0 brun=0 sig=7 g=0 hw=0 p=1 rel=0 end=1 boot=0 anchor=1 owes=1[0m
[00:27:37.423,474] [0m<inf> radiant_api: SWEEP set=1 steer=0 dwell=0/260000 adv=1 sweeps=0 win=1 ok=2 searching=0 carrier=255 | chunks=1 preempt=0 missed=0 ebusy=0 rej=0 | pumps=1686 hk=1685 | scan_us=94200/1 track_us=51942/231 | end ok=0 abrt=0 miss=0 fail=0 deny=1 replan=0[0m
[00:27:37.725,602] [0m<inf> radiant_gate_mpsl: hi: acq=232 den=0 resv=0 pend=232 blk=0 grant=231[0m
[1;31m--- 3 messages dropped ---
[0m[00:27:37.725,689] [0m<inf> radiant_gate_mpsl: gate: acq=233 in_grant=230/230 placed=234 granted=233 blocked=0 cancel=0 eagain=2 near=0 long=0 ext=87/0 dead=0 | den pend=0 anch=0 dist=0 degen=0 nosess=0 owed=0 | sent grant=1 dead=0 blk=0 supp=231 | end=233 (norm=232 rel=1 idle=0 late=0) | bad over=0 inval=0 unk=0 inl=0 | len=4888/4888 el=10000 skew=0 brun=0 sig=7 g=0 hw=0 p=1 rel=0 end=1 boot=0 anchor=1 owes=1[0m
[00:27:38.472,410] [0m<inf> radiant_api: SWEEP set=1 steer=0 dwell=0/260000 adv=1 sweeps=0 win=1 ok=2 searching=0 carrier=255 | chunks=1 preempt=0 missed=0 ebusy=0 rej=0 | pumps=1711 hk=1710 | scan_us=94200/1 track_us=52758/235 | end ok=0 abrt=0 miss=0 fail=0 deny=1 replan=0[0m
[00:27:38.725,752] [0m<inf> radiant_gate_mpsl: hi: acq=236 den=0 resv=0 pend=236 blk=0 grant=235[0m
[00:27:38.725,763] [0m<inf> radiant_gate_mpsl: seam: grant=236 nostage=0 prog=236/0 | sigrad=471 sigt0=322 isr=471 end=236 dis=1 term=2 | ramp=236/1 state=0 ev=0x13 rxen saved=0x80000016 cont=0x13f a=0x80000016 p=0x80000016 e=0x80000016 inten=0x00000140[0m
[00:27:38.725,773] [0m<inf> radiant_gate_mpsl: sw: n=235 wipe=0 ramp=235 wipe+ramp=0 rx=234 wipe+rx=0 | started=235 early=0/0us last=2635us | open lead=231us max=233us late=0 glen=4888 cc0=2888[0m
[00:27:38.725,812] [0m<inf> radiant_gate_mpsl: hiend: timer0=234 rel=1 | lasted=2890us max=3486us | dur=2866us max=3463us short=1 | t0arm=31us stale=0[0m
[00:27:38.725,847] [0m<inf> radiant_gate_mpsl: gate: acq=237 in_grant=234/234 placed=238 granted=237 blocked=0 cancel=0 eagain=2 near=0 long=0 ext=87/0 dead=0 | den pend=0 anch=0 dist=0 degen=0 nosess=0 owed=0 | sent grant=1 dead=0 blk=0 supp=235 | end=237 (norm=236 rel=1 idle=0 late=0) | bad over=0 inval=0 unk=0 inl=0 | len=4888/4888 el=10000 skew=0 brun=0 sig=7 g=0 hw=0 p=1 rel=0 end=1 boot=0 anchor=1 owes=1[0m
[00:27:39.521,333] [0m<inf> radiant_api: SWEEP set=1 steer=0 dwell=0/260000 adv=1 sweeps=0 win=1 ok=2 searching=0 carrier=255 | chunks=1 preempt=0 missed=0 ebusy=0 rej=0 | pumps=1736 hk=1735 | scan_us=94200/1 track_us=53574/239 | end ok=0 abrt=0 miss=0 fail=0 deny=1 replan=0[0m
[00:27:39.725,927] [0m<inf> radiant_gate_mpsl: hi: acq=240 den=0 resv=0 pend=240 blk=0 grant=239[0m
[00:27:39.725,939] [0m<inf> radiant_gate_mpsl: seam: grant=240 nostage=0 prog=240/0 | sigrad=479 sigt0=326 isr=479 end=240 dis=1 term=2 | ramp=240/1 state=0 ev=0x13 rxen saved=0x80000016 cont=0x13f a=0x80000016 p=0x80000016 e=0x80000016 inten=0x00000140[0m
[00:27:39.725,949] [0m<inf> radiant_gate_mpsl: sw: n=239 wipe=0 ramp=239 wipe+ramp=0 rx=238 wipe+rx=0 | started=239 early=0/0us last=2635us | open lead=231us max=233us late=0 glen=4888 cc0=2888[0m
[00:27:39.725,992] [0m<inf> radiant_gate_mpsl: hiend: timer0=238 rel=1 | lasted=2889us max=3486us | dur=2866us max=3463us short=1 | t0arm=31us stale=0[0m
[00:27:39.726,011] [0m<inf> radiant_gate_mpsl: gate: acq=241 in_grant=238/238 placed=242 granted=241 blocked=0 cancel=0 eagain=2 near=0 long=0 ext=87/0 dead=0 | den pend=0 anch=0 dist=0 degen=0 nosess=0 owed=0 | sent grant=1 dead=0 blk=0 supp=239 | end=241 (norm=240 rel=1 idle=0 late=0) | bad over=0 inval=0 unk=0 inl=0 | len=4888/4888 el=10000 skew=0 brun=0 sig=7 g=0 hw=0 p=1 rel=0 end=1 boot=0 anchor=1 owes=1[0m
[00:27:40.570,264] [0m<inf> radiant_api: SWEEP set=1 steer=0 dwell=0/260000 adv=1 sweeps=0 win=1 ok=2 searching=0 carrier=255 | chunks=1 preempt=0 missed=0 ebusy=0 rej=0 | pumps=1761 hk=1760 | scan_us=94200/1 track_us=54390/243 | end ok=0 abrt=0 miss=0 fail=0 deny=1 replan=0[0m
[00:27:40.726,078] [0m<inf> radiant_gate_mpsl: hi: acq=244 den=0 resv=0 pend=244 blk=0 grant=243[0m
[1;31m--- 4 messages dropped ---
[0m[00:27:41.618,135] [0m<inf> radiant_api: SWEEP set=1 steer=0 dwell=0/260000 adv=1 sweeps=0 win=1 ok=2 searching=0 carrier=255 | chunks=1 preempt=0 missed=0 ebusy=0 rej=0 | pumps=1786 hk=1785 | scan_us=94200/1 track_us=55410/248 | end ok=0 abrt=0 miss=0 fail=0 deny=1 replan=0[0m
[00:27:41.726,230] [0m<inf> radiant_gate_mpsl: hi: acq=248 den=0 resv=0 pend=248 blk=0 grant=247[0m
[00:27:41.726,241] [0m<inf> radiant_gate_mpsl: seam: grant=248 nostage=0 prog=248/0 | sigrad=495 sigt0=334 isr=495 end=248 dis=1 term=2 | ramp=248/1 state=0 ev=0x13 rxen saved=0x80000016 cont=0x13f a=0x80000016 p=0x80000016 e=0x80000016 inten=0x00000140[0m
[00:27:41.726,251] [0m<inf> radiant_gate_mpsl: sw: n=247 wipe=0 ramp=247 wipe+ramp=0 rx=246 wipe+rx=0 | started=247 early=0/0us last=2635us | open lead=232us max=233us late=0 glen=4888 cc0=2888[0m
[00:27:41.726,299] [0m<inf> radiant_gate_mpsl: hiend: timer0=246 rel=1 | lasted=2889us max=3486us | dur=2866us max=3463us short=1 | t0arm=31us stale=0[0m
[00:27:41.726,328] [0m<inf> radiant_gate_mpsl: gate: acq=249 in_grant=246/246 placed=250 granted=249 blocked=0 cancel=0 eagain=2 near=0 long=0 ext=87/0 dead=0 | den pend=0 anch=0 dist=0 degen=0 nosess=0 owed=0 | sent grant=1 dead=0 blk=0 supp=247 | end=249 (norm=248 rel=1 idle=0 late=0) | bad over=0 inval=0 unk=0 inl=0 | len=4888/4888 el=10000 skew=0 brun=0 sig=7 g=0 hw=0 p=1 rel=0 end=1 boot=0 anchor=1 owes=1[0m
[00:27:42.667,114] [0m<inf> radiant_api: SWEEP set=1 steer=0 dwell=0/260000 adv=1 sweeps=0 win=1 ok=2 searching=0 carrier=255 | chunks=1 preempt=0 missed=0 ebusy=0 rej=0 | pumps=1812 hk=1811 | scan_us=94200/1 track_us=56226/252 | end ok=0 abrt=0 miss=0 fail=0 deny=1 replan=0[0m
[00:27:42.726,408] [0m<inf> radiant_gate_mpsl: hi: acq=252 den=0 resv=0 pend=252 blk=0 grant=251[0m
[00:27:42.726,421] [0m<inf> radiant_gate_mpsl: seam: grant=252 nostage=0 prog=252/0 | sigrad=503 sigt0=338 isr=503 end=252 dis=1 term=2 | ramp=252/1 state=0 ev=0x13 rxen saved=0x80000016 cont=0x13f a=0x80000016 p=0x80000016 e=0x80000016 inten=0x00000140[0m
[00:27:42.726,430] [0m<inf> radiant_gate_mpsl: sw: n=251 wipe=0 ramp=251 wipe+ramp=0 rx=250 wipe+rx=0 | started=251 early=0/0us last=2635us | open lead=231us max=233us late=0 glen=4888 cc0=2888[0m
[1;31m--- 2 messages dropped ---
[0m[00:27:43.716,039] [0m<inf> radiant_api: SWEEP set=1 steer=0 dwell=0/260000 adv=1 sweeps=0 win=1 ok=2 searching=0 carrier=255 | chunks=1 preempt=0 missed=0 ebusy=0 rej=0 | pumps=1837 hk=1836 | scan_us=94200/1 track_us=57042/256 | end ok=0 abrt=0 miss=0 fail=0 deny=1 replan=0[0m
[00:27:43.726,545] [0m<inf> radiant_gate_mpsl: hi: acq=256 den=0 resv=0 pend=256 blk=0 grant=255[0m
[00:27:43.726,557] [0m<inf> radiant_gate_mpsl: seam: grant=256 nostage=0 prog=256/0 | sigrad=511 sigt0=342 isr=511 end=256 dis=1 term=2 | ramp=256/1 state=0 ev=0x13 rxen saved=0x80000016 cont=0x13f a=0x80000016 p=0x80000016 e=0x80000016 inten=0x00000140[0m
[00:27:43.726,567] [0m<inf> radiant_gate_mpsl: sw: n=255 wipe=0 ramp=255 wipe+ramp=0 rx=254 wipe+rx=0 | started=255 early=0/0us last=2635us | open lead=231us max=233us late=0 glen=4888 cc0=2888[0m
[00:27:43.726,605] [0m<inf> radiant_gate_mpsl: hiend: timer0=254 rel=1 | lasted=2890us max=3486us | dur=2867us max=3463us short=1 | t0arm=31us stale=0[0m
[00:27:43.726,637] [0m<inf> radiant_gate_mpsl: gate: acq=257 in_grant=254/254 placed=258 granted=257 blocked=0 cancel=0 eagain=2 near=0 long=0 ext=87/0 dead=0 | den pend=0 anch=0 dist=0 degen=0 nosess=0 owed=0 | sent grant=1 dead=0 blk=0 supp=255 | end=257 (norm=256 rel=1 idle=0 late=0) | bad over=0 inval=0 unk=0 inl=0 | len=4888/4888 el=10000 skew=0 brun=0 sig=7 g=0 hw=0 p=1 rel=0 end=1 boot=0 anchor=1 owes=1[0m
[00:27:44.726,707] [0m<inf> radiant_gate_mpsl: hi: acq=260 den=0 resv=0 pend=260 blk=0 grant=259[0m
[1;31m--- 4 messages dropped ---
[0m[00:27:44.764,943] [0m<inf> radiant_api: SWEEP set=1 steer=0 dwell=0/260000 adv=1 sweeps=0 win=1 ok=2 searching=0 carrier=255 | chunks=1 preempt=0 missed=0 ebusy=0 rej=0 | pumps=1862 hk=1861 | scan_us=94200/1 track_us=57858/260 | end ok=0 abrt=0 miss=0 fail=0 deny=1 replan=0[0m
[00:27:45.726,856] [0m<inf> radiant_gate_mpsl: hi: acq=264 den=0 resv=0 pend=264 blk=0 grant=263[0m
[00:27:45.726,868] [0m<inf> radiant_gate_mpsl: seam: grant=264 nostage=0 prog=264/0 | sigrad=527 sigt0=350 isr=527 end=264 dis=1 term=2 | ramp=264/1 state=0 ev=0x13 rxen saved=0x80000016 cont=0x13f a=0x80000016 p=0x80000016 e=0x80000016 inten=0x00000140[0m
[00:27:45.726,878] [0m<inf> radiant_gate_mpsl: sw: n=263 wipe=0 ramp=263 wipe+ramp=0 rx=262 wipe+rx=0 | started=263 early=0/0us last=2635us | open lead=231us max=233us late=0 glen=4888 cc0=2888[0m
[00:27:45.726,925] [0m<inf> radiant_gate_mpsl: hiend: timer0=262 rel=1 | lasted=2890us max=3486us | dur=2867us max=3463us short=1 | t0arm=31us stale=0[0m
[00:27:45.726,955] [0m<inf> radiant_gate_mpsl: gate: acq=265 in_grant=262/262 placed=266 granted=265 blocked=0 cancel=0 eagain=2 near=0 long=0 ext=87/0 dead=0 | den pend=0 anch=0 dist=0 degen=0 nosess=0 owed=0 | sent grant=1 dead=0 blk=0 supp=263 | end=265 (norm=264 rel=1 idle=0 late=0) | bad over=0 inval=0 unk=0 inl=0 | len=4888/4888 el=10000 skew=0 brun=0 sig=7 g=0 hw=0 p=1 rel=0 end=1 boot=0 anchor=1 owes=1[0m
[00:27:45.813,879] [0m<inf> radiant_api: SWEEP set=1 steer=0 dwell=0/260000 adv=1 sweeps=0 win=1 ok=2 searching=0 carrier=255 | chunks=1 preempt=0 missed=0 ebusy=0 rej=0 | pumps=1887 hk=1886 | scan_us=94200/1 track_us=58674/264 | end ok=0 abrt=0 miss=0 fail=0 deny=1 replan=0[0m
[00:27:46.727,033] [0m<inf> radiant_gate_mpsl: hi: acq=268 den=0 resv=0 pend=268 blk=0 grant=267[0m
[1;31m--- 4 messages dropped ---
[0m[00:27:46.861,765] [0m<inf> radiant_api: SWEEP set=1 steer=0 dwell=0/260000 adv=1 sweeps=0 win=1 ok=2 searching=0 carrier=255 | chunks=1 preempt=0 missed=0 ebusy=0 rej=0 | pumps=1912 hk=1911 | scan_us=94200/1 track_us=59694/269 | end ok=0 abrt=0 miss=0 fail=0 deny=1 replan=0[0m
[00:27:47.727,182] [0m<inf> radiant_gate_mpsl: hi: acq=272 den=0 resv=0 pend=272 blk=0 grant=271[0m
[00:27:47.727,194] [0m<inf> radiant_gate_mpsl: seam: grant=272 nostage=0 prog=272/0 | sigrad=543 sigt0=358 isr=543 end=272 dis=1 term=2 | ramp=272/1 state=0 ev=0x13 rxen saved=0x80000016 cont=0x13f a=0x80000016 p=0x80000016 e=0x80000016 inten=0x00000140[0m
[00:27:47.727,204] [0m<inf> radiant_gate_mpsl: sw: n=271 wipe=0 ramp=271 wipe+ramp=0 rx=270 wipe+rx=0 | started=271 early=0/0us last=2635us | open lead=231us max=233us late=0 glen=4888 cc0=2888[0m
[00:27:47.727,243] [0m<inf> radiant_gate_mpsl: hiend: timer0=270 rel=1 | lasted=2889us max=3486us | dur=2866us max=3463us short=1 | t0arm=31us stale=0[0m
[00:27:47.727,292] [0m<inf> radiant_gate_mpsl: gate: acq=273 in_grant=270/270 placed=274 granted=273 blocked=0 cancel=0 eagain=2 near=0 long=0 ext=87/0 dead=0 | den pend=0 anch=0 dist=0 degen=0 nosess=0 owed=0 | sent grant=1 dead=0 blk=0 supp=271 | end=273 (norm=272 rel=1 idle=0 late=0) | bad over=0 inval=0 unk=0 inl=0 | len=4888/4888 el=10000 skew=0 brun=0 sig=7 g=0 hw=0 p=1 rel=0 end=1 boot=0 anchor=1 owes=1[0m
[00:27:47.910,754] [0m<inf> radiant_api: SWEEP set=1 steer=0 dwell=0/260000 adv=1 sweeps=0 win=1 ok=2 searching=0 carrier=255 | chunks=1 preempt=0 missed=0 ebusy=0 rej=0 | pumps=1938 hk=1937 | scan_us=94200/1 track_us=60510/273 | end ok=0 abrt=0 miss=0 fail=0 deny=1 replan=0[0m
[00:27:48.727,390] [0m<inf> radiant_gate_mpsl: hi: acq=276 den=0 resv=0 pend=276 blk=0 grant=275[0m
[00:27:48.727,402] [0m<inf> radiant_gate_mpsl: seam: grant=276 nostage=0 prog=276/0 | sigrad=551 sigt0=362 isr=551 end=276 dis=1 term=2 | ramp=276/1 state=0 ev=0x13 rxen saved=0x80000016 cont=0x13f a=0x80000016 p=0x80000016 e=0x80000016 inten=0x00000140[0m
[00:27:48.727,420] [0m<inf> radiant_gate_mpsl: sw: n=275 wipe=0 ramp=275 wipe+ramp=0 rx=274 wipe+rx=0 | started=275 early=0/0us last=2635us | open lead=231us max=233us late=0 glen=4888 cc0=2888[0m
[00:27:48.727,462] [0m<inf> radiant_gate_mpsl: hiend: timer0=274 rel=1 | lasted=2890us max=3486us | dur=2867us max=3463us short=1 | t0arm=31us stale=0[0m
[00:27:48.727,481] [0m<inf> radiant_gate_mpsl: gate: acq=277 in_grant=274/274 placed=278 granted=277 blocked=0 cancel=0 eagain=2 near=0 long=0 ext=87/0 dead=0 | den pend=0 anch=0 dist=0 degen=0 nosess=0 owed=0 | sent grant=1 dead=0 blk=0 supp=275 | end=277 (norm=276 rel=1 idle=0 late=0) | bad over=0 inval=0 unk=0 inl=0 | len=4888/4888 el=10000 skew=0 brun=0 sig=7 g=0 hw=0 p=1 rel=0 end=1 boot=0 anchor=1 owes=1[0m
[00:27:48.959,642] [0m<inf> radiant_api: SWEEP set=1 steer=0 dwell=0/260000 adv=1 sweeps=0 win=1 ok=2 searching=0 carrier=255 | chunks=1 preempt=0 missed=0 ebusy=0 rej=0 | pumps=1963 hk=1962 | scan_us=94200/1 track_us=61326/277 | end ok=0 abrt=0 miss=0 fail=0 deny=1 replan=0[0m
[00:27:49.727,555] [0m<inf> radiant_gate_mpsl: hi: acq=280 den=0 resv=0 pend=280 blk=0 grant=279[0m
[1;31m--- 3 messages dropped ---
[0m[00:27:49.727,651] [0m<inf> radiant_gate_mpsl: gate: acq=281 in_grant=278/278 placed=282 granted=281 blocked=0 cancel=0 eagain=2 near=0 long=0 ext=87/0 dead=0 | den pend=0 anch=0 dist=0 degen=0 nosess=0 owed=0 | sent grant=1 dead=0 blk=0 supp=279 | end=281 (norm=280 rel=1 idle=0 late=0) | bad over=0 inval=0 unk=0 inl=0 | len=4888/4888 el=10000 skew=0 brun=0 sig=7 g=0 hw=0 p=1 rel=0 end=1 boot=0 anchor=1 owes=1[0m
[00:27:50.008,595] [0m<inf> radiant_api: SWEEP set=1 steer=0 dwell=0/260000 adv=1 sweeps=0 win=1 ok=2 searching=0 carrier=255 | chunks=1 preempt=0 missed=0 ebusy=0 rej=0 | pumps=1988 hk=1987 | scan_us=94200/1 track_us=62142/281 | end ok=0 abrt=0 miss=0 fail=0 deny=1 replan=0[0m
[00:27:50.727,723] [0m<inf> radiant_gate_mpsl: hi: acq=284 den=0 resv=0 pend=284 blk=0 grant=283[0m
[00:27:50.727,735] [0m<inf> radiant_gate_mpsl: seam: grant=284 nostage=0 prog=284/0 | sigrad=567 sigt0=370 isr=567 end=284 dis=1 term=2 | ramp=284/1 state=0 ev=0x13 rxen saved=0x80000016 cont=0x13f a=0x80000016 p=0x80000016 e=0x80000016 inten=0x00000140[0m
[00:27:50.727,745] [0m<inf> radiant_gate_mpsl: sw: n=283 wipe=0 ramp=283 wipe+ramp=0 rx=282 wipe+rx=0 | started=283 early=0/0us last=2635us | open lead=231us max=233us late=0 glen=4888 cc0=2888[0m
[00:27:50.727,793] [0m<inf> radiant_gate_mpsl: hiend: timer0=282 rel=1 | lasted=2889us max=3486us | dur=2866us max=3463us short=1 | t0arm=31us stale=0[0m
[00:27:50.727,828] [0m<inf> radiant_gate_mpsl: gate: acq=285 in_grant=282/282 placed=286 granted=285 blocked=0 cancel=0 eagain=2 near=0 long=0 ext=87/0 dead=0 | den pend=0 anch=0 dist=0 degen=0 nosess=0 owed=0 | sent grant=1 dead=0 blk=0 supp=283 | end=285 (norm=284 rel=1 idle=0 late=0) | bad over=0 inval=0 unk=0 inl=0 | len=4888/4888 el=10000 skew=0 brun=0 sig=7 g=0 hw=0 p=1 rel=0 end=1 boot=0 anchor=1 owes=1[0m
[00:27:51.057,532] [0m<inf> radiant_api: SWEEP set=1 steer=0 dwell=0/260000 adv=1 sweeps=0 win=1 ok=2 searching=0 carrier=255 | chunks=1 preempt=0 missed=0 ebusy=0 rej=0 | pumps=2013 hk=2012 | scan_us=94200/1 track_us=62958/285 | end ok=0 abrt=0 miss=0 fail=0 deny=1 replan=0[0m
[00:27:51.727,901] [0m<inf> radiant_gate_mpsl: hi: acq=288 den=0 resv=0 pend=288 blk=0 grant=287[0m
[00:27:51.727,913] [0m<inf> radiant_gate_mpsl: seam: grant=288 nostage=0 prog=288/0 | sigrad=575 sigt0=374 isr=575 end=288 dis=1 term=2 | ramp=288/1 state=0 ev=0x13 rxen saved=0x80000016 cont=0x13f a=0x80000016 p=0x80000016 e=0x80000016 inten=0x00000140[0m
[00:27:51.727,923] [0m<inf> radiant_gate_mpsl: sw: n=287 wipe=0 ramp=287 wipe+ramp=0 rx=286 wipe+rx=0 | started=287 early=0/0us last=2635us | open lead=231us max=233us late=0 glen=4888 cc0=2888[0m
[00:27:51.727,973] [0m<inf> radiant_gate_mpsl: hiend: timer0=286 rel=1 | lasted=2890us max=3486us | dur=2867us max=3463us short=1 | t0arm=31us stale=0[0m
[00:27:51.727,993] [0m<inf> radiant_gate_mpsl: gate: acq=289 in_grant=286/286 placed=290 granted=289 blocked=0 cancel=0 eagain=2 near=0 long=0 ext=87/0 dead=0 | den pend=0 anch=0 dist=0 degen=0 nosess=0 owed=0 | sent grant=1 dead=0 blk=0 supp=287 | end=289 (norm=288 rel=1 idle=0 late=0) | bad over=0 inval=0 unk=0 inl=0 | len=4888/4888 el=10000 skew=0 brun=0 sig=7 g=0 hw=0 p=1 rel=0 end=1 boot=0 anchor=1 owes=1[0m
[00:27:52.105,399] [0m<inf> radiant_api: SWEEP set=1 steer=0 dwell=0/260000 adv=1 sweeps=0 win=1 ok=2 searching=0 carrier=255 | chunks=1 preempt=0 missed=0 ebusy=0 rej=0 | pumps=2038 hk=2037 | scan_us=94200/1 track_us=63978/290 | end ok=0 abrt=0 miss=0 fail=0 deny=1 replan=0[0m
[00:27:52.728,062] [0m<inf> radiant_gate_mpsl: hi: acq=292 den=0 resv=0 pend=292 blk=0 grant=291[0m
[1;31m--- 4 messages dropped ---
[0m[00:27:53.154,374] [0m<inf> radiant_api: SWEEP set=1 steer=0 dwell=0/260000 adv=1 sweeps=0 win=1 ok=2 searching=0 carrier=255 | chunks=1 preempt=0 missed=0 ebusy=0 rej=0 | pumps=2064 hk=2063 | scan_us=94200/1 track_us=64794/294 | end ok=0 abrt=0 miss=0 fail=0 deny=1 replan=0[0m
[00:27:53.728,243] [0m<inf> radiant_gate_mpsl: hi: acq=296 den=0 resv=0 pend=296 blk=0 grant=295[0m
[00:27:53.728,255] [0m<inf> radiant_gate_mpsl: seam: grant=296 nostage=0 prog=296/0 | sigrad=591 sigt0=382 isr=591 end=296 dis=1 term=2 | ramp=296/1 state=0 ev=0x13 rxen saved=0x80000016 cont=0x13f a=0x80000016 p=0x80000016 e=0x80000016 inten=0x00000140[0m
[00:27:53.728,266] [0m<inf> radiant_gate_mpsl: sw: n=295 wipe=0 ramp=295 wipe+ramp=0 rx=294 wipe+rx=0 | started=295 early=0/0us last=2635us | open lead=231us max=233us late=0 glen=4888 cc0=2888[0m
[00:27:53.728,322] [0m<inf> radiant_gate_mpsl: hiend: timer0=294 rel=1 | lasted=2890us max=3486us | dur=2867us max=3463us short=1 | t0arm=31us stale=0[0m
[00:27:53.728,352] [0m<inf> radiant_gate_mpsl: gate: acq=297 in_grant=294/294 placed=298 granted=297 blocked=0 cancel=0 eagain=2 near=0 long=0 ext=87/0 dead=0 | den pend=0 anch=0 dist=0 degen=0 nosess=0 owed=0 | sent grant=1 dead=0 blk=0 supp=295 | end=297 (norm=296 rel=1 idle=0 late=0) | bad over=0 inval=0 unk=0 inl=0 | len=4888/4888 el=10000 skew=0 brun=0 sig=7 g=0 hw=0 p=1 rel=0 end=1 boot=0 anchor=1 owes=1[0m
[00:27:54.203,299] [0m<inf> radiant_api: SWEEP set=1 steer=0 dwell=0/260000 adv=1 sweeps=0 win=1 ok=2 searching=0 carrier=255 | chunks=1 preempt=0 missed=0 ebusy=0 rej=0 | pumps=2089 hk=2088 | scan_us=94200/1 track_us=65610/298 | end ok=0 abrt=0 miss=0 fail=0 deny=1 replan=0[0m
[00:27:54.728,452] [0m<inf> radiant_gate_mpsl: hi: acq=300 den=0 resv=0 pend=300 blk=0 grant=299[0m
[00:27:54.728,464] [0m<inf> radiant_gate_mpsl: seam: grant=300 nostage=0 prog=300/0 | sigrad=599 sigt0=386 isr=599 end=300 dis=1 term=2 | ramp=300/1 state=0 ev=0x13 rxen saved=0x80000016 cont=0x13f a=0x80000016 p=0x80000016 e=0x80000016 inten=0x00000140[0m
[00:27:54.728,482] [0m<inf> radiant_gate_mpsl: sw: n=299 wipe=0 ramp=299 wipe+ramp=0 rx=298 wipe+rx=0 | started=299 early=0/0us last=2635us | open lead=231us max=233us late=0 glen=4888 cc0=2888[0m
[00:27:54.728,524] [0m<inf> radiant_gate_mpsl: hiend: timer0=298 rel=1 | lasted=2890us max=3486us | dur=2866us max=3463us short=1 | t0arm=31us stale=0[0m
[00:27:54.728,544] [0m<inf> radiant_gate_mpsl: gate: acq=301 in_grant=298/298 placed=302 granted=301 blocked=0 cancel=0 eagain=2 near=0 long=0 ext=87/0 dead=0 | den pend=0 anch=0 dist=0 degen=0 nosess=0 owed=0 | sent grant=1 dead=0 blk=0 supp=299 | end=301 (norm=300 rel=1 idle=0 late=0) | bad over=0 inval=0 unk=0 inl=0 | len=4888/4888 el=10000 skew=0 brun=0 sig=7 g=0 hw=0 p=1 rel=0 end=1 boot=0 anchor=1 owes=1[0m
[00:27:55.252,210] [0m<inf> radiant_api: SWEEP set=1 steer=0 dwell=0/260000 adv=1 sweeps=0 win=1 ok=2 searching=0 carrier=255 | chunks=1 preempt=0 missed=0 ebusy=0 rej=0 | pumps=2114 hk=2113 | scan_us=94200/1 track_us=66426/302 | end ok=0 abrt=0 miss=0 fail=0 deny=1 replan=0[0m
[00:27:55.728,653] [0m<inf> radiant_gate_mpsl: hi: acq=304 den=0 resv=0 pend=304 blk=0 grant=303[0m
[1;31m--- 3 messages dropped ---
[0m[00:27:55.728,739] [0m<inf> radiant_gate_mpsl: gate: acq=305 in_grant=302/302 placed=306 granted=305 blocked=0 cancel=0 eagain=2 near=0 long=0 ext=87/0 dead=0 | den pend=0 anch=0 dist=0 degen=0 nosess=0 owed=0 | sent grant=1 dead=0 blk=0 supp=303 | end=305 (norm=304 rel=1 idle=0 late=0) | bad over=0 inval=0 unk=0 inl=0 | len=4888/4888 el=10000 skew=0 brun=0 sig=7 g=0 hw=0 p=1 rel=0 end=1 boot=0 anchor=1 owes=1[0m
[00:27:56.301,142] [0m<inf> radiant_api: SWEEP set=1 steer=0 dwell=0/260000 adv=1 sweeps=0 win=1 ok=2 searching=0 carrier=255 | chunks=1 preempt=0 missed=0 ebusy=0 rej=0 | pumps=2139 hk=2138 | scan_us=94200/1 track_us=67242/306 | end ok=0 abrt=0 miss=0 fail=0 deny=1 replan=0[0m
[00:27:56.728,829] [0m<inf> radiant_gate_mpsl: hi: acq=308 den=0 resv=0 pend=308 blk=0 grant=307[0m
[00:27:56.728,840] [0m<inf> radiant_gate_mpsl: seam: grant=308 nostage=0 prog=308/0 | sigrad=615 sigt0=394 isr=615 end=308 dis=1 term=2 | ramp=308/1 state=0 ev=0x13 rxen saved=0x80000016 cont=0x13f a=0x80000016 p=0x80000016 e=0x80000016 inten=0x00000140[0m
[00:27:56.728,850] [0m<inf> radiant_gate_mpsl: sw: n=307 wipe=0 ramp=307 wipe+ramp=0 rx=306 wipe+rx=0 | started=307 early=0/0us last=2635us | open lead=231us max=233us late=0 glen=4888 cc0=2888[0m
[00:27:56.728,898] [0m<inf> radiant_gate_mpsl: hiend: timer0=306 rel=1 | lasted=2890us max=3486us | dur=2867us max=3463us short=1 | t0arm=31us stale=0[0m
[00:27:56.728,934] [0m<inf> radiant_gate_mpsl: gate: acq=309 in_grant=306/306 placed=310 granted=309 blocked=0 cancel=0 eagain=2 near=0 long=0 ext=87/0 dead=0 | den pend=0 anch=0 dist=0 degen=0 nosess=0 owed=0 | sent grant=1 dead=0 blk=0 supp=307 | end=309 (norm=308 rel=1 idle=0 late=0) | bad over=0 inval=0 unk=0 inl=0 | len=4888/4888 el=10000 skew=0 brun=0 sig=7 g=0 hw=0 p=1 rel=0 end=1 boot=0 anchor=1 owes=1[0m
[00:27:57.349,026] [0m<inf> radiant_api: SWEEP set=1 steer=0 dwell=0/260000 adv=1 sweeps=0 win=1 ok=2 searching=0 carrier=255 | chunks=1 preempt=0 missed=0 ebusy=0 rej=0 | pumps=2164 hk=2163 | scan_us=94200/1 track_us=68262/311 | end ok=0 abrt=0 miss=0 fail=0 deny=1 replan=0[0m
[00:27:57.729,005] [0m<inf> radiant_gate_mpsl: hi: acq=312 den=0 resv=0 pend=312 blk=0 grant=311[0m
[00:27:57.729,017] [0m<inf> radiant_gate_mpsl: seam: grant=312 nostage=0 prog=312/0 | sigrad=623 sigt0=398 isr=623 end=312 dis=1 term=2 | ramp=312/1 state=0 ev=0x13 rxen saved=0x80000016 cont=0x13f a=0x80000016 p=0x80000016 e=0x80000016 inten=0x00000140[0m
[00:27:57.729,027] [0m<inf> radiant_gate_mpsl: sw: n=311 wipe=0 ramp=311 wipe+ramp=0 rx=310 wipe+rx=0 | started=311 early=0/0us last=2635us | open lead=231us max=233us late=0 glen=4888 cc0=2888[0m
[00:27:57.729,070] [0m<inf> radiant_gate_mpsl: hiend: timer0=310 rel=1 | lasted=2889us max=3486us | dur=2866us max=3463us short=1 | t0arm=31us stale=0[0m
[00:27:57.729,098] [0m<inf> radiant_gate_mpsl: gate: acq=313 in_grant=310/310 placed=314 granted=313 blocked=0 cancel=0 eagain=2 near=0 long=0 ext=87/0 dead=0 | den pend=0 anch=0 dist=0 degen=0 nosess=0 owed=0 | sent grant=1 dead=0 blk=0 supp=311 | end=313 (norm=312 rel=1 idle=0 late=0) | bad over=0 inval=0 unk=0 inl=0 | len=4888/4888 el=10000 skew=0 brun=0 sig=7 g=0 hw=0 p=1 rel=0 end=1 boot=0 anchor=1 owes=1[0m
[00:27:58.397,995] [0m<inf> radiant_api: SWEEP set=1 steer=0 dwell=0/260000 adv=1 sweeps=0 win=1 ok=2 searching=0 carrier=255 | chunks=1 preempt=0 missed=0 ebusy=0 rej=0 | pumps=2190 hk=2189 | scan_us=94200/1 track_us=69078/315 | end ok=0 abrt=0 miss=0 fail=0 deny=1 replan=0[0m
[00:27:58.729,168] [0m<inf> radiant_gate_mpsl: hi: acq=316 den=0 resv=0 pend=316 blk=0 grant=315[0m
[1;31m--- 4 messages dropped ---
[0m[00:27:59.446,932] [0m<inf> radiant_api: SWEEP set=1 steer=0 dwell=0/260000 adv=1 sweeps=0 win=1 ok=2 searching=0 carrier=255 | chunks=1 preempt=0 missed=0 ebusy=0 rej=0 | pumps=2215 hk=2214 | scan_us=94200/1 track_us=69894/319 | end ok=0 abrt=0 miss=0 fail=0 deny=1 replan=0[0m
[00:27:59.729,316] [0m<inf> radiant_gate_mpsl: hi: acq=320 den=0 resv=0 pend=320 blk=0 grant=319[0m
[00:27:59.729,328] [0m<inf> radiant_gate_mpsl: seam: grant=320 nostage=0 prog=320/0 | sigrad=639 sigt0=406 isr=639 end=320 dis=1 term=2 | ramp=320/1 state=0 ev=0x13 rxen saved=0x80000016 cont=0x13f a=0x80000016 p=0x80000016 e=0x80000016 inten=0x00000140[0m
[00:27:59.729,338] [0m<inf> radiant_gate_mpsl: sw: n=319 wipe=0 ramp=319 wipe+ramp=0 rx=318 wipe+rx=0 | started=319 early=0/0us last=2635us | open lead=231us max=233us late=0 glen=4888 cc0=2888[0m
[00:27:59.729,394] [0m<inf> radiant_gate_mpsl: hiend: timer0=318 rel=1 | lasted=2890us max=3486us | dur=2867us max=3463us short=1 | t0arm=31us stale=0[0m
[00:27:59.729,426] [0m<inf> radiant_gate_mpsl: gate: acq=321 in_grant=318/318 placed=322 granted=321 blocked=0 cancel=0 eagain=2 near=0 long=0 ext=87/0 dead=0 | den pend=0 anch=0 dist=0 degen=0 nosess=0 owed=0 | sent grant=1 dead=0 blk=0 supp=319 | end=321 (norm=320 rel=1 idle=0 late=0) | bad over=0 inval=0 unk=0 inl=0 | len=4888/4888 el=10000 skew=0 brun=0 sig=7 g=0 hw=0 p=1 rel=0 end=1 boot=0 anchor=1 owes=1[0m
[00:28:00.495,855] [0m<inf> radiant_api: SWEEP set=1 steer=0 dwell=0/260000 adv=1 sweeps=0 win=1 ok=2 searching=0 carrier=255 | chunks=1 preempt=0 missed=0 ebusy=0 rej=0 | pumps=2240 hk=2239 | scan_us=94200/1 track_us=70710/323 | end ok=0 abrt=0 miss=0 fail=0 deny=1 replan=0[0m
[00:28:00.729,493] [0m<inf> radiant_gate_mpsl: hi: acq=324 den=0 resv=0 pend=324 blk=0 grant=323[0m
[00:28:00.729,507] [0m<inf> radiant_gate_mpsl: seam: grant=324 nostage=0 prog=324/0 | sigrad=647 sigt0=410 isr=647 end=324 dis=1 term=2 | ramp=324/1 state=0 ev=0x13 rxen saved=0x80000016 cont=0x13f a=0x80000016 p=0x80000016 e=0x80000016 inten=0x00000140[0m
[00:28:00.729,516] [0m<inf> radiant_gate_mpsl: sw: n=323 wipe=0 ramp=323 wipe+ramp=0 rx=322 wipe+rx=0 | started=323 early=0/0us last=2635us | open lead=231us max=233us late=0 glen=4888 cc0=2888[0m
[00:28:00.729,566] [0m<inf> radiant_gate_mpsl: hiend: timer0=322 rel=1 | lasted=2889us max=3486us | dur=2866us max=3463us short=1 | t0arm=31us stale=0[0m
[00:28:00.729,585] [0m<inf> radiant_gate_mpsl: gate: acq=325 in_grant=322/322 placed=326 granted=325 blocked=0 cancel=0 eagain=2 near=0 long=0 ext=87/0 dead=0 | den pend=0 anch=0 dist=0 degen=0 nosess=0 owed=0 | sent grant=1 dead=0 blk=0 supp=323 | end=325 (norm=324 rel=1 idle=0 late=0) | bad over=0 inval=0 unk=0 inl=0 | len=4888/4888 el=10000 skew=0 brun=0 sig=7 g=0 hw=0 p=1 rel=0 end=1 boot=0 anchor=1 owes=1[0m
[00:28:01.544,784] [0m<inf> radiant_api: SWEEP set=1 steer=0 dwell=0/260000 adv=1 sweeps=0 win=1 ok=2 searching=0 carrier=255 | chunks=1 preempt=0 missed=0 ebusy=0 rej=0 | pumps=2265 hk=2264 | scan_us=94200/1 track_us=71526/327 | end ok=0 abrt=0 miss=0 fail=0 deny=1 replan=0[0m
[00:28:01.729,669] [0m<inf> radiant_gate_mpsl: hi: acq=328 den=0 resv=0 pend=328 blk=0 grant=327[0m
[1;31m--- 3 messages dropped ---
[0m[00:28:01.729,764] [0m<inf> radiant_gate_mpsl: gate: acq=329 in_grant=326/326 placed=330 granted=329 blocked=0 cancel=0 eagain=2 near=0 long=0 ext=87/0 dead=0 | den pend=0 anch=0 dist=0 degen=0 nosess=0 owed=0 | sent grant=1 dead=0 blk=0 supp=327 | end=329 (norm=328 rel=1 idle=0 late=0) | bad over=0 inval=0 unk=0 inl=0 | len=4888/4888 el=10000 skew=0 brun=0 sig=7 g=0 hw=0 p=1 rel=0 end=1 boot=0 anchor=1 owes=1[0m
[00:28:02.592,656] [0m<inf> radiant_api: SWEEP set=1 steer=0 dwell=0/260000 adv=1 sweeps=0 win=1 ok=2 searching=0 carrier=255 | chunks=1 preempt=0 missed=0 ebusy=0 rej=0 | pumps=2290 hk=2289 | scan_us=94200/1 track_us=72546/332 | end ok=0 abrt=0 miss=0 fail=0 deny=1 replan=0[0m
[00:28:02.729,829] [0m<inf> radiant_gate_mpsl: hi: acq=332 den=0 resv=0 pend=332 blk=0 grant=331[0m
[00:28:02.729,841] [0m<inf> radiant_gate_mpsl: seam: grant=332 nostage=0 prog=332/0 | sigrad=663 sigt0=418 isr=663 end=332 dis=1 term=2 | ramp=332/1 state=0 ev=0x13 rxen saved=0x80000016 cont=0x13f a=0x80000016 p=0x80000016 e=0x80000016 inten=0x00000140[0m
[00:28:02.729,850] [0m<inf> radiant_gate_mpsl: sw: n=331 wipe=0 ramp=331 wipe+ramp=0 rx=330 wipe+rx=0 | started=331 early=0/0us last=2635us | open lead=231us max=233us late=0 glen=4888 cc0=2888[0m
[00:28:02.729,907] [0m<inf> radiant_gate_mpsl: hiend: timer0=330 rel=1 | lasted=2890us max=3486us | dur=2866us max=3463us short=1 | t0arm=31us stale=0[0m
[00:28:02.729,935] [0m<inf> radiant_gate_mpsl: gate: acq=333 in_grant=330/330 placed=334 granted=333 blocked=0 cancel=0 eagain=2 near=0 long=0 ext=87/0 dead=0 | den pend=0 anch=0 dist=0 degen=0 nosess=0 owed=0 | sent grant=1 dead=0 blk=0 supp=331 | end=333 (norm=332 rel=1 idle=0 late=0) | bad over=0 inval=0 unk=0 inl=0 | len=4888/4888 el=10000 skew=0 brun=0 sig=7 g=0 hw=0 p=1 rel=0 end=1 boot=0 anchor=1 owes=1[0m
[00:28:03.641,638] [0m<inf> radiant_api: SWEEP set=1 steer=0 dwell=0/260000 adv=1 sweeps=0 win=1 ok=2 searching=0 carrier=255 | chunks=1 preempt=0 missed=0 ebusy=0 rej=0 | pumps=2316 hk=2315 | scan_us=94200/1 track_us=73362/336 | end ok=0 abrt=0 miss=0 fail=0 deny=1 replan=0[0m
[00:28:03.730,010] [0m<inf> radiant_gate_mpsl: hi: acq=336 den=0 resv=0 pend=336 blk=0 grant=335[0m
[00:28:03.730,022] [0m<inf> radiant_gate_mpsl: seam: grant=336 nostage=0 prog=336/0 | sigrad=671 sigt0=422 isr=671 end=336 dis=1 term=2 | ramp=336/1 state=0 ev=0x13 rxen saved=0x80000016 cont=0x13f a=0x80000016 p=0x80000016 e=0x80000016 inten=0x00000140[0m
[00:28:03.730,032] [0m<inf> radiant_gate_mpsl: sw: n=335 wipe=0 ramp=335 wipe+ramp=0 rx=334 wipe+rx=0 | started=335 early=0/0us last=2635us | open lead=231us max=233us late=0 glen=4888 cc0=2888[0m
[00:28:03.730,081] [0m<inf> radiant_gate_mpsl: hiend: timer0=334 rel=1 | lasted=2889us max=3486us | dur=2866us max=3463us short=1 | t0arm=31us stale=0[0m
[00:28:03.730,101] [0m<inf> radiant_gate_mpsl: gate: acq=337 in_grant=334/334 placed=338 granted=337 blocked=0 cancel=0 eagain=2 near=0 long=0 ext=87/0 dead=0 | den pend=0 anch=0 dist=0 degen=0 nosess=0 owed=0 | sent grant=1 dead=0 blk=0 supp=335 | end=337 (norm=336 rel=1 idle=0 late=0) | bad over=0 inval=0 unk=0 inl=0 | len=4888/4888 el=10000 skew=0 brun=0 sig=7 g=0 hw=0 p=1 rel=0 end=1 boot=0 anchor=1 owes=1[0m
[00:28:04.690,530] [0m<inf> radiant_api: SWEEP set=1 steer=0 dwell=0/260000 adv=1 sweeps=0 win=1 ok=2 searching=0 carrier=255 | chunks=1 preempt=0 missed=0 ebusy=0 rej=0 | pumps=2341 hk=2340 | scan_us=94200/1 track_us=74178/340 | end ok=0 abrt=0 miss=0 fail=0 deny=1 replan=0[0m
[00:28:04.730,158] [0m<inf> radiant_gate_mpsl: hi: acq=340 den=0 resv=0 pend=340 blk=0 grant=339[0m
[00:28:04.730,169] [0m<inf> radiant_gate_mpsl: seam: grant=340 nostage=0 prog=340/0 | sigrad=679 sigt0=426 isr=679 end=340 dis=1 term=2 | ramp=340/1 state=0 ev=0x13 rxen saved=0x80000016 cont=0x13f a=0x80000016 p=0x80000016 e=0x80000016 inten=0x00000140[0m
[00:28:04.730,181] [0m<inf> radiant_gate_mpsl: sw: n=339 wipe=0 ramp=339 wipe+ramp=0 rx=338 wipe+rx=0 | started=339 early=0/0us last=2635us | open lead=231us max=233us late=0 glen=4888 cc0=2888[0m
[00:28:04.730,218] [0m<inf> radiant_gate_mpsl: hiend: timer0=338 rel=1 | lasted=2890us max=3486us | dur=2867us max=3463us short=1 | t0arm=31us stale=0[0m
[00:28:04.730,247] [0m<inf> radiant_gate_mpsl: gate: acq=341 in_grant=338/338 placed=342 granted=341 blocked=0 cancel=0 eagain=2 near=0 long=0 ext=87/0 dead=0 | den pend=0 anch=0 dist=0 degen=0 nosess=0 owed=0 | sent grant=1 dead=0 blk=0 supp=339 | end=341 (norm=340 rel=1 idle=0 late=0) | bad over=0 inval=0 unk=0 inl=0 | len=4888/4888 el=10000 skew=0 brun=0 sig=7 g=0 hw=0 p=1 rel=0 end=1 boot=0 anchor=1 owes=1[0m
[00:28:05.730,338] [0m<inf> radiant_gate_mpsl: hi: acq=344 den=0 resv=0 pend=344 blk=0 grant=343[0m
[1;31m--- 4 messages dropped ---
[0m[00:28:05.739,488] [0m<inf> radiant_api: SWEEP set=1 steer=0 dwell=0/260000 adv=1 sweeps=0 win=1 ok=2 searching=0 carrier=255 | chunks=1 preempt=0 missed=0 ebusy=0 rej=0 | pumps=2366 hk=2365 | scan_us=94200/1 track_us=74994/344 | end ok=0 abrt=0 miss=0 fail=0 deny=1 replan=0[0m
[00:28:06.730,519] [0m<inf> radiant_gate_mpsl: hi: acq=348 den=0 resv=0 pend=348 blk=0 grant=347[0m
[00:28:06.730,531] [0m<inf> radiant_gate_mpsl: seam: grant=348 nostage=0 prog=348/0 | sigrad=695 sigt0=434 isr=695 end=348 dis=1 term=2 | ramp=348/1 state=0 ev=0x13 rxen saved=0x80000016 cont=0x13f a=0x80000016 p=0x80000016 e=0x80000016 inten=0x00000140[0m
[00:28:06.730,541] [0m<inf> radiant_gate_mpsl: sw: n=347 wipe=0 ramp=347 wipe+ramp=0 rx=346 wipe+rx=0 | started=347 early=0/0us last=2635us | open lead=231us max=233us late=0 glen=4888 cc0=2888[0m
[00:28:06.730,596] [0m<inf> radiant_gate_mpsl: hiend: timer0=346 rel=1 | lasted=2890us max=3486us | dur=2867us max=3463us short=1 | t0arm=31us stale=0[0m
[00:28:06.730,626] [0m<inf> radiant_gate_mpsl: gate: acq=349 in_grant=346/346 placed=350 granted=349 blocked=0 cancel=0 eagain=2 near=0 long=0 ext=87/0 dead=0 | den pend=0 anch=0 dist=0 degen=0 nosess=0 owed=0 | sent grant=1 dead=0 blk=0 supp=347 | end=349 (norm=348 rel=1 idle=0 late=0) | bad over=0 inval=0 unk=0 inl=0 | len=4888/4888 el=10000 skew=0 brun=0 sig=7 g=0 hw=0 p=1 rel=0 end=1 boot=0 anchor=1 owes=1[0m
[00:28:06.788,401] [0m<inf> radiant_api: SWEEP set=1 steer=0 dwell=0/260000 adv=1 sweeps=0 win=1 ok=2 searching=0 carrier=255 | chunks=1 preempt=0 missed=0 ebusy=0 rej=0 | pumps=2391 hk=2390 | scan_us=94200/1 track_us=75810/348 | end ok=0 abrt=0 miss=0 fail=0 deny=1 replan=0[0m
[00:28:07.730,727] [0m<inf> radiant_gate_mpsl: hi: acq=352 den=0 resv=0 pend=352 blk=0 grant=351[0m
[1;31m--- 4 messages dropped ---
[0m[00:28:07.836,287] [0m<inf> radiant_api: SWEEP set=1 steer=0 dwell=0/260000 adv=1 sweeps=0 win=1 ok=2 searching=0 carrier=255 | chunks=1 preempt=0 missed=0 ebusy=0 rej=0 | pumps=2416 hk=2415 | scan_us=94200/1 track_us=76830/353 | end ok=0 abrt=0 miss=0 fail=0 deny=1 replan=0[0m
[00:28:08.730,908] [0m<inf> radiant_gate_mpsl: hi: acq=356 den=0 resv=0 pend=356 blk=0 grant=355[0m
[00:28:08.730,920] [0m<inf> radiant_gate_mpsl: seam: grant=356 nostage=0 prog=356/0 | sigrad=711 sigt0=442 isr=711 end=356 dis=1 term=2 | ramp=356/1 state=0 ev=0x13 rxen saved=0x80000016 cont=0x13f a=0x80000016 p=0x80000016 e=0x80000016 inten=0x00000140[0m
[00:28:08.730,930] [0m<inf> radiant_gate_mpsl: sw: n=355 wipe=0 ramp=355 wipe+ramp=0 rx=354 wipe+rx=0 | started=355 early=0/0us last=2635us | open lead=232us max=233us late=0 glen=4888 cc0=2888[0m
[00:28:08.730,978] [0m<inf> radiant_gate_mpsl: hiend: timer0=354 rel=1 | lasted=2889us max=3486us | dur=2866us max=3463us short=1 | t0arm=31us stale=0[0m
[00:28:08.731,018] [0m<inf> radiant_gate_mpsl: gate: acq=357 in_grant=354/354 placed=358 granted=357 blocked=0 cancel=0 eagain=2 near=0 long=0 ext=87/0 dead=0 | den pend=0 anch=0 dist=0 degen=0 nosess=0 owed=0 | sent grant=1 dead=0 blk=0 supp=355 | end=357 (norm=356 rel=1 idle=0 late=0) | bad over=0 inval=0 unk=0 inl=0 | len=4888/4888 el=10000 skew=0 brun=0 sig=7 g=0 hw=0 p=1 rel=0 end=1 boot=0 anchor=1 owes=1[0m
[00:28:08.885,281] [0m<inf> radiant_api: SWEEP set=1 steer=0 dwell=0/260000 adv=1 sweeps=0 win=1 ok=2 searching=0 carrier=255 | chunks=1 preempt=0 missed=0 ebusy=0 rej=0 | pumps=2442 hk=2441 | scan_us=94200/1 track_us=77646/357 | end ok=0 abrt=0 miss=0 fail=0 deny=1 replan=0[0m
[00:28:09.731,085] [0m<inf> radiant_gate_mpsl: hi: acq=360 den=0 resv=0 pend=360 blk=0 grant=359[0m
[00:28:09.731,097] [0m<inf> radiant_gate_mpsl: seam: grant=360 nostage=0 prog=360/0 | sigrad=719 sigt0=446 isr=719 end=360 dis=1 term=2 | ramp=360/1 state=0 ev=0x13 rxen saved=0x80000016 cont=0x13f a=0x80000016 p=0x80000016 e=0x80000016 inten=0x00000140[0m
[00:28:09.731,107] [0m<inf> radiant_gate_mpsl: sw: n=359 wipe=0 ramp=359 wipe+ramp=0 rx=358 wipe+rx=0 | started=359 early=0/0us last=2635us | open lead=231us max=233us late=0 glen=4888 cc0=2888[0m
[00:28:09.731,157] [0m<inf> radiant_gate_mpsl: hiend: timer0=358 rel=1 | lasted=2890us max=3486us | dur=2867us max=3463us short=1 | t0arm=31us stale=0[0m
[00:28:09.731,177] [0m<inf> radiant_gate_mpsl: gate: acq=361 in_grant=358/358 placed=362 granted=361 blocked=0 cancel=0 eagain=2 near=0 long=0 ext=87/0 dead=0 | den pend=0 anch=0 dist=0 degen=0 nosess=0 owed=0 | sent grant=1 dead=0 blk=0 supp=359 | end=361 (norm=360 rel=1 idle=0 late=0) | bad over=0 inval=0 unk=0 inl=0 | len=4888/4888 el=10000 skew=0 brun=0 sig=7 g=0 hw=0 p=1 rel=0 end=1 boot=0 anchor=1 owes=1[0m
[00:28:09.934,194] [0m<inf> radiant_api: SWEEP set=1 steer=0 dwell=0/260000 adv=1 sweeps=0 win=1 ok=2 searching=0 carrier=255 | chunks=1 preempt=0 missed=0 ebusy=0 rej=0 | pumps=2467 hk=2466 | scan_us=94200/1 track_us=78462/361 | end ok=0 abrt=0 miss=0 fail=0 deny=1 replan=0[0m
[00:28:10.731,249] [0m<inf> radiant_gate_mpsl: hi: acq=364 den=0 resv=0 pend=364 blk=0 grant=363[0m
[1;31m--- 3 messages dropped ---
[0m[00:28:10.731,344] [0m<inf> radiant_gate_mpsl: gate: acq=365 in_grant=362/362 placed=366 granted=365 blocked=0 cancel=0 eagain=2 near=0 long=0 ext=87/0 dead=0 | den pend=0 anch=0 dist=0 degen=0 nosess=0 owed=0 | sent grant=1 dead=0 blk=0 supp=363 | end=365 (norm=364 rel=1 idle=0 late=0) | bad over=0 inval=0 unk=0 inl=0 | len=4888/4888 el=10000 skew=0 brun=0 sig=7 g=0 hw=0 p=1 rel=0 end=1 boot=0 anchor=1 owes=1[0m
[00:28:10.983,117] [0m<inf> radiant_api: SWEEP set=1 steer=0 dwell=0/260000 adv=1 sweeps=0 win=1 ok=2 searching=0 carrier=255 | chunks=1 preempt=0 missed=0 ebusy=0 rej=0 | pumps=2492 hk=2491 | scan_us=94200/1 track_us=79278/365 | end ok=0 abrt=0 miss=0 fail=0 deny=1 replan=0[0m
[00:28:11.731,397] [0m<inf> radiant_gate_mpsl: hi: acq=368 den=0 resv=0 pend=368 blk=0 grant=367[0m
[00:28:11.731,409] [0m<inf> radiant_gate_mpsl: seam: grant=368 nostage=0 prog=368/0 | sigrad=735 sigt0=454 isr=735 end=368 dis=1 term=2 | ramp=368/1 state=0 ev=0x13 rxen saved=0x80000016 cont=0x13f a=0x80000016 p=0x80000016 e=0x80000016 inten=0x00000140[0m
[00:28:11.731,419] [0m<inf> radiant_gate_mpsl: sw: n=367 wipe=0 ramp=367 wipe+ramp=0 rx=366 wipe+rx=0 | started=367 early=0/0us last=2635us | open lead=231us max=233us late=0 glen=4888 cc0=2888[0m
[00:28:11.731,458] [0m<inf> radiant_gate_mpsl: hiend: timer0=366 rel=1 | lasted=2889us max=3486us | dur=2866us max=3463us short=1 | t0arm=31us stale=0[0m
[00:28:11.731,503] [0m<inf> radiant_gate_mpsl: gate: acq=369 in_grant=366/366 placed=370 granted=369 blocked=0 cancel=0 eagain=2 near=0 long=0 ext=87/0 dead=0 | den pend=0 anch=0 dist=0 degen=0 nosess=0 owed=0 | sent grant=1 dead=0 blk=0 supp=367 | end=369 (norm=368 rel=1 idle=0 late=0) | bad over=0 inval=0 unk=0 inl=0 | len=4888/4888 el=10000 skew=0 brun=0 sig=7 g=0 hw=0 p=1 rel=0 end=1 boot=0 anchor=1 owes=1[0m
[00:28:12.032,015] [0m<inf> radiant_api: SWEEP set=1 steer=0 dwell=0/260000 adv=1 sweeps=0 win=1 ok=2 searching=0 carrier=255 | chunks=1 preempt=0 missed=0 ebusy=0 rej=0 | pumps=2517 hk=2516 | scan_us=94200/1 track_us=80094/369 | end ok=0 abrt=0 miss=0 fail=0 deny=1 replan=0[0m
[00:28:12.731,577] [0m<inf> radiant_gate_mpsl: hi: acq=372 den=0 resv=0 pend=372 blk=0 grant=371[0m
[00:28:12.731,589] [0m<inf> radiant_gate_mpsl: seam: grant=372 nostage=0 prog=372/0 | sigrad=743 sigt0=458 isr=743 end=372 dis=1 term=2 | ramp=372/1 state=0 ev=0x13 rxen saved=0x80000016 cont=0x13f a=0x80000016 p=0x80000016 e=0x80000016 inten=0x00000140[0m
[00:28:12.731,599] [0m<inf> radiant_gate_mpsl: sw: n=371 wipe=0 ramp=371 wipe+ramp=0 rx=370 wipe+rx=0 | started=371 early=0/0us last=2635us | open lead=231us max=233us late=0 glen=4888 cc0=2888[0m
[00:28:12.731,649] [0m<inf> radiant_gate_mpsl: hiend: timer0=370 rel=1 | lasted=2890us max=3486us | dur=2867us max=3463us short=1 | t0arm=31us stale=0[0m
[00:28:12.731,669] [0m<inf> radiant_gate_mpsl: gate: acq=373 in_grant=370/370 placed=374 granted=373 blocked=0 cancel=0 eagain=2 near=0 long=0 ext=87/0 dead=0 | den pend=0 anch=0 dist=0 degen=0 nosess=0 owed=0 | sent grant=1 dead=0 blk=0 supp=371 | end=373 (norm=372 rel=1 idle=0 late=0) | bad over=0 inval=0 unk=0 inl=0 | len=4888/4888 el=10000 skew=0 brun=0 sig=7 g=0 hw=0 p=1 rel=0 end=1 boot=0 anchor=1 owes=1[0m
[00:28:13.079,920] [0m<inf> radiant_api: SWEEP set=1 steer=0 dwell=0/260000 adv=1 sweeps=0 win=1 ok=2 searching=0 carrier=255 | chunks=1 preempt=0 missed=0 ebusy=0 rej=0 | pumps=2542 hk=2541 | scan_us=94200/1 track_us=81114/374 | end ok=0 abrt=0 miss=0 fail=0 deny=1 replan=0[0m
[00:28:13.731,740] [0m<inf> radiant_gate_mpsl: hi: acq=376 den=0 resv=0 pend=376 blk=0 grant=375[0m
[1;31m--- 4 messages dropped ---
[0m[00:28:14.128,896] [0m<inf> radiant_api: SWEEP set=1 steer=0 dwell=0/260000 adv=1 sweeps=0 win=1 ok=2 searching=0 carrier=255 | chunks=1 preempt=0 missed=0 ebusy=0 rej=0 | pumps=2568 hk=2567 | scan_us=94200/1 track_us=81930/378 | end ok=0 abrt=0 miss=0 fail=0 deny=1 replan=0[0m
[00:28:14.731,889] [0m<inf> radiant_gate_mpsl: hi: acq=380 den=0 resv=0 pend=380 blk=0 grant=379[0m
[00:28:14.731,901] [0m<inf> radiant_gate_mpsl: seam: grant=380 nostage=0 prog=380/0 | sigrad=759 sigt0=466 isr=759 end=380 dis=1 term=2 | ramp=380/1 state=0 ev=0x13 rxen saved=0x80000016 cont=0x13f a=0x80000016 p=0x80000016 e=0x80000016 inten=0x00000140[0m
[00:28:14.731,912] [0m<inf> radiant_gate_mpsl: sw: n=379 wipe=0 ramp=379 wipe+ramp=0 rx=378 wipe+rx=0 | started=379 early=0/0us last=2635us | open lead=231us max=233us late=0 glen=4888 cc0=2888[0m
[00:28:14.731,967] [0m<inf> radiant_gate_mpsl: hiend: timer0=378 rel=1 | lasted=2890us max=3486us | dur=2867us max=3463us short=1 | t0arm=31us stale=0[0m
[00:28:14.731,999] [0m<inf> radiant_gate_mpsl: gate: acq=381 in_grant=378/378 placed=382 granted=381 blocked=0 cancel=0 eagain=2 near=0 long=0 ext=87/0 dead=0 | den pend=0 anch=0 dist=0 degen=0 nosess=0 owed=0 | sent grant=1 dead=0 blk=0 supp=379 | end=381 (norm=380 rel=1 idle=0 late=0) | bad over=0 inval=0 unk=0 inl=0 | len=4888/4888 el=10000 skew=0 brun=0 sig=7 g=0 hw=0 p=1 rel=0 end=1 boot=0 anchor=1 owes=1[0m
[00:28:15.177,821] [0m<inf> radiant_api: SWEEP set=1 steer=0 dwell=0/260000 adv=1 sweeps=0 win=1 ok=2 searching=0 carrier=255 | chunks=1 preempt=0 missed=0 ebusy=0 rej=0 | pumps=2593 hk=2592 | scan_us=94200/1 track_us=82746/382 | end ok=0 abrt=0 miss=0 fail=0 deny=1 replan=0[0m
[00:28:15.732,097] [0m<inf> radiant_gate_mpsl: hi: acq=384 den=0 resv=0 pend=384 blk=0 grant=383[0m
[00:28:15.732,109] [0m<inf> radiant_gate_mpsl: seam: grant=384 nostage=0 prog=384/0 | sigrad=767 sigt0=470 isr=767 end=384 dis=1 term=2 | ramp=384/1 state=0 ev=0x13 rxen saved=0x80000016 cont=0x13f a=0x80000016 p=0x80000016 e=0x80000016 inten=0x00000140[0m
[00:28:15.732,127] [0m<inf> radiant_gate_mpsl: sw: n=383 wipe=0 ramp=383 wipe+ramp=0 rx=382 wipe+rx=0 | started=383 early=0/0us last=2635us | open lead=231us max=233us late=0 glen=4888 cc0=2888[0m
[00:28:15.732,169] [0m<inf> radiant_gate_mpsl: hiend: timer0=382 rel=1 | lasted=2890us max=3486us | dur=2866us max=3463us short=1 | t0arm=31us stale=0[0m
[00:28:15.732,189] [0m<inf> radiant_gate_mpsl: gate: acq=385 in_grant=382/382 placed=386 granted=385 blocked=0 cancel=0 eagain=2 near=0 long=0 ext=87/0 dead=0 | den pend=0 anch=0 dist=0 degen=0 nosess=0 owed=0 | sent grant=1 dead=0 blk=0 supp=383 | end=385 (norm=384 rel=1 idle=0 late=0) | bad over=0 inval=0 unk=0 inl=0 | len=4888/4888 el=10000 skew=0 brun=0 sig=7 g=0 hw=0 p=1 rel=0 end=1 boot=0 anchor=1 owes=1[0m
[00:28:16.226,716] [0m<inf> radiant_api: SWEEP set=1 steer=0 dwell=0/260000 adv=1 sweeps=0 win=1 ok=2 searching=0 carrier=255 | chunks=1 preempt=0 missed=0 ebusy=0 rej=0 | pumps=2618 hk=2617 | scan_us=94200/1 track_us=83562/386 | end ok=0 abrt=0 miss=0 fail=0 deny=1 replan=0[0m
[00:28:16.732,292] [0m<inf> radiant_gate_mpsl: hi: acq=388 den=0 resv=0 pend=388 blk=0 grant=387[0m
[1;31m--- 3 messages dropped ---
[0m[00:28:16.732,388] [0m<inf> radiant_gate_mpsl: gate: acq=389 in_grant=386/386 placed=390 granted=389 blocked=0 cancel=0 eagain=2 near=0 long=0 ext=87/0 dead=0 | den pend=0 anch=0 dist=0 degen=0 nosess=0 owed=0 | sent grant=1 dead=0 blk=0 supp=387 | end=389 (norm=388 rel=1 idle=0 late=0) | bad over=0 inval=0 unk=0 inl=0 | len=4888/4888 el=10000 skew=0 brun=0 sig=7 g=0 hw=0 p=1 rel=0 end=1 boot=0 anchor=1 owes=1[0m
[00:28:17.275,674] [0m<inf> radiant_api: SWEEP set=1 steer=0 dwell=0/260000 adv=1 sweeps=0 win=1 ok=2 searching=0 carrier=255 | chunks=1 preempt=0 missed=0 ebusy=0 rej=0 | pumps=2643 hk=2642 | scan_us=94200/1 track_us=84378/390 | end ok=0 abrt=0 miss=0 fail=0 deny=1 replan=0[0m
[00:28:17.732,475] [0m<inf> radiant_gate_mpsl: hi: acq=392 den=0 resv=0 pend=392 blk=0 grant=391[0m
[00:28:17.732,486] [0m<inf> radiant_gate_mpsl: seam: grant=392 nostage=0 prog=392/0 | sigrad=783 sigt0=478 isr=783 end=392 dis=1 term=2 | ramp=392/1 state=0 ev=0x13 rxen saved=0x80000016 cont=0x13f a=0x80000016 p=0x80000016 e=0x80000016 inten=0x00000140[0m
[00:28:17.732,496] [0m<inf> radiant_gate_mpsl: sw: n=391 wipe=0 ramp=391 wipe+ramp=0 rx=390 wipe+rx=0 | started=391 early=0/0us last=2635us | open lead=231us max=233us late=0 glen=4888 cc0=2888[0m
[00:28:17.732,544] [0m<inf> radiant_gate_mpsl: hiend: timer0=390 rel=1 | lasted=2890us max=3486us | dur=2867us max=3463us short=1 | t0arm=31us stale=0[0m
[00:28:17.732,580] [0m<inf> radiant_gate_mpsl: gate: acq=393 in_grant=390/390 placed=394 granted=393 blocked=0 cancel=0 eagain=2 near=0 long=0 ext=87/0 dead=0 | den pend=0 anch=0 dist=0 degen=0 nosess=0 owed=0 | sent grant=1 dead=0 blk=0 supp=391 | end=393 (norm=392 rel=1 idle=0 late=0) | bad over=0 inval=0 unk=0 inl=0 | len=4888/4888 el=10000 skew=0 brun=0 sig=7 g=0 hw=0 p=1 rel=0 end=1 boot=0 anchor=1 owes=1[0m
[00:28:18.323,547] [0m<inf> radiant_api: SWEEP set=1 steer=0 dwell=0/260000 adv=1 sweeps=0 win=1 ok=2 searching=0 carrier=255 | chunks=1 preempt=0 missed=0 ebusy=0 rej=0 | pumps=2668 hk=2667 | scan_us=94200/1 track_us=85398/395 | end ok=0 abrt=0 miss=0 fail=0 deny=1 replan=0[0m
[00:28:18.732,683] [0m<inf> radiant_gate_mpsl: hi: acq=396 den=0 resv=0 pend=396 blk=0 grant=395[0m
[00:28:18.732,695] [0m<inf> radiant_gate_mpsl: seam: grant=396 nostage=0 prog=396/0 | sigrad=791 sigt0=482 isr=791 end=396 dis=1 term=2 | ramp=396/1 state=0 ev=0x13 rxen saved=0x80000016 cont=0x13f a=0x80000016 p=0x80000016 e=0x80000016 inten=0x00000140[0m
[00:28:18.732,704] [0m<inf> radiant_gate_mpsl: sw: n=395 wipe=0 ramp=395 wipe+ramp=0 rx=394 wipe+rx=0 | started=395 early=0/0us last=2635us | open lead=231us max=233us late=0 glen=4888 cc0=2888[0m
[00:28:18.732,756] [0m<inf> radiant_gate_mpsl: hiend: timer0=394 rel=1 | lasted=2890us max=3486us | dur=2866us max=3463us short=1 | t0arm=31us stale=0[0m
[00:28:18.732,775] [0m<inf> radiant_gate_mpsl: gate: acq=397 in_grant=394/394 placed=398 granted=397 blocked=0 cancel=0 eagain=2 near=0 long=0 ext=87/0 dead=0 | den pend=0 anch=0 dist=0 degen=0 nosess=0 owed=0 | sent grant=1 dead=0 blk=0 supp=395 | end=397 (norm=396 rel=1 idle=0 late=0) | bad over=0 inval=0 unk=0 inl=0 | len=4888/4888 el=10000 skew=0 brun=0 sig=7 g=0 hw=0 p=1 rel=0 end=1 boot=0 anchor=1 owes=1[0m
[00:28:19.372,485] [0m<inf> radiant_api: SWEEP set=1 steer=0 dwell=0/260000 adv=1 sweeps=0 win=1 ok=2 searching=0 carrier=255 | chunks=1 preempt=0 missed=0 ebusy=0 rej=0 | pumps=2694 hk=2693 | scan_us=94200/1 track_us=86214/399 | end ok=0 abrt=0 miss=0 fail=0 deny=1 replan=0[0m
[00:28:19.732,846] [0m<inf> radiant_gate_mpsl: hi: acq=400 den=0 resv=0 pend=400 blk=0 grant=399[0m
[1;31m--- 4 messages dropped ---
[0m[00:28:20.421,454] [0m<inf> radiant_api: SWEEP set=1 steer=0 dwell=0/260000 adv=1 sweeps=0 win=1 ok=2 searching=0 carrier=255 | chunks=1 preempt=0 missed=0 ebusy=0 rej=0 | pumps=2719 hk=2718 | scan_us=94200/1 track_us=87030/403 | end ok=0 abrt=0 miss=0 fail=0 deny=1 replan=0[0m
[00:28:20.732,994] [0m<inf> radiant_gate_mpsl: hi: acq=404 den=0 resv=0 pend=404 blk=0 grant=403[0m
[00:28:20.733,006] [0m<inf> radiant_gate_mpsl: seam: grant=404 nostage=0 prog=404/0 | sigrad=807 sigt0=490 isr=807 end=404 dis=1 term=2 | ramp=404/1 state=0 ev=0x13 rxen saved=0x80000016 cont=0x13f a=0x80000016 p=0x80000016 e=0x80000016 inten=0x00000140[0m
[00:28:20.733,016] [0m<inf> radiant_gate_mpsl: sw: n=403 wipe=0 ramp=403 wipe+ramp=0 rx=402 wipe+rx=0 | started=403 early=0/0us last=2635us | open lead=231us max=233us late=0 glen=4888 cc0=2888[0m
[00:28:20.733,072] [0m<inf> radiant_gate_mpsl: hiend: timer0=402 rel=1 | lasted=2890us max=3486us | dur=2867us max=3463us short=1 | t0arm=31us stale=0[0m
[00:28:20.733,103] [0m<inf> radiant_gate_mpsl: gate: acq=405 in_grant=402/402 placed=406 granted=405 blocked=0 cancel=0 eagain=2 near=0 long=0 ext=87/0 dead=0 | den pend=0 anch=0 dist=0 degen=0 nosess=0 owed=0 | sent grant=1 dead=0 blk=0 supp=403 | end=405 (norm=404 rel=1 idle=0 late=0) | bad over=0 inval=0 unk=0 inl=0 | len=4888/4888 el=10000 skew=0 brun=0 sig=7 g=0 hw=0 p=1 rel=0 end=1 boot=0 anchor=1 owes=1[0m
[00:28:21.470,376] [0m<inf> radiant_api: SWEEP set=1 steer=0 dwell=0/260000 adv=1 sweeps=0 win=1 ok=2 searching=0 carrier=255 | chunks=1 preempt=0 missed=0 ebusy=0 rej=0 | pumps=2744 hk=2743 | scan_us=94200/1 track_us=87846/407 | end ok=0 abrt=0 miss=0 fail=0 deny=1 replan=0[0m
[00:28:21.733,170] [0m<inf> radiant_gate_mpsl: hi: acq=408 den=0 resv=0 pend=408 blk=0 grant=407[0m
[00:28:21.733,184] [0m<inf> radiant_gate_mpsl: seam: grant=408 nostage=0 prog=408/0 | sigrad=815 sigt0=494 isr=815 end=408 dis=1 term=2 | ramp=408/1 state=0 ev=0x13 rxen saved=0x80000016 cont=0x13f a=0x80000016 p=0x80000016 e=0x80000016 inten=0x00000140[0m
[00:28:21.733,193] [0m<inf> radiant_gate_mpsl: sw: n=407 wipe=0 ramp=407 wipe+ramp=0 rx=406 wipe+rx=0 | started=407 early=0/0us last=2635us | open lead=231us max=233us late=0 glen=4888 cc0=2888[0m
[00:28:21.733,244] [0m<inf> radiant_gate_mpsl: hiend: timer0=406 rel=1 | lasted=2890us max=3486us | dur=2866us max=3463us short=1 | t0arm=31us stale=0[0m
[00:28:21.733,263] [0m<inf> radiant_gate_mpsl: gate: acq=409 in_grant=406/406 placed=410 granted=409 blocked=0 cancel=0 eagain=2 near=0 long=0 ext=87/0 dead=0 | den pend=0 anch=0 dist=0 degen=0 nosess=0 owed=0 | sent grant=1 dead=0 blk=0 supp=407 | end=409 (norm=408 rel=1 idle=0 late=0) | bad over=0 inval=0 unk=0 inl=0 | len=4888/4888 el=10000 skew=0 brun=0 sig=7 g=0 hw=0 p=1 rel=0 end=1 boot=0 anchor=1 owes=1[0m
[00:28:22.517,159] [0m<inf> radiant_api: SWEEP set=1 steer=0 dwell=0/260000 adv=1 sweeps=0 win=1 ok=2 searching=0 carrier=255 | chunks=1 preempt=0 missed=0 ebusy=0 rej=0 | pumps=2769 hk=2768 | scan_us=94200/1 track_us=88712/411 | end ok=0 abrt=0 miss=0 fail=0 deny=1 replan=0[0m
[00:28:22.733,353] [0m<inf> radiant_gate_mpsl: hi: acq=412 den=0 resv=0 pend=412 blk=0 grant=411[0m
[1;31m--- 3 messages dropped ---
[0m[00:28:22.733,450] [0m<inf> radiant_gate_mpsl: gate: acq=413 in_grant=409/409 placed=414 granted=413 blocked=0 cancel=0 eagain=2 near=0 long=0 ext=87/0 dead=0 | den pend=0 anch=0 dist=0 degen=0 nosess=0 owed=0 | sent grant=1 dead=0 blk=0 supp=411 | end=413 (norm=411 rel=2 idle=0 late=0) | bad over=0 inval=0 unk=0 inl=0 | len=4888/4888 el=10000 skew=0 brun=0 sig=7 g=0 hw=0 p=1 rel=0 end=1 boot=0 anchor=1 owes=1[0m
[00:28:23.518,087] [0m<inf> radiant_api: SWEEP set=1 steer=0 dwell=0/260000 adv=1 sweeps=0 win=1 ok=2 searching=0 carrier=255 | chunks=1 preempt=0 missed=0 ebusy=0 rej=0 | pumps=2793 hk=2792 | scan_us=94200/1 track_us=89528/415 | end ok=0 abrt=0 miss=0 fail=0 deny=1 replan=0[0m
[00:28:23.733,509] [0m<inf> radiant_gate_mpsl: hi: acq=416 den=0 resv=0 pend=416 blk=0 grant=415[0m
[00:28:23.733,521] [0m<inf> radiant_gate_mpsl: seam: grant=416 nostage=0 prog=416/0 | sigrad=830 sigt0=501 isr=830 end=415 dis=2 term=3 | ramp=416/1 state=0 ev=0x13 rxen saved=0x80000016 cont=0x13f a=0x80000016 p=0x80000016 e=0x80000016 inten=0x00000140[0m
[00:28:23.733,531] [0m<inf> radiant_gate_mpsl: sw: n=415 wipe=0 ramp=415 wipe+ramp=0 rx=413 wipe+rx=0 | started=415 early=0/0us last=2635us | open lead=231us max=233us late=0 glen=4888 cc0=2888[0m
[00:28:23.733,587] [0m<inf> radiant_gate_mpsl: hiend: timer0=413 rel=2 | lasted=2889us max=3486us | dur=2866us max=3463us short=2 | t0arm=31us stale=0[0m
[00:28:23.733,617] [0m<inf> radiant_gate_mpsl: gate: acq=417 in_grant=413/413 placed=418 granted=417 blocked=0 cancel=0 eagain=2 near=0 long=0 ext=87/0 dead=0 | den pend=0 anch=0 dist=0 degen=0 nosess=0 owed=0 | sent grant=1 dead=0 blk=0 supp=415 | end=417 (norm=415 rel=2 idle=0 late=0) | bad over=0 inval=0 unk=0 inl=0 | len=4888/4888 el=10000 skew=0 brun=0 sig=7 g=0 hw=0 p=1 rel=0 end=1 boot=0 anchor=1 owes=1[0m
[00:28:24.565,965] [0m<inf> radiant_api: SWEEP set=1 steer=0 dwell=0/260000 adv=1 sweeps=0 win=1 ok=2 searching=0 carrier=255 | chunks=1 preempt=0 missed=0 ebusy=0 rej=0 | pumps=2818 hk=2817 | scan_us=94200/1 track_us=90548/420 | end ok=0 abrt=0 miss=0 fail=0 deny=1 replan=0[0m
[00:28:24.733,688] [0m<inf> radiant_gate_mpsl: hi: acq=420 den=0 resv=0 pend=420 blk=0 grant=419[0m
[00:28:24.733,699] [0m<inf> radiant_gate_mpsl: seam: grant=420 nostage=0 prog=420/0 | sigrad=838 sigt0=505 isr=838 end=419 dis=2 term=3 | ramp=420/1 state=0 ev=0x13 rxen saved=0x80000016 cont=0x13f a=0x80000016 p=0x80000016 e=0x80000016 inten=0x00000140[0m
[00:28:24.733,709] [0m<inf> radiant_gate_mpsl: sw: n=419 wipe=0 ramp=419 wipe+ramp=0 rx=417 wipe+rx=0 | started=419 early=0/0us last=2636us | open lead=231us max=233us late=0 glen=4888 cc0=2888[0m
[00:28:24.733,759] [0m<inf> radiant_gate_mpsl: hiend: timer0=417 rel=2 | lasted=2889us max=3486us | dur=2866us max=3463us short=2 | t0arm=31us stale=0[0m
[00:28:24.733,779] [0m<inf> radiant_gate_mpsl: gate: acq=421 in_grant=417/417 placed=422 granted=421 blocked=0 cancel=0 eagain=2 near=0 long=0 ext=87/0 dead=0 | den pend=0 anch=0 dist=0 degen=0 nosess=0 owed=0 | sent grant=1 dead=0 blk=0 supp=419 | end=421 (norm=419 rel=2 idle=0 late=0) | bad over=0 inval=0 unk=0 inl=0 | len=4888/4888 el=10000 skew=0 brun=0 sig=7 g=0 hw=0 p=1 rel=0 end=1 boot=0 anchor=1 owes=1[0m
[00:28:25.614,933] [0m<inf> radiant_api: SWEEP set=1 steer=0 dwell=0/260000 adv=1 sweeps=0 win=1 ok=2 searching=0 carrier=255 | chunks=1 preempt=0 missed=0 ebusy=0 rej=0 | pumps=2844 hk=2843 | scan_us=94200/1 track_us=91364/424 | end ok=0 abrt=0 miss=0 fail=0 deny=1 replan=0[0m
[00:28:25.733,841] [0m<inf> radiant_gate_mpsl: hi: acq=424 den=0 resv=0 pend=424 blk=0 grant=423[0m
[1;31m--- 4 messages dropped ---
[0m[00:28:26.663,868] [0m<inf> radiant_api: SWEEP set=1 steer=0 dwell=0/260000 adv=1 sweeps=0 win=1 ok=2 searching=0 carrier=255 | chunks=1 preempt=0 missed=0 ebusy=0 rej=0 | pumps=2869 hk=2868 | scan_us=94200/1 track_us=92180/428 | end ok=0 abrt=0 miss=0 fail=0 deny=1 replan=0[0m
[00:28:26.733,991] [0m<inf> radiant_gate_mpsl: hi: acq=428 den=0 resv=0 pend=428 blk=0 grant=427[0m
[00:28:26.734,002] [0m<inf> radiant_gate_mpsl: seam: grant=428 nostage=0 prog=428/0 | sigrad=854 sigt0=513 isr=854 end=427 dis=2 term=3 | ramp=428/1 state=0 ev=0x13 rxen saved=0x80000016 cont=0x13f a=0x80000016 p=0x80000016 e=0x80000016 inten=0x00000140[0m
[00:28:26.734,012] [0m<inf> radiant_gate_mpsl: sw: n=427 wipe=0 ramp=427 wipe+ramp=0 rx=425 wipe+rx=0 | started=427 early=0/0us last=2635us | open lead=231us max=233us late=0 glen=4888 cc0=2888[0m
[00:28:26.734,068] [0m<inf> radiant_gate_mpsl: hiend: timer0=425 rel=2 | lasted=2889us max=3486us | dur=2866us max=3463us short=2 | t0arm=31us stale=0[0m
[00:28:26.734,102] [0m<inf> radiant_gate_mpsl: gate: acq=429 in_grant=425/425 placed=430 granted=429 blocked=0 cancel=0 eagain=2 near=0 long=0 ext=87/0 dead=0 | den pend=0 anch=0 dist=0 degen=0 nosess=0 owed=0 | sent grant=1 dead=0 blk=0 supp=427 | end=429 (norm=427 rel=2 idle=0 late=0) | bad over=0 inval=0 unk=0 inl=0 | len=4888/4888 el=10000 skew=0 brun=0 sig=7 g=0 hw=0 p=1 rel=0 end=1 boot=0 anchor=1 owes=1[0m
[00:28:27.712,792] [0m<inf> radiant_api: SWEEP set=1 steer=0 dwell=0/260000 adv=1 sweeps=0 win=1 ok=2 searching=0 carrier=255 | chunks=1 preempt=0 missed=0 ebusy=0 rej=0 | pumps=2894 hk=2893 | scan_us=94200/1 track_us=92996/432 | end ok=0 abrt=0 miss=0 fail=0 deny=1 replan=0[0m
[1;31m--- 3 messages dropped ---
[0m[00:28:27.734,231] [0m<inf> radiant_gate_mpsl: hiend: timer0=429 rel=2 | lasted=2889us max=3486us | dur=2866us max=3463us short=2 | t0arm=31us stale=0[0m
[00:28:27.734,251] [0m<inf> radiant_gate_mpsl: gate: acq=433 in_grant=429/429 placed=434 granted=433 blocked=0 cancel=0 eagain=2 near=0 long=0 ext=87/0 dead=0 | den pend=0 anch=0 dist=0 degen=0 nosess=0 owed=0 | sent grant=1 dead=0 blk=0 supp=431 | end=433 (norm=431 rel=2 idle=0 late=0) | bad over=0 inval=0 unk=0 inl=0 | len=4888/4888 el=10000 skew=0 brun=0 sig=7 g=0 hw=0 p=1 rel=0 end=1 boot=0 anchor=1 owes=1[0m
[1;31m--- 2 messages dropped ---
[0m[00:28:28.734,348] [0m<inf> radiant_gate_mpsl: sw: n=435 wipe=0 ramp=435 wipe+ramp=0 rx=433 wipe+rx=0 | started=435 early=0/0us last=2635us | open lead=231us max=233us late=0 glen=4888 cc0=2888[0m
[00:28:28.734,386] [0m<inf> radiant_gate_mpsl: hiend: timer0=433 rel=2 | lasted=2890us max=3486us | dur=2867us max=3463us short=2 | t0arm=31us stale=0[0m
[00:28:28.734,431] [0m<inf> radiant_gate_mpsl: gate: acq=437 in_grant=433/433 placed=438 granted=437 blocked=0 cancel=0 eagain=2 near=0 long=0 ext=87/0 dead=0 | den pend=0 anch=0 dist=0 degen=0 nosess=0 owed=0 | sent grant=1 dead=0 blk=0 supp=435 | end=437 (norm=435 rel=2 idle=0 late=0) | bad over=0 inval=0 unk=0 inl=0 | len=4888/4888 el=10000 skew=0 brun=0 sig=7 g=0 hw=0 p=1 rel=0 end=1 boot=0 anchor=1 owes=1[0m
[00:28:28.761,729] [0m<inf> radiant_api: SWEEP set=1 steer=0 dwell=0/260000 adv=1 sweeps=0 win=1 ok=2 searching=0 carrier=255 | chunks=1 preempt=0 missed=0 ebusy=0 rej=0 | pumps=2919 hk=2918 | scan_us=94200/1 track_us=93812/436 | end ok=0 abrt=0 miss=0 fail=0 deny=1 replan=0[0m
[00:28:29.734,526] [0m<inf> radiant_gate_mpsl: hi: acq=440 den=0 resv=0 pend=440 blk=0 grant=439[0m
[1;31m--- 3 messages dropped ---
[0m[00:28:29.734,621] [0m<inf> radiant_gate_mpsl: gate: acq=441 in_grant=437/437 placed=442 granted=441 blocked=0 cancel=0 eagain=2 near=0 long=0 ext=87/0 dead=0 | den pend=0 anch=0 dist=0 degen=0 nosess=0 owed=0 | sent grant=1 dead=0 blk=0 supp=439 | end=441 (norm=439 rel=2 idle=0 late=0) | bad over=0 inval=0 unk=0 inl=0 | len=4888/4888 el=10000 skew=0 brun=0 sig=7 g=0 hw=0 p=1 rel=0 end=1 boot=0 anchor=1 owes=1[0m
[00:28:29.809,594] [0m<inf> radiant_api: SWEEP set=1 steer=0 dwell=0/260000 adv=1 sweeps=0 win=1 ok=2 searching=0 carrier=255 | chunks=1 preempt=0 missed=0 ebusy=0 rej=0 | pumps=2944 hk=2943 | scan_us=94200/1 track_us=94832/441 | end ok=0 abrt=0 miss=0 fail=0 deny=1 replan=0[0m
[00:28:30.734,707] [0m<inf> radiant_gate_mpsl: hi: acq=444 den=0 resv=0 pend=444 blk=0 grant=443[0m
[00:28:30.734,719] [0m<inf> radiant_gate_mpsl: seam: grant=444 nostage=0 prog=444/0 | sigrad=886 sigt0=529 isr=886 end=443 dis=2 term=3 | ramp=444/1 state=0 ev=0x13 rxen saved=0x80000016 cont=0x13f a=0x80000016 p=0x80000016 e=0x80000016 inten=0x00000140[0m
[00:28:30.734,729] [0m<inf> radiant_gate_mpsl: sw: n=443 wipe=0 ramp=443 wipe+ramp=0 rx=441 wipe+rx=0 | started=443 early=0/0us last=2635us | open lead=231us max=233us late=0 glen=4888 cc0=2888[0m
[00:28:30.734,777] [0m<inf> radiant_gate_mpsl: hiend: timer0=441 rel=2 | lasted=2890us max=3486us | dur=2867us max=3463us short=2 | t0arm=31us stale=0[0m
[00:28:30.734,812] [0m<inf> radiant_gate_mpsl: gate: acq=445 in_grant=441/441 placed=446 granted=445 blocked=0 cancel=0 eagain=2 near=0 long=0 ext=87/0 dead=0 | den pend=0 anch=0 dist=0 degen=0 nosess=0 owed=0 | sent grant=1 dead=0 blk=0 supp=443 | end=445 (norm=443 rel=2 idle=0 late=0) | bad over=0 inval=0 unk=0 inl=0 | len=4888/4888 el=10000 skew=0 brun=0 sig=7 g=0 hw=0 p=1 rel=0 end=1 boot=0 anchor=1 owes=1[0m
[00:28:30.858,581] [0m<inf> radiant_api: SWEEP set=1 steer=0 dwell=0/260000 adv=1 sweeps=0 win=1 ok=2 searching=0 carrier=255 | chunks=1 preempt=0 missed=0 ebusy=0 rej=0 | pumps=2970 hk=2969 | scan_us=94200/1 track_us=95648/445 | end ok=0 abrt=0 miss=0 fail=0 deny=1 replan=0[0m
[00:28:31.734,914] [0m<inf> radiant_gate_mpsl: hi: acq=448 den=0 resv=0 pend=448 blk=0 grant=447[0m
[1;31m--- 4 messages dropped ---
[0m[00:28:31.907,502] [0m<inf> radiant_api: SWEEP set=1 steer=0 dwell=0/260000 adv=1 sweeps=0 win=1 ok=2 searching=0 carrier=255 | chunks=1 preempt=0 missed=0 ebusy=0 rej=0 | pumps=2995 hk=2994 | scan_us=94200/1 track_us=96464/449 | end ok=0 abrt=0 miss=0 fail=0 deny=1 replan=0[0m
[00:28:32.735,095] [0m<inf> radiant_gate_mpsl: hi: acq=452 den=0 resv=0 pend=452 blk=0 grant=451[0m
[00:28:32.735,107] [0m<inf> radiant_gate_mpsl: seam: grant=452 nostage=0 prog=452/0 | sigrad=902 sigt0=537 isr=902 end=451 dis=2 term=3 | ramp=452/1 state=0 ev=0x13 rxen saved=0x80000016 cont=0x13f a=0x80000016 p=0x80000016 e=0x80000016 inten=0x00000140[0m
[00:28:32.735,117] [0m<inf> radiant_gate_mpsl: sw: n=451 wipe=0 ramp=451 wipe+ramp=0 rx=449 wipe+rx=0 | started=451 early=0/0us last=2636us | open lead=231us max=233us late=0 glen=4888 cc0=2888[0m
[00:28:32.735,173] [0m<inf> radiant_gate_mpsl: hiend: timer0=449 rel=2 | lasted=2889us max=3486us | dur=2866us max=3463us short=2 | t0arm=31us stale=0[0m
[00:28:32.735,203] [0m<inf> radiant_gate_mpsl: gate: acq=453 in_grant=449/449 placed=454 granted=453 blocked=0 cancel=0 eagain=2 near=0 long=0 ext=87/0 dead=0 | den pend=0 anch=0 dist=0 degen=0 nosess=0 owed=0 | sent grant=1 dead=0 blk=0 supp=451 | end=453 (norm=451 rel=2 idle=0 late=0) | bad over=0 inval=0 unk=0 inl=0 | len=4888/4888 el=10000 skew=0 brun=0 sig=7 g=0 hw=0 p=1 rel=0 end=1 boot=0 anchor=1 owes=1[0m
[00:28:32.956,442] [0m<inf> radiant_api: SWEEP set=1 steer=0 dwell=0/260000 adv=1 sweeps=0 win=1 ok=2 searching=0 carrier=255 | chunks=1 preempt=0 missed=0 ebusy=0 rej=0 | pumps=3020 hk=3019 | scan_us=94200/1 track_us=97280/453 | end ok=0 abrt=0 miss=0 fail=0 deny=1 replan=0[0m
[00:28:33.735,304] [0m<inf> radiant_gate_mpsl: hi: acq=456 den=0 resv=0 pend=456 blk=0 grant=455[0m
[00:28:33.735,316] [0m<inf> radiant_gate_mpsl: seam: grant=456 nostage=0 prog=456/0 | sigrad=910 sigt0=541 isr=910 end=455 dis=2 term=3 | ramp=456/1 state=0 ev=0x13 rxen saved=0x80000016 cont=0x13f a=0x80000016 p=0x80000016 e=0x80000016 inten=0x00000140[0m
[00:28:33.735,327] [0m<inf> radiant_gate_mpsl: sw: n=455 wipe=0 ramp=455 wipe+ramp=0 rx=453 wipe+rx=0 | started=455 early=0/0us last=2635us | open lead=231us max=233us late=0 glen=4888 cc0=2888[0m
[00:28:33.735,377] [0m<inf> radiant_gate_mpsl: hiend: timer0=453 rel=2 | lasted=2890us max=3486us | dur=2867us max=3463us short=2 | t0arm=31us stale=0[0m
[00:28:33.735,397] [0m<inf> radiant_gate_mpsl: gate: acq=457 in_grant=453/453 placed=458 granted=457 blocked=0 cancel=0 eagain=2 near=0 long=0 ext=87/0 dead=0 | den pend=0 anch=0 dist=0 degen=0 nosess=0 owed=0 | sent grant=1 dead=0 blk=0 supp=455 | end=457 (norm=455 rel=2 idle=0 late=0) | bad over=0 inval=0 unk=0 inl=0 | len=4888/4888 el=10000 skew=0 brun=0 sig=7 g=0 hw=0 p=1 rel=0 end=1 boot=0 anchor=1 owes=1[0m
[00:28:34.005,322] [0m<inf> radiant_api: SWEEP set=1 steer=0 dwell=0/260000 adv=1 sweeps=0 win=1 ok=2 searching=0 carrier=255 | chunks=1 preempt=0 missed=0 ebusy=0 rej=0 | pumps=3045 hk=3044 | scan_us=94200/1 track_us=98096/457 | end ok=0 abrt=0 miss=0 fail=0 deny=1 replan=0[0m
[00:28:34.735,499] [0m<inf> radiant_gate_mpsl: hi: acq=460 den=0 resv=0 pend=460 blk=0 grant=459[0m
[1;31m--- 3 messages dropped ---
[0m[00:28:34.735,596] [0m<inf> radiant_gate_mpsl: gate: acq=461 in_grant=457/457 placed=462 granted=461 blocked=0 cancel=0 eagain=2 near=0 long=0 ext=87/0 dead=0 | den pend=0 anch=0 dist=0 degen=0 nosess=0 owed=0 | sent grant=1 dead=0 blk=0 supp=459 | end=461 (norm=459 rel=2 idle=0 late=0) | bad over=0 inval=0 unk=0 inl=0 | len=4888/4888 el=10000 skew=0 brun=0 sig=7 g=0 hw=0 p=1 rel=0 end=1 boot=0 anchor=1 owes=1[0m
[00:28:35.053,224] [0m<inf> radiant_api: SWEEP set=1 steer=0 dwell=0/260000 adv=1 sweeps=0 win=1 ok=2 searching=0 carrier=255 | chunks=1 preempt=0 missed=0 ebusy=0 rej=0 | pumps=3070 hk=3069 | scan_us=94200/1 track_us=99116/462 | end ok=0 abrt=0 miss=0 fail=0 deny=1 replan=0[0m
[00:28:35.735,647] [0m<inf> radiant_gate_mpsl: hi: acq=464 den=0 resv=0 pend=464 blk=0 grant=463[0m
[00:28:35.735,659] [0m<inf> radiant_gate_mpsl: seam: grant=464 nostage=0 prog=464/0 | sigrad=926 sigt0=549 isr=926 end=463 dis=2 term=3 | ramp=464/1 state=0 ev=0x13 rxen saved=0x80000016 cont=0x13f a=0x80000016 p=0x80000016 e=0x80000016 inten=0x00000140[0m
[00:28:35.735,677] [0m<inf> radiant_gate_mpsl: sw: n=463 wipe=0 ramp=463 wipe+ramp=0 rx=461 wipe+rx=0 | started=463 early=0/0us last=2636us | open lead=231us max=233us late=0 glen=4888 cc0=2888[0m
[00:28:35.735,729] [0m<inf> radiant_gate_mpsl: hiend: timer0=461 rel=2 | lasted=2889us max=3486us | dur=2866us max=3463us short=2 | t0arm=31us stale=0[0m
[00:28:35.735,755] [0m<inf> radiant_gate_mpsl: gate: acq=465 in_grant=461/461 placed=466 granted=465 blocked=0 cancel=0 eagain=2 near=0 long=0 ext=87/0 dead=0 | den pend=0 anch=0 dist=0 degen=0 nosess=0 owed=0 | sent grant=1 dead=0 blk=0 supp=463 | end=465 (norm=463 rel=2 idle=0 late=0) | bad over=0 inval=0 unk=0 inl=0 | len=4888/4888 el=10000 skew=0 brun=0 sig=7 g=0 hw=0 p=1 rel=0 end=1 boot=0 anchor=1 owes=1[0m
[00:28:36.102,206] [0m<inf> radiant_api: SWEEP set=1 steer=0 dwell=0/260000 adv=1 sweeps=0 win=1 ok=2 searching=0 carrier=255 | chunks=1 preempt=0 missed=0 ebusy=0 rej=0 | pumps=3096 hk=3095 | scan_us=94200/1 track_us=99932/466 | end ok=0 abrt=0 miss=0 fail=0 deny=1 replan=0[0m
[00:28:36.735,824] [0m<inf> radiant_gate_mpsl: hi: acq=468 den=0 resv=0 pend=468 blk=0 grant=467[0m
[00:28:36.735,836] [0m<inf> radiant_gate_mpsl: seam: grant=468 nostage=0 prog=468/0 | sigrad=934 sigt0=553 isr=934 end=467 dis=2 term=3 | ramp=468/1 state=0 ev=0x13 rxen saved=0x80000016 cont=0x13f a=0x80000016 p=0x80000016 e=0x80000016 inten=0x00000140[0m
[00:28:36.735,846] [0m<inf> radiant_gate_mpsl: sw: n=467 wipe=0 ramp=467 wipe+ramp=0 rx=465 wipe+rx=0 | started=467 early=0/0us last=2635us | open lead=231us max=233us late=0 glen=4888 cc0=2888[0m
[00:28:36.735,896] [0m<inf> radiant_gate_mpsl: hiend: timer0=465 rel=2 | lasted=2890us max=3486us | dur=2867us max=3463us short=2 | t0arm=31us stale=0[0m
[00:28:36.735,916] [0m<inf> radiant_gate_mpsl: gate: acq=469 in_grant=465/465 placed=470 granted=469 blocked=0 cancel=0 eagain=2 near=0 long=0 ext=87/0 dead=0 | den pend=0 anch=0 dist=0 degen=0 nosess=0 owed=0 | sent grant=1 dead=0 blk=0 supp=467 | end=469 (norm=467 rel=2 idle=0 late=0) | bad over=0 inval=0 unk=0 inl=0 | len=4888/4888 el=10000 skew=0 brun=0 sig=7 g=0 hw=0 p=1 rel=0 end=1 boot=0 anchor=1 owes=1[0m
[00:28:37.151,099] [0m<inf> radiant_api: SWEEP set=1 steer=0 dwell=0/260000 adv=1 sweeps=0 win=1 ok=2 searching=0 carrier=255 | chunks=1 preempt=0 missed=0 ebusy=0 rej=0 | pumps=3121 hk=3120 | scan_us=94200/1 track_us=100748/470 | end ok=0 abrt=0 miss=0 fail=0 deny=1 replan=0[0m
[00:28:37.735,986] [0m<inf> radiant_gate_mpsl: hi: acq=472 den=0 resv=0 pend=472 blk=0 grant=471[0m
[1;31m--- 4 messages dropped ---
[0m[00:28:38.200,052] [0m<inf> radiant_api: SWEEP set=1 steer=0 dwell=0/260000 adv=1 sweeps=0 win=1 ok=2 searching=0 carrier=255 | chunks=1 preempt=0 missed=0 ebusy=0 rej=0 | pumps=3146 hk=3145 | scan_us=94200/1 track_us=101564/474 | end ok=0 abrt=0 miss=0 fail=0 deny=1 replan=0[0m
[00:28:38.736,135] [0m<inf> radiant_gate_mpsl: hi: acq=476 den=0 resv=0 pend=476 blk=0 grant=475[0m
[00:28:38.736,147] [0m<inf> radiant_gate_mpsl: seam: grant=476 nostage=0 prog=476/0 | sigrad=950 sigt0=561 isr=950 end=475 dis=2 term=3 | ramp=476/1 state=0 ev=0x13 rxen saved=0x80000016 cont=0x13f a=0x80000016 p=0x80000016 e=0x80000016 inten=0x00000140[0m
[00:28:38.736,157] [0m<inf> radiant_gate_mpsl: sw: n=475 wipe=0 ramp=475 wipe+ramp=0 rx=473 wipe+rx=0 | started=475 early=0/0us last=2635us | open lead=231us max=233us late=0 glen=4888 cc0=2888[0m
[00:28:38.736,213] [0m<inf> radiant_gate_mpsl: hiend: timer0=473 rel=2 | lasted=2890us max=3486us | dur=2867us max=3463us short=2 | t0arm=31us stale=0[0m
[00:28:38.736,246] [0m<inf> radiant_gate_mpsl: gate: acq=477 in_grant=473/473 placed=478 granted=477 blocked=0 cancel=0 eagain=2 near=0 long=0 ext=87/0 dead=0 | den pend=0 anch=0 dist=0 degen=0 nosess=0 owed=0 | sent grant=1 dead=0 blk=0 supp=475 | end=477 (norm=475 rel=2 idle=0 late=0) | bad over=0 inval=0 unk=0 inl=0 | len=4888/4888 el=10000 skew=0 brun=0 sig=7 g=0 hw=0 p=1 rel=0 end=1 boot=0 anchor=1 owes=1[0m
[00:28:39.248,972] [0m<inf> radiant_api: SWEEP set=1 steer=0 dwell=0/260000 adv=1 sweeps=0 win=1 ok=2 searching=0 carrier=255 | chunks=1 preempt=0 missed=0 ebusy=0 rej=0 | pumps=3171 hk=3170 | scan_us=94200/1 track_us=102380/478 | end ok=0 abrt=0 miss=0 fail=0 deny=1 replan=0[0m
[00:28:39.736,312] [0m<inf> radiant_gate_mpsl: hi: acq=480 den=0 resv=0 pend=480 blk=0 grant=479[0m
[00:28:39.736,324] [0m<inf> radiant_gate_mpsl: seam: grant=480 nostage=0 prog=480/0 | sigrad=958 sigt0=565 isr=958 end=479 dis=2 term=3 | ramp=480/1 state=0 ev=0x13 rxen saved=0x80000016 cont=0x13f a=0x80000016 p=0x80000016 e=0x80000016 inten=0x00000140[0m
[00:28:39.736,334] [0m<inf> radiant_gate_mpsl: sw: n=479 wipe=0 ramp=479 wipe+ramp=0 rx=477 wipe+rx=0 | started=479 early=0/0us last=2635us | open lead=231us max=233us late=0 glen=4888 cc0=2888[0m
[00:28:39.736,384] [0m<inf> radiant_gate_mpsl: hiend: timer0=477 rel=2 | lasted=2890us max=3486us | dur=2867us max=3463us short=2 | t0arm=31us stale=0[0m
[00:28:39.736,404] [0m<inf> radiant_gate_mpsl: gate: acq=481 in_grant=477/477 placed=482 granted=481 blocked=0 cancel=0 eagain=2 near=0 long=0 ext=87/0 dead=0 | den pend=0 anch=0 dist=0 degen=0 nosess=0 owed=0 | sent grant=1 dead=0 blk=0 supp=479 | end=481 (norm=479 rel=2 idle=0 late=0) | bad over=0 inval=0 unk=0 inl=0 | len=4888/4888 el=10000 skew=0 brun=0 sig=7 g=0 hw=0 p=1 rel=0 end=1 boot=0 anchor=1 owes=1[0m
[00:28:40.296,858] [0m<inf> radiant_api: SWEEP set=1 steer=0 dwell=0/260000 adv=1 sweeps=0 win=1 ok=2 searching=0 carrier=255 | chunks=1 preempt=0 missed=0 ebusy=0 rej=0 | pumps=3196 hk=3195 | scan_us=94200/1 track_us=103400/483 | end ok=0 abrt=0 miss=0 fail=0 deny=1 replan=0[0m
[00:28:40.736,477] [0m<inf> radiant_gate_mpsl: hi: acq=484 den=0 resv=0 pend=484 blk=0 grant=483[0m
[1;31m--- 3 messages dropped ---
[0m[00:28:40.736,573] [0m<inf> radiant_gate_mpsl: gate: acq=485 in_grant=481/481 placed=486 granted=485 blocked=0 cancel=0 eagain=2 near=0 long=0 ext=87/0 dead=0 | den pend=0 anch=0 dist=0 degen=0 nosess=0 owed=0 | sent grant=1 dead=0 blk=0 supp=483 | end=485 (norm=483 rel=2 idle=0 late=0) | bad over=0 inval=0 unk=0 inl=0 | len=4888/4888 el=10000 skew=0 brun=0 sig=7 g=0 hw=0 p=1 rel=0 end=1 boot=0 anchor=1 owes=1[0m
[00:28:41.345,835] [0m<inf> radiant_api: SWEEP set=1 steer=0 dwell=0/260000 adv=1 sweeps=0 win=1 ok=2 searching=0 carrier=255 | chunks=1 preempt=0 missed=0 ebusy=0 rej=0 | pumps=3222 hk=3221 | scan_us=94200/1 track_us=104216/487 | end ok=0 abrt=0 miss=0 fail=0 deny=1 replan=0[0m
[00:28:41.736,656] [0m<inf> radiant_gate_mpsl: hi: acq=488 den=0 resv=0 pend=488 blk=0 grant=487[0m
[00:28:41.736,668] [0m<inf> radiant_gate_mpsl: seam: grant=488 nostage=0 prog=488/0 | sigrad=974 sigt0=573 isr=974 end=487 dis=2 term=3 | ramp=488/1 state=0 ev=0x13 rxen saved=0x80000016 cont=0x13f a=0x80000016 p=0x80000016 e=0x80000016 inten=0x00000140[0m
[00:28:41.736,678] [0m<inf> radiant_gate_mpsl: sw: n=487 wipe=0 ramp=487 wipe+ramp=0 rx=485 wipe+rx=0 | started=487 early=0/0us last=2635us | open lead=231us max=233us late=0 glen=4888 cc0=2888[0m
[00:28:41.736,726] [0m<inf> radiant_gate_mpsl: hiend: timer0=485 rel=2 | lasted=2890us max=3486us | dur=2867us max=3463us short=2 | t0arm=31us stale=0[0m
[00:28:41.736,761] [0m<inf> radiant_gate_mpsl: gate: acq=489 in_grant=485/485 placed=490 granted=489 blocked=0 cancel=0 eagain=2 near=0 long=0 ext=87/0 dead=0 | den pend=0 anch=0 dist=0 degen=0 nosess=0 owed=0 | sent grant=1 dead=0 blk=0 supp=487 | end=489 (norm=487 rel=2 idle=0 late=0) | bad over=0 inval=0 unk=0 inl=0 | len=4888/4888 el=10000 skew=0 brun=0 sig=7 g=0 hw=0 p=1 rel=0 end=1 boot=0 anchor=1 owes=1[0m
[00:28:42.394,761] [0m<inf> radiant_api: SWEEP set=1 steer=0 dwell=0/260000 adv=1 sweeps=0 win=1 ok=2 searching=0 carrier=255 | chunks=1 preempt=0 missed=0 ebusy=0 rej=0 | pumps=3247 hk=3246 | scan_us=94200/1 track_us=105032/491 | end ok=0 abrt=0 miss=0 fail=0 deny=1 replan=0[0m
[00:28:42.736,833] [0m<inf> radiant_gate_mpsl: hi: acq=492 den=0 resv=0 pend=492 blk=0 grant=491[0m
[00:28:42.736,845] [0m<inf> radiant_gate_mpsl: seam: grant=492 nostage=0 prog=492/0 | sigrad=982 sigt0=577 isr=982 end=491 dis=2 term=3 | ramp=492/1 state=0 ev=0x13 rxen saved=0x80000016 cont=0x13f a=0x80000016 p=0x80000016 e=0x80000016 inten=0x00000140[0m
[00:28:42.736,855] [0m<inf> radiant_gate_mpsl: sw: n=491 wipe=0 ramp=491 wipe+ramp=0 rx=489 wipe+rx=0 | started=491 early=0/0us last=2635us | open lead=231us max=233us late=0 glen=4888 cc0=2888[0m
[00:28:42.736,905] [0m<inf> radiant_gate_mpsl: hiend: timer0=489 rel=2 | lasted=2890us max=3486us | dur=2866us max=3463us short=2 | t0arm=31us stale=0[0m
[00:28:42.736,925] [0m<inf> radiant_gate_mpsl: gate: acq=493 in_grant=489/489 placed=494 granted=493 blocked=0 cancel=0 eagain=2 near=0 long=0 ext=87/0 dead=0 | den pend=0 anch=0 dist=0 degen=0 nosess=0 owed=0 | sent grant=1 dead=0 blk=0 supp=491 | end=493 (norm=491 rel=2 idle=0 late=0) | bad over=0 inval=0 unk=0 inl=0 | len=4888/4888 el=10000 skew=0 brun=0 sig=7 g=0 hw=0 p=1 rel=0 end=1 boot=0 anchor=1 owes=1[0m
[00:28:43.443,659] [0m<inf> radiant_api: SWEEP set=1 steer=0 dwell=0/260000 adv=1 sweeps=0 win=1 ok=2 searching=0 carrier=255 | chunks=1 preempt=0 missed=0 ebusy=0 rej=0 | pumps=3272 hk=3271 | scan_us=94200/1 track_us=105848/495 | end ok=0 abrt=0 miss=0 fail=0 deny=1 replan=0[0m
[00:28:43.737,036] [0m<inf> radiant_gate_mpsl: hi: acq=496 den=0 resv=0 pend=496 blk=0 grant=495[0m
[1;31m--- 4 messages dropped ---
[0m[00:28:44.492,608] [0m<inf> radiant_api: SWEEP set=1 steer=0 dwell=0/260000 adv=1 sweeps=0 win=1 ok=2 searching=0 carrier=255 | chunks=1 preempt=0 missed=0 ebusy=0 rej=0 | pumps=3297 hk=3296 | scan_us=94200/1 track_us=106664/499 | end ok=0 abrt=0 miss=0 fail=0 deny=1 replan=0[0m
[00:28:44.737,208] [0m<inf> radiant_gate_mpsl: hi: acq=500 den=0 resv=0 pend=500 blk=0 grant=499[0m
[00:28:44.737,220] [0m<inf> radiant_gate_mpsl: seam: grant=500 nostage=0 prog=500/0 | sigrad=998 sigt0=585 isr=998 end=499 dis=2 term=3 | ramp=500/1 state=0 ev=0x13 rxen saved=0x80000016 cont=0x13f a=0x80000016 p=0x80000016 e=0x80000016 inten=0x00000140[0m
[00:28:44.737,231] [0m<inf> radiant_gate_mpsl: sw: n=499 wipe=0 ramp=499 wipe+ramp=0 rx=497 wipe+rx=0 | started=499 early=0/0us last=2635us | open lead=231us max=233us late=0 glen=4888 cc0=2888[0m
[00:28:44.737,286] [0m<inf> radiant_gate_mpsl: hiend: timer0=497 rel=2 | lasted=2889us max=3486us | dur=2866us max=3463us short=2 | t0arm=31us stale=0[0m
[00:28:44.737,318] [0m<inf> radiant_gate_mpsl: gate: acq=501 in_grant=497/497 placed=502 granted=501 blocked=0 cancel=0 eagain=2 near=0 long=0 ext=87/0 dead=0 | den pend=0 anch=0 dist=0 degen=0 nosess=0 owed=0 | sent grant=1 dead=0 blk=0 supp=499 | end=501 (norm=499 rel=2 idle=0 late=0) | bad over=0 inval=0 unk=0 inl=0 | len=4888/4888 el=10000 skew=0 brun=0 sig=7 g=0 hw=0 p=1 rel=0 end=1 boot=0 anchor=1 owes=1[0m
[00:28:45.540,484] [0m<inf> radiant_api: SWEEP set=1 steer=0 dwell=0/260000 adv=1 sweeps=0 win=1 ok=2 searching=0 carrier=255 | chunks=1 preempt=0 missed=0 ebusy=0 rej=0 | pumps=3322 hk=3321 | scan_us=94200/1 track_us=107684/504 | end ok=0 abrt=0 miss=0 fail=0 deny=1 replan=0[0m
[00:28:45.737,411] [0m<inf> radiant_gate_mpsl: hi: acq=504 den=0 resv=0 pend=504 blk=0 grant=503[0m
[00:28:45.737,423] [0m<inf> radiant_gate_mpsl: seam: grant=504 nostage=0 prog=504/0 | sigrad=1006 sigt0=589 isr=1006 end=503 dis=2 term=3 | ramp=504/1 state=0 ev=0x13 rxen saved=0x80000016 cont=0x13f a=0x80000016 p=0x80000016 e=0x80000016 inten=0x00000140[0m
[00:28:45.737,440] [0m<inf> radiant_gate_mpsl: sw: n=503 wipe=0 ramp=503 wipe+ramp=0 rx=501 wipe+rx=0 | started=503 early=0/0us last=2635us | open lead=231us max=233us late=0 glen=4888 cc0=2888[0m
[00:28:45.737,483] [0m<inf> radiant_gate_mpsl: hiend: timer0=501 rel=2 | lasted=2889us max=3486us | dur=2866us max=3463us short=2 | t0arm=31us stale=0[0m
[00:28:45.737,503] [0m<inf> radiant_gate_mpsl: gate: acq=505 in_grant=501/501 placed=506 granted=505 blocked=0 cancel=0 eagain=2 near=0 long=0 ext=87/0 dead=0 | den pend=0 anch=0 dist=0 degen=0 nosess=0 owed=0 | sent grant=1 dead=0 blk=0 supp=503 | end=505 (norm=503 rel=2 idle=0 late=0) | bad over=0 inval=0 unk=0 inl=0 | len=4888/4888 el=10000 skew=0 brun=0 sig=7 g=0 hw=0 p=1 rel=0 end=1 boot=0 anchor=1 owes=1[0m
[00:28:46.589,455] [0m<inf> radiant_api: SWEEP set=1 steer=0 dwell=0/260000 adv=1 sweeps=0 win=1 ok=2 searching=0 carrier=255 | chunks=1 preempt=0 missed=0 ebusy=0 rej=0 | pumps=3348 hk=3347 | scan_us=94200/1 track_us=108500/508 | end ok=0 abrt=0 miss=0 fail=0 deny=1 replan=0[0m
[00:28:46.737,603] [0m<inf> radiant_gate_mpsl: hi: acq=508 den=0 resv=0 pend=508 blk=0 grant=507[0m
[1;31m--- 3 messages dropped ---
[0m[00:28:46.737,697] [0m<inf> radiant_gate_mpsl: gate: acq=509 in_grant=505/505 placed=510 granted=509 blocked=0 cancel=0 eagain=2 near=0 long=0 ext=87/0 dead=0 | den pend=0 anch=0 dist=0 degen=0 nosess=0 owed=0 | sent grant=1 dead=0 blk=0 supp=507 | end=509 (norm=507 rel=2 idle=0 late=0) | bad over=0 inval=0 unk=0 inl=0 | len=4888/4888 el=10000 skew=0 brun=0 sig=7 g=0 hw=0 p=1 rel=0 end=1 boot=0 anchor=1 owes=1[0m
[00:28:47.638,389] [0m<inf> radiant_api: SWEEP set=1 steer=0 dwell=0/260000 adv=1 sweeps=0 win=1 ok=2 searching=0 carrier=255 | chunks=1 preempt=0 missed=0 ebusy=0 rej=0 | pumps=3373 hk=3372 | scan_us=94200/1 track_us=109316/512 | end ok=0 abrt=0 miss=0 fail=0 deny=1 replan=0[0m
[00:28:47.737,784] [0m<inf> radiant_gate_mpsl: hi: acq=512 den=0 resv=0 pend=512 blk=0 grant=511[0m
[00:28:47.737,796] [0m<inf> radiant_gate_mpsl: seam: grant=512 nostage=0 prog=512/0 | sigrad=1022 sigt0=597 isr=1022 end=511 dis=2 term=3 | ramp=512/1 state=0 ev=0x13 rxen saved=0x80000016 cont=0x13f a=0x80000016 p=0x80000016 e=0x80000016 inten=0x00000140[0m
[00:28:47.737,806] [0m<inf> radiant_gate_mpsl: sw: n=511 wipe=0 ramp=511 wipe+ramp=0 rx=509 wipe+rx=0 | started=511 early=0/0us last=2635us | open lead=231us max=233us late=0 glen=4888 cc0=2888[0m
[00:28:47.737,854] [0m<inf> radiant_gate_mpsl: hiend: timer0=509 rel=2 | lasted=2890us max=3486us | dur=2866us max=3463us short=2 | t0arm=31us stale=0[0m
[00:28:47.737,889] [0m<inf> radiant_gate_mpsl: gate: acq=513 in_grant=509/509 placed=514 granted=513 blocked=0 cancel=0 eagain=2 near=0 long=0 ext=87/0 dead=0 | den pend=0 anch=0 dist=0 degen=0 nosess=0 owed=0 | sent grant=1 dead=0 blk=0 supp=511 | end=513 (norm=511 rel=2 idle=0 late=0) | bad over=0 inval=0 unk=0 inl=0 | len=4888/4888 el=10000 skew=0 brun=0 sig=7 g=0 hw=0 p=1 rel=0 end=1 boot=0 anchor=1 owes=1[0m
[00:28:48.687,313] [0m<inf> radiant_api: SWEEP set=1 steer=0 dwell=0/260000 adv=1 sweeps=0 win=1 ok=2 searching=0 carrier=255 | chunks=1 preempt=0 missed=0 ebusy=0 rej=0 | pumps=3398 hk=3397 | scan_us=94200/1 track_us=110132/516 | end ok=0 abrt=0 miss=0 fail=0 deny=1 replan=0[0m
[00:28:48.737,966] [0m<inf> radiant_gate_mpsl: hi: acq=516 den=0 resv=0 pend=516 blk=0 grant=515[0m
[00:28:48.737,978] [0m<inf> radiant_gate_mpsl: seam: grant=516 nostage=0 prog=516/0 | sigrad=1030 sigt0=601 isr=1030 end=515 dis=2 term=3 | ramp=516/1 state=0 ev=0x13 rxen saved=0x80000016 cont=0x13f a=0x80000016 p=0x80000016 e=0x80000016 inten=0x00000140[0m
[1;31m--- 3 messages dropped ---
[0m[00:28:49.736,241] [0m<inf> radiant_api: SWEEP set=1 steer=0 dwell=0/260000 adv=1 sweeps=0 win=1 ok=2 searching=0 carrier=255 | chunks=1 preempt=0 missed=0 ebusy=0 rej=0 | pumps=3423 hk=3422 | scan_us=94200/1 track_us=110948/520 | end ok=0 abrt=0 miss=0 fail=0 deny=1 replan=0[0m
[00:28:49.738,138] [0m<inf> radiant_gate_mpsl: hi: acq=520 den=0 resv=0 pend=520 blk=0 grant=519[0m
[00:28:49.738,149] [0m<inf> radiant_gate_mpsl: seam: grant=520 nostage=0 prog=520/0 | sigrad=1038 sigt0=605 isr=1038 end=519 dis=2 term=3 | ramp=520/1 state=0 ev=0x13 rxen saved=0x80000016 cont=0x13f a=0x80000016 p=0x80000016 e=0x80000016 inten=0x00000140[0m
[00:28:49.738,159] [0m<inf> radiant_gate_mpsl: sw: n=519 wipe=0 ramp=519 wipe+ramp=0 rx=517 wipe+rx=0 | started=519 early=0/0us last=2635us | open lead=231us max=233us late=0 glen=4888 cc0=2888[0m
[00:28:49.738,198] [0m<inf> radiant_gate_mpsl: hiend: timer0=517 rel=2 | lasted=2890us max=3486us | dur=2867us max=3463us short=2 | t0arm=31us stale=0[0m
[00:28:49.738,244] [0m<inf> radiant_gate_mpsl: gate: acq=521 in_grant=517/517 placed=522 granted=521 blocked=0 cancel=0 eagain=2 near=0 long=0 ext=87/0 dead=0 | den pend=0 anch=0 dist=0 degen=0 nosess=0 owed=0 | sent grant=1 dead=0 blk=0 supp=519 | end=521 (norm=519 rel=2 idle=0 late=0) | bad over=0 inval=0 unk=0 inl=0 | len=4888/4888 el=10000 skew=0 brun=0 sig=7 g=0 hw=0 p=1 rel=0 end=1 boot=0 anchor=1 owes=1[0m
[00:28:50.738,330] [0m<inf> radiant_gate_mpsl: hi: acq=524 den=0 resv=0 pend=524 blk=0 grant=523[0m
[1;31m--- 3 messages dropped ---
[0m[00:28:50.738,426] [0m<inf> radiant_gate_mpsl: gate: acq=525 in_grant=521/521 placed=526 granted=525 blocked=0 cancel=0 eagain=2 near=0 long=0 ext=87/0 dead=0 | den pend=0 anch=0 dist=0 degen=0 nosess=0 owed=0 | sent grant=1 dead=0 blk=0 supp=523 | end=525 (norm=523 rel=2 idle=0 late=0) | bad over=0 inval=0 unk=0 inl=0 | len=4888/4888 el=10000 skew=0 brun=0 sig=7 g=0 hw=0 p=1 rel=0 end=1 boot=0 anchor=1 owes=1[0m
[00:28:50.784,116] [0m<inf> radiant_api: SWEEP set=1 steer=0 dwell=0/260000 adv=1 sweeps=0 win=1 ok=2 searching=0 carrier=255 | chunks=1 preempt=0 missed=0 ebusy=0 rej=0 | pumps=3448 hk=3447 | scan_us=94200/1 track_us=111968/525 | end ok=0 abrt=0 miss=0 fail=0 deny=1 replan=0[0m
[00:28:51.738,478] [0m<inf> radiant_gate_mpsl: hi: acq=528 den=0 resv=0 pend=528 blk=0 grant=527[0m
[00:28:51.738,490] [0m<inf> radiant_gate_mpsl: seam: grant=528 nostage=0 prog=528/0 | sigrad=1054 sigt0=613 isr=1054 end=527 dis=2 term=3 | ramp=528/1 state=0 ev=0x13 rxen saved=0x80000016 cont=0x13f a=0x80000016 p=0x80000016 e=0x80000016 inten=0x00000140[0m
[00:28:51.738,500] [0m<inf> radiant_gate_mpsl: sw: n=527 wipe=0 ramp=527 wipe+ramp=0 rx=525 wipe+rx=0 | started=527 early=0/0us last=2635us | open lead=232us max=233us late=0 glen=4888 cc0=2888[0m
[00:28:51.738,539] [0m<inf> radiant_gate_mpsl: hiend: timer0=525 rel=2 | lasted=2889us max=3486us | dur=2866us max=3463us short=2 | t0arm=31us stale=0[0m
[00:28:51.738,583] [0m<inf> radiant_gate_mpsl: gate: acq=529 in_grant=525/525 placed=530 granted=529 blocked=0 cancel=0 eagain=2 near=0 long=0 ext=87/0 dead=0 | den pend=0 anch=0 dist=0 degen=0 nosess=0 owed=0 | sent grant=1 dead=0 blk=0 supp=527 | end=529 (norm=527 rel=2 idle=0 late=0) | bad over=0 inval=0 unk=0 inl=0 | len=4888/4888 el=10000 skew=0 brun=0 sig=7 g=0 hw=0 p=1 rel=0 end=1 boot=0 anchor=1 owes=1[0m
[00:28:51.833,097] [0m<inf> radiant_api: SWEEP set=1 steer=0 dwell=0/260000 adv=1 sweeps=0 win=1 ok=2 searching=0 carrier=255 | chunks=1 preempt=0 missed=0 ebusy=0 rej=0 | pumps=3474 hk=3473 | scan_us=94200/1 track_us=112784/529 | end ok=0 abrt=0 miss=0 fail=0 deny=1 replan=0[0m
[00:28:52.738,655] [0m<inf> radiant_gate_mpsl: hi: acq=532 den=0 resv=0 pend=532 blk=0 grant=531[0m
[1;31m--- 3 messages dropped ---
[0m[00:28:52.738,752] [0m<inf> radiant_gate_mpsl: gate: acq=533 in_grant=529/529 placed=534 granted=533 blocked=0 cancel=0 eagain=2 near=0 long=0 ext=87/0 dead=0 | den pend=0 anch=0 dist=0 degen=0 nosess=0 owed=0 | sent grant=1 dead=0 blk=0 supp=531 | end=533 (norm=531 rel=2 idle=0 late=0) | bad over=0 inval=0 unk=0 inl=0 | len=4888/4888 el=10000 skew=0 brun=0 sig=7 g=0 hw=0 p=1 rel=0 end=1 boot=0 anchor=1 owes=1[0m
[00:28:52.882,021] [0m<inf> radiant_api: SWEEP set=1 steer=0 dwell=0/260000 adv=1 sweeps=0 win=1 ok=2 searching=0 carrier=255 | chunks=1 preempt=0 missed=0 ebusy=0 rej=0 | pumps=3499 hk=3498 | scan_us=94200/1 track_us=113600/533 | end ok=0 abrt=0 miss=0 fail=0 deny=1 replan=0[0m
[00:28:53.738,836] [0m<inf> radiant_gate_mpsl: hi: acq=536 den=0 resv=0 pend=536 blk=0 grant=535[0m
[00:28:53.738,848] [0m<inf> radiant_gate_mpsl: seam: grant=536 nostage=0 prog=536/0 | sigrad=1070 sigt0=621 isr=1070 end=535 dis=2 term=3 | ramp=536/1 state=0 ev=0x13 rxen saved=0x80000016 cont=0x13f a=0x80000016 p=0x80000016 e=0x80000016 inten=0x00000140[0m
[00:28:53.738,858] [0m<inf> radiant_gate_mpsl: sw: n=535 wipe=0 ramp=535 wipe+ramp=0 rx=533 wipe+rx=0 | started=535 early=0/0us last=2635us | open lead=231us max=233us late=0 glen=4888 cc0=2888[0m
[00:28:53.738,914] [0m<inf> radiant_gate_mpsl: hiend: timer0=533 rel=2 | lasted=2890us max=3486us | dur=2866us max=3463us short=2 | t0arm=31us stale=0[0m
[00:28:53.738,942] [0m<inf> radiant_gate_mpsl: gate: acq=537 in_grant=533/533 placed=538 granted=537 blocked=0 cancel=0 eagain=2 near=0 long=0 ext=87/0 dead=0 | den pend=0 anch=0 dist=0 degen=0 nosess=0 owed=0 | sent grant=1 dead=0 blk=0 supp=535 | end=537 (norm=535 rel=2 idle=0 late=0) | bad over=0 inval=0 unk=0 inl=0 | len=4888/4888 el=10000 skew=0 brun=0 sig=7 g=0 hw=0 p=1 rel=0 end=1 boot=0 anchor=1 owes=1[0m
[00:28:53.930,977] [0m<inf> radiant_api: SWEEP set=1 steer=0 dwell=0/260000 adv=1 sweeps=0 win=1 ok=2 searching=0 carrier=255 | chunks=1 preempt=0 missed=0 ebusy=0 rej=0 | pumps=3524 hk=3523 | scan_us=94200/1 track_us=114416/537 | end ok=0 abrt=0 miss=0 fail=0 deny=1 replan=0[0m
[00:28:54.739,045] [0m<inf> radiant_gate_mpsl: hi: acq=540 den=0 resv=0 pend=540 blk=0 grant=539[0m
[00:28:54.739,057] [0m<inf> radiant_gate_mpsl: seam: grant=540 nostage=0 prog=540/0 | sigrad=1078 sigt0=625 isr=1078 end=539 dis=2 term=3 | ramp=540/1 state=0 ev=0x13 rxen saved=0x80000016 cont=0x13f a=0x80000016 p=0x80000016 e=0x80000016 inten=0x00000140[0m
[00:28:54.739,075] [0m<inf> radiant_gate_mpsl: sw: n=539 wipe=0 ramp=539 wipe+ramp=0 rx=537 wipe+rx=0 | started=539 early=0/0us last=2636us | open lead=231us max=233us late=0 glen=4888 cc0=2888[0m
[00:28:54.739,117] [0m<inf> radiant_gate_mpsl: hiend: timer0=537 rel=2 | lasted=2889us max=3486us | dur=2866us max=3463us short=2 | t0arm=31us stale=0[0m
[00:28:54.739,136] [0m<inf> radiant_gate_mpsl: gate: acq=541 in_grant=537/537 placed=542 granted=541 blocked=0 cancel=0 eagain=2 near=0 long=0 ext=87/0 dead=0 | den pend=0 anch=0 dist=0 degen=0 nosess=0 owed=0 | sent grant=1 dead=0 blk=0 supp=539 | end=541 (norm=539 rel=2 idle=0 late=0) | bad over=0 inval=0 unk=0 inl=0 | len=4888/4888 el=10000 skew=0 brun=0 sig=7 g=0 hw=0 p=1 rel=0 end=1 boot=0 anchor=1 owes=1[0m
[00:28:54.979,842] [0m<inf> radiant_api: SWEEP set=1 steer=0 dwell=0/260000 adv=1 sweeps=0 win=1 ok=2 searching=0 carrier=255 | chunks=1 preempt=0 missed=0 ebusy=0 rej=0 | pumps=3549 hk=3548 | scan_us=94200/1 track_us=115232/541 | end ok=0 abrt=0 miss=0 fail=0 deny=1 replan=0[0m
[00:28:55.739,239] [0m<inf> radiant_gate_mpsl: hi: acq=544 den=0 resv=0 pend=544 blk=0 grant=543[0m
[1;31m--- 4 messages dropped ---
[0m[00:28:56.027,744] [0m<inf> radiant_api: SWEEP set=1 steer=0 dwell=0/260000 adv=1 sweeps=0 win=1 ok=2 searching=0 carrier=255 | chunks=1 preempt=0 missed=0 ebusy=0 rej=0 | pumps=3574 hk=3573 | scan_us=94200/1 track_us=116252/546 | end ok=0 abrt=0 miss=0 fail=0 deny=1 replan=0[0m
[00:28:56.739,420] [0m<inf> radiant_gate_mpsl: hi: acq=548 den=0 resv=0 pend=548 blk=0 grant=547[0m
[00:28:56.739,432] [0m<inf> radiant_gate_mpsl: seam: grant=548 nostage=0 prog=548/0 | sigrad=1094 sigt0=633 isr=1094 end=547 dis=2 term=3 | ramp=548/1 state=0 ev=0x13 rxen saved=0x80000016 cont=0x13f a=0x80000016 p=0x80000016 e=0x80000016 inten=0x00000140[0m
[00:28:56.739,442] [0m<inf> radiant_gate_mpsl: sw: n=547 wipe=0 ramp=547 wipe+ramp=0 rx=545 wipe+rx=0 | started=547 early=0/0us last=2635us | open lead=231us max=233us late=0 glen=4888 cc0=2888[0m
[00:28:56.739,498] [0m<inf> radiant_gate_mpsl: hiend: timer0=545 rel=2 | lasted=2890us max=3486us | dur=2866us max=3463us short=2 | t0arm=31us stale=0[0m
[00:28:56.739,531] [0m<inf> radiant_gate_mpsl: gate: acq=549 in_grant=545/545 placed=550 granted=549 blocked=0 cancel=0 eagain=2 near=0 long=0 ext=87/0 dead=0 | den pend=0 anch=0 dist=0 degen=0 nosess=0 owed=0 | sent grant=1 dead=0 blk=0 supp=547 | end=549 (norm=547 rel=2 idle=0 late=0) | bad over=0 inval=0 unk=0 inl=0 | len=4888/4888 el=10000 skew=0 brun=0 sig=7 g=0 hw=0 p=1 rel=0 end=1 boot=0 anchor=1 owes=1[0m
[00:28:57.076,725] [0m<inf> radiant_api: SWEEP set=1 steer=0 dwell=0/260000 adv=1 sweeps=0 win=1 ok=2 searching=0 carrier=255 | chunks=1 preempt=0 missed=0 ebusy=0 rej=0 | pumps=3600 hk=3599 | scan_us=94200/1 track_us=117068/550 | end ok=0 abrt=0 miss=0 fail=0 deny=1 replan=0[0m
[00:28:57.739,597] [0m<inf> radiant_gate_mpsl: hi: acq=552 den=0 resv=0 pend=552 blk=0 grant=551[0m
[00:28:57.739,609] [0m<inf> radiant_gate_mpsl: seam: grant=552 nostage=0 prog=552/0 | sigrad=1102 sigt0=637 isr=1102 end=551 dis=2 term=3 | ramp=552/1 state=0 ev=0x13 rxen saved=0x80000016 cont=0x13f a=0x80000016 p=0x80000016 e=0x80000016 inten=0x00000140[0m
[00:28:57.739,619] [0m<inf> radiant_gate_mpsl: sw: n=551 wipe=0 ramp=551 wipe+ramp=0 rx=549 wipe+rx=0 | started=551 early=0/0us last=2635us | open lead=231us max=233us late=0 glen=4888 cc0=2888[0m
[00:28:57.739,669] [0m<inf> radiant_gate_mpsl: hiend: timer0=549 rel=2 | lasted=2889us max=3486us | dur=2866us max=3463us short=2 | t0arm=31us stale=0[0m
[00:28:57.739,689] [0m<inf> radiant_gate_mpsl: gate: acq=553 in_grant=549/549 placed=554 granted=553 blocked=0 cancel=0 eagain=2 near=0 long=0 ext=87/0 dead=0 | den pend=0 anch=0 dist=0 degen=0 nosess=0 owed=0 | sent grant=1 dead=0 blk=0 supp=551 | end=553 (norm=551 rel=2 idle=0 late=0) | bad over=0 inval=0 unk=0 inl=0 | len=4888/4888 el=10000 skew=0 brun=0 sig=7 g=0 hw=0 p=1 rel=0 end=1 boot=0 anchor=1 owes=1[0m
[00:28:58.125,651] [0m<inf> radiant_api: SWEEP set=1 steer=0 dwell=0/260000 adv=1 sweeps=0 win=1 ok=2 searching=0 carrier=255 | chunks=1 preempt=0 missed=0 ebusy=0 rej=0 | pumps=3625 hk=3624 | scan_us=94200/1 track_us=117884/554 | end ok=0 abrt=0 miss=0 fail=0 deny=1 replan=0[0m
[00:28:58.739,761] [0m<inf> radiant_gate_mpsl: hi: acq=556 den=0 resv=0 pend=556 blk=0 grant=555[0m
[1;31m--- 3 messages dropped ---
[0m[00:28:58.739,857] [0m<inf> radiant_gate_mpsl: gate: acq=557 in_grant=553/553 placed=558 granted=557 blocked=0 cancel=0 eagain=2 near=0 long=0 ext=87/0 dead=0 | den pend=0 anch=0 dist=0 degen=0 nosess=0 owed=0 | sent grant=1 dead=0 blk=0 supp=555 | end=557 (norm=555 rel=2 idle=0 late=0) | bad over=0 inval=0 unk=0 inl=0 | len=4888/4888 el=10000 skew=0 brun=0 sig=7 g=0 hw=0 p=1 rel=0 end=1 boot=0 anchor=1 owes=1[0m
[00:28:59.174,573] [0m<inf> radiant_api: SWEEP set=1 steer=0 dwell=0/260000 adv=1 sweeps=0 win=1 ok=2 searching=0 carrier=255 | chunks=1 preempt=0 missed=0 ebusy=0 rej=0 | pumps=3650 hk=3649 | scan_us=94200/1 track_us=118700/558 | end ok=0 abrt=0 miss=0 fail=0 deny=1 replan=0[0m
[00:28:59.739,908] [0m<inf> radiant_gate_mpsl: hi: acq=560 den=0 resv=0 pend=560 blk=0 grant=559[0m
[00:28:59.739,920] [0m<inf> radiant_gate_mpsl: seam: grant=560 nostage=0 prog=560/0 | sigrad=1118 sigt0=645 isr=1118 end=559 dis=2 term=3 | ramp=560/1 state=0 ev=0x13 rxen saved=0x80000016 cont=0x13f a=0x80000016 p=0x80000016 e=0x80000016 inten=0x00000140[0m
[00:28:59.739,930] [0m<inf> radiant_gate_mpsl: sw: n=559 wipe=0 ramp=559 wipe+ramp=0 rx=557 wipe+rx=0 | started=559 early=0/0us last=2635us | open lead=231us max=233us late=0 glen=4888 cc0=2888[0m
[00:28:59.739,969] [0m<inf> radiant_gate_mpsl: hiend: timer0=557 rel=2 | lasted=2889us max=3486us | dur=2866us max=3463us short=2 | t0arm=31us stale=0[0m
[00:28:59.740,014] [0m<inf> radiant_gate_mpsl: gate: acq=561 in_grant=557/557 placed=562 granted=561 blocked=0 cancel=0 eagain=2 near=0 long=0 ext=87/0 dead=0 | den pend=0 anch=0 dist=0 degen=0 nosess=0 owed=0 | sent grant=1 dead=0 blk=0 supp=559 | end=561 (norm=559 rel=2 idle=0 late=0) | bad over=0 inval=0 unk=0 inl=0 | len=4888/4888 el=10000 skew=0 brun=0 sig=7 g=0 hw=0 p=1 rel=0 end=1 boot=0 anchor=1 owes=1[0m
[00:29:00.223,497] [0m<inf> radiant_api: SWEEP set=1 steer=0 dwell=0/260000 adv=1 sweeps=0 win=1 ok=2 searching=0 carrier=255 | chunks=1 preempt=0 missed=0 ebusy=0 rej=0 | pumps=3675 hk=3674 | scan_us=94200/1 track_us=119516/562 | end ok=0 abrt=0 miss=0 fail=0 deny=1 replan=0[0m
[00:29:00.740,084] [0m<inf> radiant_gate_mpsl: hi: acq=564 den=0 resv=0 pend=564 blk=0 grant=563[0m
[00:29:00.740,096] [0m<inf> radiant_gate_mpsl: seam: grant=564 nostage=0 prog=564/0 | sigrad=1126 sigt0=649 isr=1126 end=563 dis=2 term=3 | ramp=564/1 state=0 ev=0x13 rxen saved=0x80000016 cont=0x13f a=0x80000016 p=0x80000016 e=0x80000016 inten=0x00000140[0m
[00:29:00.740,106] [0m<inf> radiant_gate_mpsl: sw: n=563 wipe=0 ramp=563 wipe+ramp=0 rx=561 wipe+rx=0 | started=563 early=0/0us last=2634us | open lead=232us max=233us late=0 glen=4888 cc0=2888[0m
[00:29:00.740,156] [0m<inf> radiant_gate_mpsl: hiend: timer0=561 rel=2 | lasted=2889us max=3486us | dur=2866us max=3463us short=2 | t0arm=31us stale=0[0m
[00:29:00.740,176] [0m<inf> radiant_gate_mpsl: gate: acq=565 in_grant=561/561 placed=566 granted=565 blocked=0 cancel=0 eagain=2 near=0 long=0 ext=87/0 dead=0 | den pend=0 anch=0 dist=0 degen=0 nosess=0 owed=0 | sent grant=1 dead=0 blk=0 supp=563 | end=565 (norm=563 rel=2 idle=0 late=0) | bad over=0 inval=0 unk=0 inl=0 | len=4888/4888 el=10000 skew=0 brun=0 sig=7 g=0 hw=0 p=1 rel=0 end=1 boot=0 anchor=1 owes=1[0m
[00:29:01.271,380] [0m<inf> radiant_api: SWEEP set=1 steer=0 dwell=0/260000 adv=1 sweeps=0 win=1 ok=2 searching=0 carrier=255 | chunks=1 preempt=0 missed=0 ebusy=0 rej=0 | pumps=3700 hk=3699 | scan_us=94200/1 track_us=120536/567 | end ok=0 abrt=0 miss=0 fail=0 deny=1 replan=0[0m
[00:29:01.740,247] [0m<inf> radiant_gate_mpsl: hi: acq=568 den=0 resv=0 pend=568 blk=0 grant=567[0m
[1;31m--- 4 messages dropped ---
[0m[00:29:02.320,357] [0m<inf> radiant_api: SWEEP set=1 steer=0 dwell=0/260000 adv=1 sweeps=0 win=1 ok=2 searching=0 carrier=255 | chunks=1 preempt=0 missed=0 ebusy=0 rej=0 | pumps=3726 hk=3725 | scan_us=94200/1 track_us=121352/571 | end ok=0 abrt=0 miss=0 fail=0 deny=1 replan=0[0m
[00:29:02.740,397] [0m<inf> radiant_gate_mpsl: hi: acq=572 den=0 resv=0 pend=572 blk=0 grant=571[0m
[00:29:02.740,409] [0m<inf> radiant_gate_mpsl: seam: grant=572 nostage=0 prog=572/0 | sigrad=1142 sigt0=657 isr=1142 end=571 dis=2 term=3 | ramp=572/1 state=0 ev=0x13 rxen saved=0x80000016 cont=0x13f a=0x80000016 p=0x80000016 e=0x80000016 inten=0x00000140[0m
[00:29:02.740,420] [0m<inf> radiant_gate_mpsl: sw: n=571 wipe=0 ramp=571 wipe+ramp=0 rx=569 wipe+rx=0 | started=571 early=0/0us last=2635us | open lead=231us max=233us late=0 glen=4888 cc0=2888[0m
[00:29:02.740,475] [0m<inf> radiant_gate_mpsl: hiend: timer0=569 rel=2 | lasted=2889us max=3486us | dur=2866us max=3463us short=2 | t0arm=31us stale=0[0m
[00:29:02.740,507] [0m<inf> radiant_gate_mpsl: gate: acq=573 in_grant=569/569 placed=574 granted=573 blocked=0 cancel=0 eagain=2 near=0 long=0 ext=87/0 dead=0 | den pend=0 anch=0 dist=0 degen=0 nosess=0 owed=0 | sent grant=1 dead=0 blk=0 supp=571 | end=573 (norm=571 rel=2 idle=0 late=0) | bad over=0 inval=0 unk=0 inl=0 | len=4888/4888 el=10000 skew=0 brun=0 sig=7 g=0 hw=0 p=1 rel=0 end=1 boot=0 anchor=1 owes=1[0m
[00:29:03.369,281] [0m<inf> radiant_api: SWEEP set=1 steer=0 dwell=0/260000 adv=1 sweeps=0 win=1 ok=2 searching=0 carrier=255 | chunks=1 preempt=0 missed=0 ebusy=0 rej=0 | pumps=3751 hk=3750 | scan_us=94200/1 track_us=122168/575 | end ok=0 abrt=0 miss=0 fail=0 deny=1 replan=0[0m
[00:29:03.740,563] [0m<inf> radiant_gate_mpsl: hi: acq=576 den=0 resv=0 pend=576 blk=0 grant=575[0m
[00:29:03.740,575] [0m<inf> radiant_gate_mpsl: seam: grant=576 nostage=0 prog=576/0 | sigrad=1150 sigt0=661 isr=1150 end=575 dis=2 term=3 | ramp=576/1 state=0 ev=0x13 rxen saved=0x80000016 cont=0x13f a=0x80000016 p=0x80000016 e=0x80000016 inten=0x00000140[0m
[00:29:03.740,585] [0m<inf> radiant_gate_mpsl: sw: n=575 wipe=0 ramp=575 wipe+ramp=0 rx=573 wipe+rx=0 | started=575 early=0/0us last=2635us | open lead=231us max=233us late=0 glen=4888 cc0=2888[0m
[00:29:03.740,635] [0m<inf> radiant_gate_mpsl: hiend: timer0=573 rel=2 | lasted=2890us max=3486us | dur=2867us max=3463us short=2 | t0arm=31us stale=0[0m
[00:29:03.740,656] [0m<inf> radiant_gate_mpsl: gate: acq=577 in_grant=573/573 placed=578 granted=577 blocked=0 cancel=0 eagain=2 near=0 long=0 ext=87/0 dead=0 | den pend=0 anch=0 dist=0 degen=0 nosess=0 owed=0 | sent grant=1 dead=0 blk=0 supp=575 | end=577 (norm=575 rel=2 idle=0 late=0) | bad over=0 inval=0 unk=0 inl=0 | len=4888/4888 el=10000 skew=0 brun=0 sig=7 g=0 hw=0 p=1 rel=0 end=1 boot=0 anchor=1 owes=1[0m
[00:29:04.418,179] [0m<inf> radiant_api: SWEEP set=1 steer=0 dwell=0/260000 adv=1 sweeps=0 win=1 ok=2 searching=0 carrier=255 | chunks=1 preempt=0 missed=0 ebusy=0 rej=0 | pumps=3776 hk=3775 | scan_us=94200/1 track_us=122984/579 | end ok=0 abrt=0 miss=0 fail=0 deny=1 replan=0[0m
[00:29:04.740,717] [0m<inf> radiant_gate_mpsl: hi: acq=580 den=0 resv=0 pend=580 blk=0 grant=579[0m
[1;31m--- 3 messages dropped ---
[0m[00:29:04.740,811] [0m<inf> radiant_gate_mpsl: gate: acq=581 in_grant=577/577 placed=582 granted=581 blocked=0 cancel=0 eagain=2 near=0 long=0 ext=87/0 dead=0 | den pend=0 anch=0 dist=0 degen=0 nosess=0 owed=0 | sent grant=1 dead=0 blk=0 supp=579 | end=581 (norm=579 rel=2 idle=0 late=0) | bad over=0 inval=0 unk=0 inl=0 | len=4888/4888 el=10000 skew=0 brun=0 sig=7 g=0 hw=0 p=1 rel=0 end=1 boot=0 anchor=1 owes=1[0m
[00:29:05.467,129] [0m<inf> radiant_api: SWEEP set=1 steer=0 dwell=0/260000 adv=1 sweeps=0 win=1 ok=2 searching=0 carrier=255 | chunks=1 preempt=0 missed=0 ebusy=0 rej=0 | pumps=3801 hk=3800 | scan_us=94200/1 track_us=123800/583 | end ok=0 abrt=0 miss=0 fail=0 deny=1 replan=0[0m
[00:29:05.740,877] [0m<inf> radiant_gate_mpsl: hi: acq=584 den=0 resv=0 pend=584 blk=0 grant=583[0m
[00:29:05.740,888] [0m<inf> radiant_gate_mpsl: seam: grant=584 nostage=0 prog=584/0 | sigrad=1166 sigt0=669 isr=1166 end=583 dis=2 term=3 | ramp=584/1 state=0 ev=0x13 rxen saved=0x80000016 cont=0x13f a=0x80000016 p=0x80000016 e=0x80000016 inten=0x00000140[0m
[00:29:05.740,898] [0m<inf> radiant_gate_mpsl: sw: n=583 wipe=0 ramp=583 wipe+ramp=0 rx=581 wipe+rx=0 | started=583 early=0/0us last=2636us | open lead=230us max=233us late=0 glen=4888 cc0=2888[0m
[00:29:05.740,937] [0m<inf> radiant_gate_mpsl: hiend: timer0=581 rel=2 | lasted=2889us max=3486us | dur=2866us max=3463us short=2 | t0arm=31us stale=0[0m
[00:29:05.740,982] [0m<inf> radiant_gate_mpsl: gate: acq=585 in_grant=581/581 placed=586 granted=585 blocked=0 cancel=0 eagain=2 near=0 long=0 ext=87/0 dead=0 | den pend=0 anch=0 dist=0 degen=0 nosess=0 owed=0 | sent grant=1 dead=0 blk=0 supp=583 | end=585 (norm=583 rel=2 idle=0 late=0) | bad over=0 inval=0 unk=0 inl=0 | len=4888/4888 el=10000 skew=0 brun=0 sig=7 g=0 hw=0 p=1 rel=0 end=1 boot=0 anchor=1 owes=1[0m
[00:29:06.515,005] [0m<inf> radiant_api: SWEEP set=1 steer=0 dwell=0/260000 adv=1 sweeps=0 win=1 ok=2 searching=0 carrier=255 | chunks=1 preempt=0 missed=0 ebusy=0 rej=0 | pumps=3826 hk=3825 | scan_us=94200/1 track_us=124820/588 | end ok=0 abrt=0 miss=0 fail=0 deny=1 replan=0[0m
[00:29:06.741,045] [0m<inf> radiant_gate_mpsl: hi: acq=588 den=0 resv=0 pend=588 blk=0 grant=587[0m
[00:29:06.741,057] [0m<inf> radiant_gate_mpsl: seam: grant=588 nostage=0 prog=588/0 | sigrad=1174 sigt0=673 isr=1174 end=587 dis=2 term=3 | ramp=588/1 state=0 ev=0x13 rxen saved=0x80000016 cont=0x13f a=0x80000016 p=0x80000016 e=0x80000016 inten=0x00000140[0m
[00:29:06.741,067] [0m<inf> radiant_gate_mpsl: sw: n=587 wipe=0 ramp=587 wipe+ramp=0 rx=585 wipe+rx=0 | started=587 early=0/0us last=2635us | open lead=231us max=233us late=0 glen=4888 cc0=2888[0m
[00:29:06.741,118] [0m<inf> radiant_gate_mpsl: hiend: timer0=585 rel=2 | lasted=2890us max=3486us | dur=2867us max=3463us short=2 | t0arm=31us stale=0[0m
[00:29:06.741,138] [0m<inf> radiant_gate_mpsl: gate: acq=589 in_grant=585/585 placed=590 granted=589 blocked=0 cancel=0 eagain=2 near=0 long=0 ext=87/0 dead=0 | den pend=0 anch=0 dist=0 degen=0 nosess=0 owed=0 | sent grant=1 dead=0 blk=0 supp=587 | end=589 (norm=587 rel=2 idle=0 late=0) | bad over=0 inval=0 unk=0 inl=0 | len=4888/4888 el=10000 skew=0 brun=0 sig=7 g=0 hw=0 p=1 rel=0 end=1 boot=0 anchor=1 owes=1[0m
[00:29:07.563,944] [0m<inf> radiant_api: SWEEP set=1 steer=0 dwell=0/260000 adv=1 sweeps=0 win=1 ok=2 searching=0 carrier=255 | chunks=1 preempt=0 missed=0 ebusy=0 rej=0 | pumps=3852 hk=3851 | scan_us=94200/1 track_us=125636/592 | end ok=0 abrt=0 miss=0 fail=0 deny=1 replan=0[0m
[00:29:07.741,205] [0m<inf> radiant_gate_mpsl: hi: acq=592 den=0 resv=0 pend=592 blk=0 grant=591[0m
[1;31m--- 4 messages dropped ---
[0m[00:29:08.612,912] [0m<inf> radiant_api: SWEEP set=1 steer=0 dwell=0/260000 adv=1 sweeps=0 win=1 ok=2 searching=0 carrier=255 | chunks=1 preempt=0 missed=0 ebusy=0 rej=0 | pumps=3877 hk=3876 | scan_us=94200/1 track_us=126452/596 | end ok=0 abrt=0 miss=0 fail=0 deny=1 replan=0[0m
[00:29:08.741,356] [0m<inf> radiant_gate_mpsl: hi: acq=596 den=0 resv=0 pend=596 blk=0 grant=595[0m
[00:29:08.741,367] [0m<inf> radiant_gate_mpsl: seam: grant=596 nostage=0 prog=596/0 | sigrad=1190 sigt0=681 isr=1190 end=595 dis=2 term=3 | ramp=596/1 state=0 ev=0x13 rxen saved=0x80000016 cont=0x13f a=0x80000016 p=0x80000016 e=0x80000016 inten=0x00000140[0m
[00:29:08.741,377] [0m<inf> radiant_gate_mpsl: sw: n=595 wipe=0 ramp=595 wipe+ramp=0 rx=593 wipe+rx=0 | started=595 early=0/0us last=2636us | open lead=231us max=233us late=0 glen=4888 cc0=2888[0m
[00:29:08.741,433] [0m<inf> radiant_gate_mpsl: hiend: timer0=593 rel=2 | lasted=2889us max=3486us | dur=2866us max=3463us short=2 | t0arm=31us stale=0[0m
[00:29:08.741,465] [0m<inf> radiant_gate_mpsl: gate: acq=597 in_grant=593/593 placed=598 granted=597 blocked=0 cancel=0 eagain=2 near=0 long=0 ext=87/0 dead=0 | den pend=0 anch=0 dist=0 degen=0 nosess=0 owed=0 | sent grant=1 dead=0 blk=0 supp=595 | end=597 (norm=595 rel=2 idle=0 late=0) | bad over=0 inval=0 unk=0 inl=0 | len=4888/4888 el=10000 skew=0 brun=0 sig=7 g=0 hw=0 p=1 rel=0 end=1 boot=0 anchor=1 owes=1[0m
[00:29:09.661,835] [0m<inf> radiant_api: SWEEP set=1 steer=0 dwell=0/260000 adv=1 sweeps=0 win=1 ok=2 searching=0 carrier=255 | chunks=1 preempt=0 missed=0 ebusy=0 rej=0 | pumps=3902 hk=3901 | scan_us=94200/1 track_us=127268/600 | end ok=0 abrt=0 miss=0 fail=0 deny=1 replan=0[0m
[00:29:09.741,535] [0m<inf> radiant_gate_mpsl: hi: acq=600 den=0 resv=0 pend=600 blk=0 grant=599[0m
[00:29:09.741,549] [0m<inf> radiant_gate_mpsl: seam: grant=600 nostage=0 prog=600/0 | sigrad=1198 sigt0=685 isr=1198 end=599 dis=2 term=3 | ramp=600/1 state=0 ev=0x13 rxen saved=0x80000016 cont=0x13f a=0x80000016 p=0x80000016 e=0x80000016 inten=0x00000140[0m
[00:29:09.741,558] [0m<inf> radiant_gate_mpsl: sw: n=599 wipe=0 ramp=599 wipe+ramp=0 rx=597 wipe+rx=0 | started=599 early=0/0us last=2635us | open lead=231us max=233us late=0 glen=4888 cc0=2888[0m
[00:29:09.741,608] [0m<inf> radiant_gate_mpsl: hiend: timer0=597 rel=2 | lasted=2890us max=3486us | dur=2867us max=3463us short=2 | t0arm=31us stale=0[0m
[1;31m--- 1 messages dropped ---
[0m[00:29:10.710,731] [0m<inf> radiant_api: SWEEP set=1 steer=0 dwell=0/260000 adv=1 sweeps=0 win=1 ok=2 searching=0 carrier=255 | chunks=1 preempt=0 missed=0 ebusy=0 rej=0 | pumps=3927 hk=3926 | scan_us=94200/1 track_us=128084/604 | end ok=0 abrt=0 miss=0 fail=0 deny=1 replan=0[0m
[00:29:10.741,687] [0m<inf> radiant_gate_mpsl: hi: acq=604 den=0 resv=0 pend=604 blk=0 grant=603[0m
[00:29:10.741,698] [0m<inf> radiant_gate_mpsl: seam: grant=604 nostage=0 prog=604/0 | sigrad=1206 sigt0=689 isr=1206 end=603 dis=2 term=3 | ramp=604/1 state=0 ev=0x13 rxen saved=0x80000016 cont=0x13f a=0x80000016 p=0x80000016 e=0x80000016 inten=0x00000140[0m
[00:29:10.741,708] [0m<inf> radiant_gate_mpsl: sw: n=603 wipe=0 ramp=603 wipe+ramp=0 rx=601 wipe+rx=0 | started=603 early=0/0us last=2635us | open lead=231us max=233us late=0 glen=4888 cc0=2888[0m
[00:29:10.741,746] [0m<inf> radiant_gate_mpsl: hiend: timer0=601 rel=2 | lasted=2889us max=3486us | dur=2866us max=3463us short=2 | t0arm=31us stale=0[0m
[00:29:10.741,785] [0m<inf> radiant_gate_mpsl: gate: acq=605 in_grant=601/601 placed=606 granted=605 blocked=0 cancel=0 eagain=2 near=0 long=0 ext=87/0 dead=0 | den pend=0 anch=0 dist=0 degen=0 nosess=0 owed=0 | sent grant=1 dead=0 blk=0 supp=603 | end=605 (norm=603 rel=2 idle=0 late=0) | bad over=0 inval=0 unk=0 inl=0 | len=4888/4888 el=10000 skew=0 brun=0 sig=7 g=0 hw=0 p=1 rel=0 end=1 boot=0 anchor=1 owes=1[0m
[00:29:11.741,864] [0m<inf> radiant_gate_mpsl: hi: acq=608 den=0 resv=0 pend=608 blk=0 grant=607[0m
[1;31m--- 3 messages dropped ---
[0m[00:29:11.741,960] [0m<inf> radiant_gate_mpsl: gate: acq=609 in_grant=605/605 placed=610 granted=609 blocked=0 cancel=0 eagain=2 near=0 long=0 ext=87/0 dead=0 | den pend=0 anch=0 dist=0 degen=0 nosess=0 owed=0 | sent grant=1 dead=0 blk=0 supp=607 | end=609 (norm=607 rel=2 idle=0 late=0) | bad over=0 inval=0 unk=0 inl=0 | len=4888/4888 el=10000 skew=0 brun=0 sig=7 g=0 hw=0 p=1 rel=0 end=1 boot=0 anchor=1 owes=1[0m
[00:29:11.758,639] [0m<inf> radiant_api: SWEEP set=1 steer=0 dwell=0/260000 adv=1 sweeps=0 win=1 ok=2 searching=0 carrier=255 | chunks=1 preempt=0 missed=0 ebusy=0 rej=0 | pumps=3952 hk=3951 | scan_us=94200/1 track_us=129104/609 | end ok=0 abrt=0 miss=0 fail=0 deny=1 replan=0[0m
[00:29:12.742,044] [0m<inf> radiant_gate_mpsl: hi: acq=612 den=0 resv=0 pend=612 blk=0 grant=611[0m
[00:29:12.742,056] [0m<inf> radiant_gate_mpsl: seam: grant=612 nostage=0 prog=612/0 | sigrad=1222 sigt0=697 isr=1222 end=611 dis=2 term=3 | ramp=612/1 state=0 ev=0x13 rxen saved=0x80000016 cont=0x13f a=0x80000016 p=0x80000016 e=0x80000016 inten=0x00000140[0m
[00:29:12.742,066] [0m<inf> radiant_gate_mpsl: sw: n=611 wipe=0 ramp=611 wipe+ramp=0 rx=609 wipe+rx=0 | started=611 early=0/0us last=2635us | open lead=231us max=233us late=0 glen=4888 cc0=2888[0m
[00:29:12.742,114] [0m<inf> radiant_gate_mpsl: hiend: timer0=609 rel=2 | lasted=2890us max=3486us | dur=2867us max=3463us short=2 | t0arm=31us stale=0[0m
[00:29:12.742,149] [0m<inf> radiant_gate_mpsl: gate: acq=613 in_grant=609/609 placed=614 granted=613 blocked=0 cancel=0 eagain=2 near=0 long=0 ext=87/0 dead=0 | den pend=0 anch=0 dist=0 degen=0 nosess=0 owed=0 | sent grant=1 dead=0 blk=0 supp=611 | end=613 (norm=611 rel=2 idle=0 late=0) | bad over=0 inval=0 unk=0 inl=0 | len=4888/4888 el=10000 skew=0 brun=0 sig=7 g=0 hw=0 p=1 rel=0 end=1 boot=0 anchor=1 owes=1[0m
[00:29:12.807,618] [0m<inf> radiant_api: SWEEP set=1 steer=0 dwell=0/260000 adv=1 sweeps=0 win=1 ok=2 searching=0 carrier=255 | chunks=1 preempt=0 missed=0 ebusy=0 rej=0 | pumps=3978 hk=3977 | scan_us=94200/1 track_us=129920/613 | end ok=0 abrt=0 miss=0 fail=0 deny=1 replan=0[0m
[00:29:13.742,221] [0m<inf> radiant_gate_mpsl: hi: acq=616 den=0 resv=0 pend=616 blk=0 grant=615[0m
[1;31m--- 4 messages dropped ---
[0m[00:29:13.856,542] [0m<inf> radiant_api: SWEEP set=1 steer=0 dwell=0/260000 adv=1 sweeps=0 win=1 ok=2 searching=0 carrier=255 | chunks=1 preempt=0 missed=0 ebusy=0 rej=0 | pumps=4003 hk=4002 | scan_us=94200/1 track_us=130736/617 | end ok=0 abrt=0 miss=0 fail=0 deny=1 replan=0[0m
[00:29:14.742,370] [0m<inf> radiant_gate_mpsl: hi: acq=620 den=0 resv=0 pend=620 blk=0 grant=619[0m
[00:29:14.742,382] [0m<inf> radiant_gate_mpsl: seam: grant=620 nostage=0 prog=620/0 | sigrad=1238 sigt0=705 isr=1238 end=619 dis=2 term=3 | ramp=620/1 state=0 ev=0x13 rxen saved=0x80000016 cont=0x13f a=0x80000016 p=0x80000016 e=0x80000016 inten=0x00000140[0m
[00:29:14.742,392] [0m<inf> radiant_gate_mpsl: sw: n=619 wipe=0 ramp=619 wipe+ramp=0 rx=617 wipe+rx=0 | started=619 early=0/0us last=2635us | open lead=231us max=233us late=0 glen=4888 cc0=2888[0m
[00:29:14.742,431] [0m<inf> radiant_gate_mpsl: hiend: timer0=617 rel=2 | lasted=2890us max=3486us | dur=2867us max=3463us short=2 | t0arm=31us stale=0[0m
[00:29:14.742,480] [0m<inf> radiant_gate_mpsl: gate: acq=621 in_grant=617/617 placed=622 granted=621 blocked=0 cancel=0 eagain=2 near=0 long=0 ext=87/0 dead=0 | den pend=0 anch=0 dist=0 degen=0 nosess=0 owed=0 | sent grant=1 dead=0 blk=0 supp=619 | end=621 (norm=619 rel=2 idle=0 late=0) | bad over=0 inval=0 unk=0 inl=0 | len=4888/4888 el=10000 skew=0 brun=0 sig=7 g=0 hw=0 p=1 rel=0 end=1 boot=0 anchor=1 owes=1[0m
[00:29:14.905,449] [0m<inf> radiant_api: SWEEP set=1 steer=0 dwell=0/260000 adv=1 sweeps=0 win=1 ok=2 searching=0 carrier=255 | chunks=1 preempt=0 missed=0 ebusy=0 rej=0 | pumps=4028 hk=4027 | scan_us=94200/1 track_us=131552/621 | end ok=0 abrt=0 miss=0 fail=0 deny=1 replan=0[0m
[00:29:15.742,546] [0m<inf> radiant_gate_mpsl: hi: acq=624 den=0 resv=0 pend=624 blk=0 grant=623[0m
[00:29:15.742,558] [0m<inf> radiant_gate_mpsl: seam: grant=624 nostage=0 prog=624/0 | sigrad=1246 sigt0=709 isr=1246 end=623 dis=2 term=3 | ramp=624/1 state=0 ev=0x13 rxen saved=0x80000016 cont=0x13f a=0x80000016 p=0x80000016 e=0x80000016 inten=0x00000140[0m
[00:29:15.742,568] [0m<inf> radiant_gate_mpsl: sw: n=623 wipe=0 ramp=623 wipe+ramp=0 rx=621 wipe+rx=0 | started=623 early=0/0us last=2635us | open lead=231us max=233us late=0 glen=4888 cc0=2888[0m
[00:29:15.742,618] [0m<inf> radiant_gate_mpsl: hiend: timer0=621 rel=2 | lasted=2890us max=3486us | dur=2866us max=3463us short=2 | t0arm=31us stale=0[0m
[00:29:15.742,638] [0m<inf> radiant_gate_mpsl: gate: acq=625 in_grant=621/621 placed=626 granted=625 blocked=0 cancel=0 eagain=2 near=0 long=0 ext=87/0 dead=0 | den pend=0 anch=0 dist=0 degen=0 nosess=0 owed=0 | sent grant=1 dead=0 blk=0 supp=623 | end=625 (norm=623 rel=2 idle=0 late=0) | bad over=0 inval=0 unk=0 inl=0 | len=4888/4888 el=10000 skew=0 brun=0 sig=7 g=0 hw=0 p=1 rel=0 end=1 boot=0 anchor=1 owes=1[0m
[00:29:15.954,363] [0m<inf> radiant_api: SWEEP set=1 steer=0 dwell=0/260000 adv=1 sweeps=0 win=1 ok=2 searching=0 carrier=255 | chunks=1 preempt=0 missed=0 ebusy=0 rej=0 | pumps=4053 hk=4052 | scan_us=94200/1 track_us=132368/625 | end ok=0 abrt=0 miss=0 fail=0 deny=1 replan=0[0m
[00:29:16.742,711] [0m<inf> radiant_gate_mpsl: hi: acq=628 den=0 resv=0 pend=628 blk=0 grant=627[0m
[1;31m--- 3 messages dropped ---
[0m[00:29:16.742,806] [0m<inf> radiant_gate_mpsl: gate: acq=629 in_grant=625/625 placed=630 granted=629 blocked=0 cancel=0 eagain=2 near=0 long=0 ext=87/0 dead=0 | den pend=0 anch=0 dist=0 degen=0 nosess=0 owed=0 | sent grant=1 dead=0 blk=0 supp=627 | end=629 (norm=627 rel=2 idle=0 late=0) | bad over=0 inval=0 unk=0 inl=0 | len=4888/4888 el=10000 skew=0 brun=0 sig=7 g=0 hw=0 p=1 rel=0 end=1 boot=0 anchor=1 owes=1[0m
[00:29:17.002,266] [0m<inf> radiant_api: SWEEP set=1 steer=0 dwell=0/260000 adv=1 sweeps=0 win=1 ok=2 searching=0 carrier=255 | chunks=1 preempt=0 missed=0 ebusy=0 rej=0 | pumps=4078 hk=4077 | scan_us=94200/1 track_us=133388/630 | end ok=0 abrt=0 miss=0 fail=0 deny=1 replan=0[0m
[00:29:17.742,858] [0m<inf> radiant_gate_mpsl: hi: acq=632 den=0 resv=0 pend=632 blk=0 grant=631[0m
[00:29:17.742,870] [0m<inf> radiant_gate_mpsl: seam: grant=632 nostage=0 prog=632/0 | sigrad=1262 sigt0=717 isr=1262 end=631 dis=2 term=3 | ramp=632/1 state=0 ev=0x13 rxen saved=0x80000016 cont=0x13f a=0x80000016 p=0x80000016 e=0x80000016 inten=0x00000140[0m
[00:29:17.742,880] [0m<inf> radiant_gate_mpsl: sw: n=631 wipe=0 ramp=631 wipe+ramp=0 rx=629 wipe+rx=0 | started=631 early=0/0us last=2635us | open lead=231us max=233us late=0 glen=4888 cc0=2888[0m
[00:29:17.742,919] [0m<inf> radiant_gate_mpsl: hiend: timer0=629 rel=2 | lasted=2890us max=3486us | dur=2867us max=3463us short=2 | t0arm=31us stale=0[0m
[00:29:17.742,964] [0m<inf> radiant_gate_mpsl: gate: acq=633 in_grant=629/629 placed=634 granted=633 blocked=0 cancel=0 eagain=2 near=0 long=0 ext=87/0 dead=0 | den pend=0 anch=0 dist=0 degen=0 nosess=0 owed=0 | sent grant=1 dead=0 blk=0 supp=631 | end=633 (norm=631 rel=2 idle=0 late=0) | bad over=0 inval=0 unk=0 inl=0 | len=4888/4888 el=10000 skew=0 brun=0 sig=7 g=0 hw=0 p=1 rel=0 end=1 boot=0 anchor=1 owes=1[0m
[00:29:18.051,246] [0m<inf> radiant_api: SWEEP set=1 steer=0 dwell=0/260000 adv=1 sweeps=0 win=1 ok=2 searching=0 carrier=255 | chunks=1 preempt=0 missed=0 ebusy=0 rej=0 | pumps=4104 hk=4103 | scan_us=94200/1 track_us=134204/634 | end ok=0 abrt=0 miss=0 fail=0 deny=1 replan=0[0m
[00:29:18.743,034] [0m<inf> radiant_gate_mpsl: hi: acq=636 den=0 resv=0 pend=636 blk=0 grant=635[0m
[00:29:18.743,046] [0m<inf> radiant_gate_mpsl: seam: grant=636 nostage=0 prog=636/0 | sigrad=1270 sigt0=721 isr=1270 end=635 dis=2 term=3 | ramp=636/1 state=0 ev=0x13 rxen saved=0x80000016 cont=0x13f a=0x80000016 p=0x80000016 e=0x80000016 inten=0x00000140[0m
[00:29:18.743,056] [0m<inf> radiant_gate_mpsl: sw: n=635 wipe=0 ramp=635 wipe+ramp=0 rx=633 wipe+rx=0 | started=635 early=0/0us last=2635us | open lead=231us max=233us late=0 glen=4888 cc0=2888[0m
[00:29:18.743,106] [0m<inf> radiant_gate_mpsl: hiend: timer0=633 rel=2 | lasted=2890us max=3486us | dur=2866us max=3463us short=2 | t0arm=31us stale=0[0m
[00:29:18.743,126] [0m<inf> radiant_gate_mpsl: gate: acq=637 in_grant=633/633 placed=638 granted=637 blocked=0 cancel=0 eagain=2 near=0 long=0 ext=87/0 dead=0 | den pend=0 anch=0 dist=0 degen=0 nosess=0 owed=0 | sent grant=1 dead=0 blk=0 supp=635 | end=637 (norm=635 rel=2 idle=0 late=0) | bad over=0 inval=0 unk=0 inl=0 | len=4888/4888 el=10000 skew=0 brun=0 sig=7 g=0 hw=0 p=1 rel=0 end=1 boot=0 anchor=1 owes=1[0m
[00:29:19.100,174] [0m<inf> radiant_api: SWEEP set=1 steer=0 dwell=0/260000 adv=1 sweeps=0 win=1 ok=2 searching=0 carrier=255 | chunks=1 preempt=0 missed=0 ebusy=0 rej=0 | pumps=4129 hk=4128 | scan_us=94200/1 track_us=135020/638 | end ok=0 abrt=0 miss=0 fail=0 deny=1 replan=0[0m
[00:29:19.743,197] [0m<inf> radiant_gate_mpsl: hi: acq=640 den=0 resv=0 pend=640 blk=0 grant=639[0m
[1;31m--- 4 messages dropped ---
[0m[00:29:20.149,094] [0m<inf> radiant_api: SWEEP set=1 steer=0 dwell=0/260000 adv=1 sweeps=0 win=1 ok=2 searching=0 carrier=255 | chunks=1 preempt=0 missed=0 ebusy=0 rej=0 | pumps=4154 hk=4153 | scan_us=94200/1 track_us=135836/642 | end ok=0 abrt=0 miss=0 fail=0 deny=1 replan=0[0m
[00:29:20.743,378] [0m<inf> radiant_gate_mpsl: hi: acq=644 den=0 resv=0 pend=644 blk=0 grant=643[0m
[00:29:20.743,390] [0m<inf> radiant_gate_mpsl: seam: grant=644 nostage=0 prog=644/0 | sigrad=1286 sigt0=729 isr=1286 end=643 dis=2 term=3 | ramp=644/1 state=0 ev=0x13 rxen saved=0x80000016 cont=0x13f a=0x80000016 p=0x80000016 e=0x80000016 inten=0x00000140[0m
[00:29:20.743,401] [0m<inf> radiant_gate_mpsl: sw: n=643 wipe=0 ramp=643 wipe+ramp=0 rx=641 wipe+rx=0 | started=643 early=0/0us last=2635us | open lead=231us max=233us late=0 glen=4888 cc0=2888[0m
[00:29:20.743,458] [0m<inf> radiant_gate_mpsl: hiend: timer0=641 rel=2 | lasted=2890us max=3486us | dur=2867us max=3463us short=2 | t0arm=31us stale=0[0m
[00:29:20.743,487] [0m<inf> radiant_gate_mpsl: gate: acq=645 in_grant=641/641 placed=646 granted=645 blocked=0 cancel=0 eagain=2 near=0 long=0 ext=87/0 dead=0 | den pend=0 anch=0 dist=0 degen=0 nosess=0 owed=0 | sent grant=1 dead=0 blk=0 supp=643 | end=645 (norm=643 rel=2 idle=0 late=0) | bad over=0 inval=0 unk=0 inl=0 | len=4888/4888 el=10000 skew=0 brun=0 sig=7 g=0 hw=0 p=1 rel=0 end=1 boot=0 anchor=1 owes=1[0m
[00:29:21.198,018] [0m<inf> radiant_api: SWEEP set=1 steer=0 dwell=0/260000 adv=1 sweeps=0 win=1 ok=2 searching=0 carrier=255 | chunks=1 preempt=0 missed=0 ebusy=0 rej=0 | pumps=4179 hk=4178 | scan_us=94200/1 track_us=136652/646 | end ok=0 abrt=0 miss=0 fail=0 deny=1 replan=0[0m
[00:29:21.743,574] [0m<inf> radiant_gate_mpsl: hi: acq=648 den=0 resv=0 pend=648 blk=0 grant=648[0m
[00:29:21.743,586] [0m<inf> radiant_gate_mpsl: seam: grant=649 nostage=0 prog=649/0 | sigrad=1294 sigt0=733 isr=1294 end=647 dis=2 term=3 | ramp=648/1 state=0 ev=0x13 rxen saved=0x80000016 cont=0x13f a=0x80000016 p=0x80000016 e=0x80000016 inten=0x00000140[0m
[00:29:21.743,596] [0m<inf> radiant_gate_mpsl: sw: n=647 wipe=0 ramp=647 wipe+ramp=0 rx=645 wipe+rx=0 | started=647 early=0/0us last=2635us | open lead=231us max=233us late=0 glen=4888 cc0=2888[0m
[00:29:21.743,646] [0m<inf> radiant_gate_mpsl: hiend: timer0=645 rel=2 | lasted=2889us max=3486us | dur=2866us max=3463us short=2 | t0arm=31us stale=0[0m
[00:29:21.743,667] [0m<inf> radiant_gate_mpsl: gate: acq=649 in_grant=645/645 placed=650 granted=650 blocked=0 cancel=0 eagain=2 near=0 long=0 ext=87/0 dead=0 | den pend=0 anch=0 dist=0 degen=0 nosess=0 owed=0 | sent grant=1 dead=0 blk=0 supp=647 | end=649 (norm=647 rel=2 idle=0 late=0) | bad over=0 inval=0 unk=0 inl=0 | len=4888/4888 el=10000 skew=0 brun=0 sig=0 g=1 hw=1 p=0 rel=0 end=0 boot=0 anchor=1 owes=0[0m
[00:29:22.243,905] [0m<inf> radiant_api: SWEEP set=1 steer=0 dwell=0/260000 adv=1 sweeps=0 win=1 ok=2 searching=0 carrier=255 | chunks=1 preempt=0 missed=0 ebusy=0 rej=0 | pumps=4204 hk=4203 | scan_us=94200/1 track_us=137672/651 | end ok=0 abrt=0 miss=0 fail=0 deny=1 replan=0[0m
[00:29:22.743,816] [0m<inf> radiant_gate_mpsl: hiend: timer0=649 rel=2 | lasted=2889us max=3486us | dur=2866us max=3463us short=2 | t0arm=31us stale=0[0m
[1;31m--- 3 messages dropped ---
[0m[00:29:22.743,837] [0m<inf> radiant_gate_mpsl: gate: acq=654 in_grant=650/650 placed=654 granted=654 blocked=0 cancel=0 eagain=4 near=0 long=0 ext=87/0 dead=0 | den pend=0 anch=0 dist=0 degen=0 nosess=0 owed=0 | sent grant=1 dead=0 blk=0 supp=651 | end=653 (norm=651 rel=2 idle=0 late=0) | bad over=0 inval=0 unk=0 inl=0 | len=4888/4888 el=10000 skew=0 brun=0 sig=2 g=1 hw=1 p=1 rel=0 end=0 boot=0 anchor=1 owes=0[0m
[00:29:23.244,080] [0m<inf> radiant_api: SWEEP set=1 steer=0 dwell=0/260000 adv=1 sweeps=0 win=1 ok=2 searching=0 carrier=255 | chunks=1 preempt=0 missed=0 ebusy=0 rej=0 | pumps=4228 hk=4227 | scan_us=94200/1 track_us=138488/655 | end ok=0 abrt=0 miss=0 fail=0 deny=1 replan=0[0m
[00:29:23.743,939] [0m<inf> radiant_gate_mpsl: hi: acq=657 den=0 resv=0 pend=657 blk=0 grant=656[0m
[00:29:23.743,951] [0m<inf> radiant_gate_mpsl: seam: grant=657 nostage=0 prog=657/0 | sigrad=1312 sigt0=742 isr=1312 end=656 dis=2 term=3 | ramp=657/1 state=0 ev=0x13 rxen saved=0x80000016 cont=0x13f a=0x80000016 p=0x80000016 e=0x80000016 inten=0x00000140[0m
[00:29:23.743,961] [0m<inf> radiant_gate_mpsl: sw: n=656 wipe=0 ramp=656 wipe+ramp=0 rx=654 wipe+rx=0 | started=656 early=0/0us last=2635us | open lead=231us max=233us late=0 glen=4888 cc0=2888[0m
[00:29:23.744,013] [0m<inf> radiant_gate_mpsl: hiend: timer0=654 rel=2 | lasted=2889us max=3486us | dur=2865us max=3463us short=2 | t0arm=31us stale=0[0m
[00:29:23.744,046] [0m<inf> radiant_gate_mpsl: gate: acq=658 in_grant=654/654 placed=658 granted=658 blocked=0 cancel=0 eagain=6 near=0 long=0 ext=87/0 dead=0 | den pend=0 anch=0 dist=0 degen=0 nosess=0 owed=0 | sent grant=1 dead=0 blk=0 supp=656 | end=658 (norm=656 rel=2 idle=0 late=0) | bad over=0 inval=0 unk=0 inl=0 | len=4888/4888 el=10000 skew=0 brun=0 sig=7 g=0 hw=0 p=1 rel=0 end=1 boot=0 anchor=1 owes=0[0m
[00:29:24.293,635] [0m<inf> radiant_api: SWEEP set=1 steer=0 dwell=0/260000 adv=1 sweeps=0 win=1 ok=2 searching=0 carrier=255 | chunks=1 preempt=0 missed=0 ebusy=0 rej=0 | pumps=4254 hk=4253 | scan_us=94200/1 track_us=139304/659 | end ok=0 abrt=0 miss=0 fail=0 deny=1 replan=0[0m
[00:29:24.744,132] [0m<inf> radiant_gate_mpsl: hi: acq=661 den=0 resv=0 pend=661 blk=0 grant=660[0m
[00:29:24.744,144] [0m<inf> radiant_gate_mpsl: seam: grant=661 nostage=0 prog=661/0 | sigrad=1320 sigt0=746 isr=1320 end=660 dis=2 term=3 | ramp=661/1 state=0 ev=0x13 rxen saved=0x80000016 cont=0x13f a=0x80000016 p=0x80000016 e=0x80000016 inten=0x00000140[0m
[00:29:24.744,154] [0m<inf> radiant_gate_mpsl: sw: n=660 wipe=0 ramp=660 wipe+ramp=0 rx=658 wipe+rx=0 | started=660 early=0/0us last=2635us | open lead=231us max=233us late=0 glen=4888 cc0=2888[0m
[00:29:24.744,195] [0m<inf> radiant_gate_mpsl: hiend: timer0=658 rel=2 | lasted=2890us max=3486us | dur=2867us max=3463us short=2 | t0arm=31us stale=0[0m
[00:29:24.744,216] [0m<inf> radiant_gate_mpsl: gate: acq=662 in_grant=658/658 placed=663 granted=662 blocked=0 cancel=0 eagain=6 near=0 long=0 ext=87/0 dead=0 | den pend=0 anch=0 dist=0 degen=0 nosess=0 owed=0 | sent grant=1 dead=0 blk=0 supp=660 | end=662 (norm=660 rel=2 idle=0 late=0) | bad over=0 inval=0 unk=0 inl=0 | len=4888/4888 el=10000 skew=0 brun=0 sig=7 g=0 hw=0 p=1 rel=0 end=1 boot=0 anchor=1 owes=1[0m
[00:29:25.342,553] [0m<inf> radiant_api: SWEEP set=1 steer=0 dwell=0/260000 adv=1 sweeps=0 win=1 ok=2 searching=0 carrier=255 | chunks=1 preempt=0 missed=0 ebusy=0 rej=0 | pumps=4279 hk=4278 | scan_us=94200/1 track_us=140120/663 | end ok=0 abrt=0 miss=0 fail=0 deny=1 replan=0[0m
[00:29:25.744,294] [0m<inf> radiant_gate_mpsl: hi: acq=665 den=0 resv=0 pend=665 blk=0 grant=664[0m
[1;31m--- 3 messages dropped ---
[0m[00:29:25.744,388] [0m<inf> radiant_gate_mpsl: gate: acq=666 in_grant=662/662 placed=667 granted=666 blocked=0 cancel=0 eagain=6 near=0 long=0 ext=87/0 dead=0 | den pend=0 anch=0 dist=0 degen=0 nosess=0 owed=0 | sent grant=1 dead=0 blk=0 supp=664 | end=666 (norm=664 rel=2 idle=0 late=0) | bad over=0 inval=0 unk=0 inl=0 | len=4888/4888 el=10000 skew=0 brun=0 sig=7 g=0 hw=0 p=1 rel=0 end=1 boot=0 anchor=1 owes=1[0m
[00:29:26.391,504] [0m<inf> radiant_api: SWEEP set=1 steer=0 dwell=0/260000 adv=1 sweeps=0 win=1 ok=2 searching=0 carrier=255 | chunks=1 preempt=0 missed=0 ebusy=0 rej=0 | pumps=4304 hk=4303 | scan_us=94200/1 track_us=140936/667 | end ok=0 abrt=0 miss=0 fail=0 deny=1 replan=0[0m
[00:29:26.744,474] [0m<inf> radiant_gate_mpsl: hi: acq=669 den=0 resv=0 pend=669 blk=0 grant=668[0m
[00:29:26.744,485] [0m<inf> radiant_gate_mpsl: seam: grant=669 nostage=0 prog=669/0 | sigrad=1336 sigt0=754 isr=1336 end=668 dis=2 term=3 | ramp=669/1 state=0 ev=0x13 rxen saved=0x80000016 cont=0x13f a=0x80000016 p=0x80000016 e=0x80000016 inten=0x00000140[0m
[00:29:26.744,495] [0m<inf> radiant_gate_mpsl: sw: n=668 wipe=0 ramp=668 wipe+ramp=0 rx=666 wipe+rx=0 | started=668 early=0/0us last=2635us | open lead=231us max=233us late=0 glen=4888 cc0=2888[0m
[00:29:26.744,543] [0m<inf> radiant_gate_mpsl: hiend: timer0=666 rel=2 | lasted=2890us max=3486us | dur=2867us max=3463us short=2 | t0arm=31us stale=0[0m
[00:29:26.744,578] [0m<inf> radiant_gate_mpsl: gate: acq=670 in_grant=666/666 placed=671 granted=670 blocked=0 cancel=0 eagain=6 near=0 long=0 ext=87/0 dead=0 | den pend=0 anch=0 dist=0 degen=0 nosess=0 owed=0 | sent grant=1 dead=0 blk=0 supp=668 | end=670 (norm=668 rel=2 idle=0 late=0) | bad over=0 inval=0 unk=0 inl=0 | len=4888/4888 el=10000 skew=0 brun=0 sig=7 g=0 hw=0 p=1 rel=0 end=1 boot=0 anchor=1 owes=1[0m
[00:29:27.440,427] [0m<inf> radiant_api: SWEEP set=1 steer=0 dwell=0/260000 adv=1 sweeps=0 win=1 ok=2 searching=0 carrier=255 | chunks=1 preempt=0 missed=0 ebusy=0 rej=0 | pumps=4329 hk=4328 | scan_us=94200/1 track_us=141752/671 | end ok=0 abrt=0 miss=0 fail=0 deny=1 replan=0[0m
[00:29:27.744,684] [0m<inf> radiant_gate_mpsl: hi: acq=673 den=0 resv=0 pend=673 blk=0 grant=672[0m
[00:29:27.744,696] [0m<inf> radiant_gate_mpsl: seam: grant=673 nostage=0 prog=673/0 | sigrad=1344 sigt0=758 isr=1344 end=672 dis=2 term=3 | ramp=673/1 state=0 ev=0x13 rxen saved=0x80000016 cont=0x13f a=0x80000016 p=0x80000016 e=0x80000016 inten=0x00000140[0m
[00:29:27.744,706] [0m<inf> radiant_gate_mpsl: sw: n=672 wipe=0 ramp=672 wipe+ramp=0 rx=670 wipe+rx=0 | started=672 early=0/0us last=2635us | open lead=231us max=233us late=0 glen=4888 cc0=2888[0m
[00:29:27.744,749] [0m<inf> radiant_gate_mpsl: hiend: timer0=670 rel=2 | lasted=2890us max=3486us | dur=2866us max=3463us short=2 | t0arm=31us stale=0[0m
[00:29:27.744,777] [0m<inf> radiant_gate_mpsl: gate: acq=674 in_grant=670/670 placed=675 granted=674 blocked=0 cancel=0 eagain=6 near=0 long=0 ext=87/0 dead=0 | den pend=0 anch=0 dist=0 degen=0 nosess=0 owed=0 | sent grant=1 dead=0 blk=0 supp=672 | end=674 (norm=672 rel=2 idle=0 late=0) | bad over=0 inval=0 unk=0 inl=0 | len=4888/4888 el=10000 skew=0 brun=0 sig=7 g=0 hw=0 p=1 rel=0 end=1 boot=0 anchor=1 owes=1[0m
[00:29:28.488,317] [0m<inf> radiant_api: SWEEP set=1 steer=0 dwell=0/260000 adv=1 sweeps=0 win=1 ok=2 searching=0 carrier=255 | chunks=1 preempt=0 missed=0 ebusy=0 rej=0 | pumps=4354 hk=4353 | scan_us=94200/1 track_us=142772/676 | end ok=0 abrt=0 miss=0 fail=0 deny=1 replan=0[0m
[00:29:28.744,879] [0m<inf> radiant_gate_mpsl: hi: acq=677 den=0 resv=0 pend=677 blk=0 grant=676[0m
[1;31m--- 4 messages dropped ---
[0m[00:29:29.537,297] [0m<inf> radiant_api: SWEEP set=1 steer=0 dwell=0/260000 adv=1 sweeps=0 win=1 ok=2 searching=0 carrier=255 | chunks=1 preempt=0 missed=0 ebusy=0 rej=0 | pumps=4380 hk=4379 | scan_us=94200/1 track_us=143588/680 | end ok=0 abrt=0 miss=0 fail=0 deny=1 replan=0[0m
[00:29:29.745,024] [0m<inf> radiant_gate_mpsl: hi: acq=681 den=0 resv=0 pend=681 blk=0 grant=680[0m
[00:29:29.745,036] [0m<inf> radiant_gate_mpsl: seam: grant=681 nostage=0 prog=681/0 | sigrad=1360 sigt0=766 isr=1360 end=680 dis=2 term=3 | ramp=681/1 state=0 ev=0x13 rxen saved=0x80000016 cont=0x13f a=0x80000016 p=0x80000016 e=0x80000016 inten=0x00000140[0m
[00:29:29.745,046] [0m<inf> radiant_gate_mpsl: sw: n=680 wipe=0 ramp=680 wipe+ramp=0 rx=678 wipe+rx=0 | started=680 early=0/0us last=2635us | open lead=231us max=233us late=0 glen=4888 cc0=2888[0m
[00:29:29.745,102] [0m<inf> radiant_gate_mpsl: hiend: timer0=678 rel=2 | lasted=2890us max=3486us | dur=2867us max=3463us short=2 | t0arm=31us stale=0[0m
[00:29:29.745,133] [0m<inf> radiant_gate_mpsl: gate: acq=682 in_grant=678/678 placed=683 granted=682 blocked=0 cancel=0 eagain=6 near=0 long=0 ext=87/0 dead=0 | den pend=0 anch=0 dist=0 degen=0 nosess=0 owed=0 | sent grant=1 dead=0 blk=0 supp=680 | end=682 (norm=680 rel=2 idle=0 late=0) | bad over=0 inval=0 unk=0 inl=0 | len=4888/4888 el=10000 skew=0 brun=0 sig=7 g=0 hw=0 p=1 rel=0 end=1 boot=0 anchor=1 owes=1[0m
[00:29:30.586,220] [0m<inf> radiant_api: SWEEP set=1 steer=0 dwell=0/260000 adv=1 sweeps=0 win=1 ok=2 searching=0 carrier=255 | chunks=1 preempt=0 missed=0 ebusy=0 rej=0 | pumps=4405 hk=4404 | scan_us=94200/1 track_us=144404/684 | end ok=0 abrt=0 miss=0 fail=0 deny=1 replan=0[0m
[00:29:30.745,204] [0m<inf> radiant_gate_mpsl: hi: acq=685 den=0 resv=0 pend=685 blk=0 grant=684[0m
[00:29:30.745,217] [0m<inf> radiant_gate_mpsl: seam: grant=685 nostage=0 prog=685/0 | sigrad=1368 sigt0=770 isr=1368 end=684 dis=2 term=3 | ramp=685/1 state=0 ev=0x13 rxen saved=0x80000016 cont=0x13f a=0x80000016 p=0x80000016 e=0x80000016 inten=0x00000140[0m
[00:29:30.745,227] [0m<inf> radiant_gate_mpsl: sw: n=684 wipe=0 ramp=684 wipe+ramp=0 rx=682 wipe+rx=0 | started=684 early=0/0us last=2635us | open lead=231us max=233us late=0 glen=4888 cc0=2888[0m
[00:29:30.745,277] [0m<inf> radiant_gate_mpsl: hiend: timer0=682 rel=2 | lasted=2889us max=3486us | dur=2866us max=3463us short=2 | t0arm=31us stale=0[0m
[00:29:30.745,296] [0m<inf> radiant_gate_mpsl: gate: acq=686 in_grant=682/682 placed=687 granted=686 blocked=0 cancel=0 eagain=6 near=0 long=0 ext=87/0 dead=0 | den pend=0 anch=0 dist=0 degen=0 nosess=0 owed=0 | sent grant=1 dead=0 blk=0 supp=684 | end=686 (norm=684 rel=2 idle=0 late=0) | bad over=0 inval=0 unk=0 inl=0 | len=4888/4888 el=10000 skew=0 brun=0 sig=7 g=0 hw=0 p=1 rel=0 end=1 boot=0 anchor=1 owes=1[0m
[00:29:31.635,149] [0m<inf> radiant_api: SWEEP set=1 steer=0 dwell=0/260000 adv=1 sweeps=0 win=1 ok=2 searching=0 carrier=255 | chunks=1 preempt=0 missed=0 ebusy=0 rej=0 | pumps=4430 hk=4429 | scan_us=94200/1 track_us=145220/688 | end ok=0 abrt=0 miss=0 fail=0 deny=1 replan=0[0m
[00:29:31.745,375] [0m<inf> radiant_gate_mpsl: hi: acq=689 den=0 resv=0 pend=689 blk=0 grant=688[0m
[1;31m--- 3 messages dropped ---
[0m[00:29:31.745,469] [0m<inf> radiant_gate_mpsl: gate: acq=690 in_grant=686/686 placed=691 granted=690 blocked=0 cancel=0 eagain=6 near=0 long=0 ext=87/0 dead=0 | den pend=0 anch=0 dist=0 degen=0 nosess=0 owed=0 | sent grant=1 dead=0 blk=0 supp=688 | end=690 (norm=688 rel=2 idle=0 late=0) | bad over=0 inval=0 unk=0 inl=0 | len=4888/4888 el=10000 skew=0 brun=0 sig=7 g=0 hw=0 p=1 rel=0 end=1 boot=0 anchor=1 owes=1[0m
[00:29:32.684,067] [0m<inf> radiant_api: SWEEP set=1 steer=0 dwell=0/260000 adv=1 sweeps=0 win=1 ok=2 searching=0 carrier=255 | chunks=1 preempt=0 missed=0 ebusy=0 rej=0 | pumps=4455 hk=4454 | scan_us=94200/1 track_us=146036/692 | end ok=0 abrt=0 miss=0 fail=0 deny=1 replan=0[0m
[00:29:32.745,544] [0m<inf> radiant_gate_mpsl: hi: acq=693 den=0 resv=0 pend=693 blk=0 grant=692[0m
[00:29:32.745,556] [0m<inf> radiant_gate_mpsl: seam: grant=693 nostage=0 prog=693/0 | sigrad=1384 sigt0=778 isr=1384 end=692 dis=2 term=3 | ramp=693/1 state=0 ev=0x13 rxen saved=0x80000016 cont=0x13f a=0x80000016 p=0x80000016 e=0x80000016 inten=0x00000140[0m
[00:29:32.745,566] [0m<inf> radiant_gate_mpsl: sw: n=692 wipe=0 ramp=692 wipe+ramp=0 rx=690 wipe+rx=0 | started=692 early=0/0us last=2635us | open lead=231us max=233us late=0 glen=4888 cc0=2888[0m
[00:29:32.745,623] [0m<inf> radiant_gate_mpsl: hiend: timer0=690 rel=2 | lasted=2889us max=3486us | dur=2866us max=3463us short=2 | t0arm=31us stale=0[0m
[00:29:32.745,650] [0m<inf> radiant_gate_mpsl: gate: acq=694 in_grant=690/690 placed=695 granted=694 blocked=0 cancel=0 eagain=6 near=0 long=0 ext=87/0 dead=0 | den pend=0 anch=0 dist=0 degen=0 nosess=0 owed=0 | sent grant=1 dead=0 blk=0 supp=692 | end=694 (norm=692 rel=2 idle=0 late=0) | bad over=0 inval=0 unk=0 inl=0 | len=4888/4888 el=10000 skew=0 brun=0 sig=7 g=0 hw=0 p=1 rel=0 end=1 boot=0 anchor=1 owes=1[0m
[00:29:33.731,936] [0m<inf> radiant_api: SWEEP set=1 steer=0 dwell=0/260000 adv=1 sweeps=0 win=1 ok=2 searching=0 carrier=255 | chunks=1 preempt=0 missed=0 ebusy=0 rej=0 | pumps=4480 hk=4479 | scan_us=94200/1 track_us=147056/697 | end ok=0 abrt=0 miss=0 fail=0 deny=1 replan=0[0m
[1;31m--- 3 messages dropped ---
[0m[00:29:33.745,794] [0m<inf> radiant_gate_mpsl: hiend: timer0=694 rel=2 | lasted=2889us max=3486us | dur=2866us max=3463us short=2 | t0arm=31us stale=0[0m
[00:29:33.745,814] [0m<inf> radiant_gate_mpsl: gate: acq=698 in_grant=694/694 placed=699 granted=698 blocked=0 cancel=0 eagain=6 near=0 long=0 ext=87/0 dead=0 | den pend=0 anch=0 dist=0 degen=0 nosess=0 owed=0 | sent grant=1 dead=0 blk=0 supp=696 | end=698 (norm=696 rel=2 idle=0 late=0) | bad over=0 inval=0 unk=0 inl=0 | len=4888/4888 el=10000 skew=0 brun=0 sig=7 g=0 hw=0 p=1 rel=0 end=1 boot=0 anchor=1 owes=1[0m
[1;31m--- 2 messages dropped ---
[0m[00:29:34.745,893] [0m<inf> radiant_gate_mpsl: sw: n=700 wipe=0 ramp=700 wipe+ramp=0 rx=698 wipe+rx=0 | started=700 early=0/0us last=2635us | open lead=231us max=233us late=0 glen=4888 cc0=2888[0m
[00:29:34.745,931] [0m<inf> radiant_gate_mpsl: hiend: timer0=698 rel=2 | lasted=2889us max=3486us | dur=2866us max=3463us short=2 | t0arm=31us stale=0[0m
[00:29:34.745,976] [0m<inf> radiant_gate_mpsl: gate: acq=702 in_grant=698/698 placed=703 granted=702 blocked=0 cancel=0 eagain=6 near=0 long=0 ext=87/0 dead=0 | den pend=0 anch=0 dist=0 degen=0 nosess=0 owed=0 | sent grant=1 dead=0 blk=0 supp=700 | end=702 (norm=700 rel=2 idle=0 late=0) | bad over=0 inval=0 unk=0 inl=0 | len=4888/4888 el=10000 skew=0 brun=0 sig=7 g=0 hw=0 p=1 rel=0 end=1 boot=0 anchor=1 owes=1[0m
[00:29:34.780,925] [0m<inf> radiant_api: SWEEP set=1 steer=0 dwell=0/260000 adv=1 sweeps=0 win=1 ok=2 searching=0 carrier=255 | chunks=1 preempt=0 missed=0 ebusy=0 rej=0 | pumps=4506 hk=4505 | scan_us=94200/1 track_us=147872/701 | end ok=0 abrt=0 miss=0 fail=0 deny=1 replan=0[0m
[00:29:35.746,050] [0m<inf> radiant_gate_mpsl: hi: acq=705 den=0 resv=0 pend=705 blk=0 grant=704[0m
[1;31m--- 4 messages dropped ---
[0m[00:29:35.829,854] [0m<inf> radiant_api: SWEEP set=1 steer=0 dwell=0/260000 adv=1 sweeps=0 win=1 ok=2 searching=0 carrier=255 | chunks=1 preempt=0 missed=0 ebusy=0 rej=0 | pumps=4531 hk=4530 | scan_us=94200/1 track_us=148688/705 | end ok=0 abrt=0 miss=0 fail=0 deny=1 replan=0[0m
[00:29:36.746,219] [0m<inf> radiant_gate_mpsl: hi: acq=709 den=0 resv=0 pend=709 blk=0 grant=708[0m
[00:29:36.746,231] [0m<inf> radiant_gate_mpsl: seam: grant=709 nostage=0 prog=709/0 | sigrad=1416 sigt0=794 isr=1416 end=708 dis=2 term=3 | ramp=709/1 state=0 ev=0x13 rxen saved=0x80000016 cont=0x13f a=0x80000016 p=0x80000016 e=0x80000016 inten=0x00000140[0m
[00:29:36.746,241] [0m<inf> radiant_gate_mpsl: sw: n=708 wipe=0 ramp=708 wipe+ramp=0 rx=706 wipe+rx=0 | started=708 early=0/0us last=2636us | open lead=231us max=233us late=0 glen=4888 cc0=2888[0m
[00:29:36.746,298] [0m<inf> radiant_gate_mpsl: hiend: timer0=706 rel=2 | lasted=2889us max=3486us | dur=2866us max=3463us short=2 | t0arm=31us stale=0[0m
[00:29:36.746,329] [0m<inf> radiant_gate_mpsl: gate: acq=710 in_grant=706/706 placed=711 granted=710 blocked=0 cancel=0 eagain=6 near=0 long=0 ext=87/0 dead=0 | den pend=0 anch=0 dist=0 degen=0 nosess=0 owed=0 | sent grant=1 dead=0 blk=0 supp=708 | end=710 (norm=708 rel=2 idle=0 late=0) | bad over=0 inval=0 unk=0 inl=0 | len=4888/4888 el=10000 skew=0 brun=0 sig=7 g=0 hw=0 p=1 rel=0 end=1 boot=0 anchor=1 owes=1[0m
[00:29:36.878,755] [0m<inf> radiant_api: SWEEP set=1 steer=0 dwell=0/260000 adv=1 sweeps=0 win=1 ok=2 searching=0 carrier=255 | chunks=1 preempt=0 missed=0 ebusy=0 rej=0 | pumps=4556 hk=4555 | scan_us=94200/1 track_us=149504/709 | end ok=0 abrt=0 miss=0 fail=0 deny=1 replan=0[0m
[00:29:37.746,399] [0m<inf> radiant_gate_mpsl: hi: acq=713 den=0 resv=0 pend=713 blk=0 grant=712[0m
[1;31m--- 3 messages dropped ---
[0m[00:29:37.746,495] [0m<inf> radiant_gate_mpsl: gate: acq=714 in_grant=710/710 placed=715 granted=714 blocked=0 cancel=0 eagain=6 near=0 long=0 ext=87/0 dead=0 | den pend=0 anch=0 dist=0 degen=0 nosess=0 owed=0 | sent grant=1 dead=0 blk=0 supp=712 | end=714 (norm=712 rel=2 idle=0 late=0) | bad over=0 inval=0 unk=0 inl=0 | len=4888/4888 el=10000 skew=0 brun=0 sig=7 g=0 hw=0 p=1 rel=0 end=1 boot=0 anchor=1 owes=1[0m
[00:29:37.927,691] [0m<inf> radiant_api: SWEEP set=1 steer=0 dwell=0/260000 adv=1 sweeps=0 win=1 ok=2 searching=0 carrier=255 | chunks=1 preempt=0 missed=0 ebusy=0 rej=0 | pumps=4581 hk=4580 | scan_us=94200/1 track_us=150320/713 | end ok=0 abrt=0 miss=0 fail=0 deny=1 replan=0[0m
[00:29:38.746,590] [0m<inf> radiant_gate_mpsl: hi: acq=717 den=0 resv=0 pend=717 blk=0 grant=716[0m
[00:29:38.746,601] [0m<inf> radiant_gate_mpsl: seam: grant=717 nostage=0 prog=717/0 | sigrad=1432 sigt0=802 isr=1432 end=716 dis=2 term=3 | ramp=717/1 state=0 ev=0x13 rxen saved=0x80000016 cont=0x13f a=0x80000016 p=0x80000016 e=0x80000016 inten=0x00000140[0m
[00:29:38.746,611] [0m<inf> radiant_gate_mpsl: sw: n=716 wipe=0 ramp=716 wipe+ramp=0 rx=714 wipe+rx=0 | started=716 early=0/0us last=2635us | open lead=231us max=233us late=0 glen=4888 cc0=2888[0m
[00:29:38.746,650] [0m<inf> radiant_gate_mpsl: hiend: timer0=714 rel=2 | lasted=2889us max=3486us | dur=2866us max=3463us short=2 | t0arm=31us stale=0[0m
[00:29:38.746,695] [0m<inf> radiant_gate_mpsl: gate: acq=718 in_grant=714/714 placed=719 granted=718 blocked=0 cancel=0 eagain=6 near=0 long=0 ext=87/0 dead=0 | den pend=0 anch=0 dist=0 degen=0 nosess=0 owed=0 | sent grant=1 dead=0 blk=0 supp=716 | end=718 (norm=716 rel=2 idle=0 late=0) | bad over=0 inval=0 unk=0 inl=0 | len=4888/4888 el=10000 skew=0 brun=0 sig=7 g=0 hw=0 p=1 rel=0 end=1 boot=0 anchor=1 owes=1[0m
[00:29:38.975,575] [0m<inf> radiant_api: SWEEP set=1 steer=0 dwell=0/260000 adv=1 sweeps=0 win=1 ok=2 searching=0 carrier=255 | chunks=1 preempt=0 missed=0 ebusy=0 rej=0 | pumps=4606 hk=4605 | scan_us=94200/1 track_us=151340/718 | end ok=0 abrt=0 miss=0 fail=0 deny=1 replan=0[0m
[00:29:39.746,768] [0m<inf> radiant_gate_mpsl: hi: acq=721 den=0 resv=0 pend=721 blk=0 grant=720[0m
[00:29:39.746,780] [0m<inf> radiant_gate_mpsl: seam: grant=721 nostage=0 prog=721/0 | sigrad=1440 sigt0=806 isr=1440 end=720 dis=2 term=3 | ramp=721/1 state=0 ev=0x13 rxen saved=0x80000016 cont=0x13f a=0x80000016 p=0x80000016 e=0x80000016 inten=0x00000140[0m
[00:29:39.746,790] [0m<inf> radiant_gate_mpsl: sw: n=720 wipe=0 ramp=720 wipe+ramp=0 rx=718 wipe+rx=0 | started=720 early=0/0us last=2635us | open lead=231us max=233us late=0 glen=4888 cc0=2888[0m
[00:29:39.746,833] [0m<inf> radiant_gate_mpsl: hiend: timer0=718 rel=2 | lasted=2889us max=3486us | dur=2866us max=3463us short=2 | t0arm=31us stale=0[0m
[00:29:39.746,861] [0m<inf> radiant_gate_mpsl: gate: acq=722 in_grant=718/718 placed=723 granted=722 blocked=0 cancel=0 eagain=6 near=0 long=0 ext=87/0 dead=0 | den pend=0 anch=0 dist=0 degen=0 nosess=0 owed=0 | sent grant=1 dead=0 blk=0 supp=720 | end=722 (norm=720 rel=2 idle=0 late=0) | bad over=0 inval=0 unk=0 inl=0 | len=4888/4888 el=10000 skew=0 brun=0 sig=7 g=0 hw=0 p=1 rel=0 end=1 boot=0 anchor=1 owes=1[0m
[00:29:40.024,512] [0m<inf> radiant_api: SWEEP set=1 steer=0 dwell=0/260000 adv=1 sweeps=0 win=1 ok=2 searching=0 carrier=255 | chunks=1 preempt=0 missed=0 ebusy=0 rej=0 | pumps=4632 hk=4631 | scan_us=94200/1 track_us=152156/722 | end ok=0 abrt=0 miss=0 fail=0 deny=1 replan=0[0m
[00:29:40.746,930] [0m<inf> radiant_gate_mpsl: hi: acq=725 den=0 resv=0 pend=725 blk=0 grant=724[0m
[1;31m--- 4 messages dropped ---
[0m[00:29:41.073,481] [0m<inf> radiant_api: SWEEP set=1 steer=0 dwell=0/260000 adv=1 sweeps=0 win=1 ok=2 searching=0 carrier=255 | chunks=1 preempt=0 missed=0 ebusy=0 rej=0 | pumps=4657 hk=4656 | scan_us=94200/1 track_us=152972/726 | end ok=0 abrt=0 miss=0 fail=0 deny=1 replan=0[0m
[00:29:41.747,076] [0m<inf> radiant_gate_mpsl: hi: acq=729 den=0 resv=0 pend=729 blk=0 grant=728[0m
[00:29:41.747,088] [0m<inf> radiant_gate_mpsl: seam: grant=729 nostage=0 prog=729/0 | sigrad=1456 sigt0=814 isr=1456 end=728 dis=2 term=3 | ramp=729/1 state=0 ev=0x13 rxen saved=0x80000016 cont=0x13f a=0x80000016 p=0x80000016 e=0x80000016 inten=0x00000140[0m
[00:29:41.747,098] [0m<inf> radiant_gate_mpsl: sw: n=728 wipe=0 ramp=728 wipe+ramp=0 rx=726 wipe+rx=0 | started=728 early=0/0us last=2635us | open lead=232us max=233us late=0 glen=4888 cc0=2888[0m
[00:29:41.747,154] [0m<inf> radiant_gate_mpsl: hiend: timer0=726 rel=2 | lasted=2889us max=3486us | dur=2866us max=3463us short=2 | t0arm=31us stale=0[0m
[00:29:41.747,185] [0m<inf> radiant_gate_mpsl: gate: acq=730 in_grant=726/726 placed=731 granted=730 blocked=0 cancel=0 eagain=6 near=0 long=0 ext=87/0 dead=0 | den pend=0 anch=0 dist=0 degen=0 nosess=0 owed=0 | sent grant=1 dead=0 blk=0 supp=728 | end=730 (norm=728 rel=2 idle=0 late=0) | bad over=0 inval=0 unk=0 inl=0 | len=4888/4888 el=10000 skew=0 brun=0 sig=7 g=0 hw=0 p=1 rel=0 end=1 boot=0 anchor=1 owes=1[0m
[00:29:42.122,404] [0m<inf> radiant_api: SWEEP set=1 steer=0 dwell=0/260000 adv=1 sweeps=0 win=1 ok=2 searching=0 carrier=255 | chunks=1 preempt=0 missed=0 ebusy=0 rej=0 | pumps=4682 hk=4681 | scan_us=94200/1 track_us=153788/730 | end ok=0 abrt=0 miss=0 fail=0 deny=1 replan=0[0m
[00:29:42.747,256] [0m<inf> radiant_gate_mpsl: hi: acq=733 den=0 resv=0 pend=733 blk=0 grant=732[0m
[00:29:42.747,270] [0m<inf> radiant_gate_mpsl: seam: grant=733 nostage=0 prog=733/0 | sigrad=1464 sigt0=818 isr=1464 end=732 dis=2 term=3 | ramp=733/1 state=0 ev=0x13 rxen saved=0x80000016 cont=0x13f a=0x80000016 p=0x80000016 e=0x80000016 inten=0x00000140[0m
[00:29:42.747,279] [0m<inf> radiant_gate_mpsl: sw: n=732 wipe=0 ramp=732 wipe+ramp=0 rx=730 wipe+rx=0 | started=732 early=0/0us last=2635us | open lead=231us max=233us late=0 glen=4888 cc0=2888[0m
[00:29:42.747,330] [0m<inf> radiant_gate_mpsl: hiend: timer0=730 rel=2 | lasted=2890us max=3486us | dur=2867us max=3463us short=2 | t0arm=31us stale=0[0m
[00:29:42.747,349] [0m<inf> radiant_gate_mpsl: gate: acq=734 in_grant=730/730 placed=735 granted=734 blocked=0 cancel=0 eagain=6 near=0 long=0 ext=87/0 dead=0 | den pend=0 anch=0 dist=0 degen=0 nosess=0 owed=0 | sent grant=1 dead=0 blk=0 supp=732 | end=734 (norm=732 rel=2 idle=0 late=0) | bad over=0 inval=0 unk=0 inl=0 | len=4888/4888 el=10000 skew=0 brun=0 sig=7 g=0 hw=0 p=1 rel=0 end=1 boot=0 anchor=1 owes=1[0m
[00:29:43.171,303] [0m<inf> radiant_api: SWEEP set=1 steer=0 dwell=0/260000 adv=1 sweeps=0 win=1 ok=2 searching=0 carrier=255 | chunks=1 preempt=0 missed=0 ebusy=0 rej=0 | pumps=4707 hk=4706 | scan_us=94200/1 track_us=154604/734 | end ok=0 abrt=0 miss=0 fail=0 deny=1 replan=0[0m
[00:29:43.747,418] [0m<inf> radiant_gate_mpsl: hi: acq=737 den=0 resv=0 pend=737 blk=0 grant=736[0m
[1;31m--- 3 messages dropped ---
[0m[00:29:43.747,515] [0m<inf> radiant_gate_mpsl: gate: acq=738 in_grant=734/734 placed=739 granted=738 blocked=0 cancel=0 eagain=6 near=0 long=0 ext=87/0 dead=0 | den pend=0 anch=0 dist=0 degen=0 nosess=0 owed=0 | sent grant=1 dead=0 blk=0 supp=736 | end=738 (norm=736 rel=2 idle=0 late=0) | bad over=0 inval=0 unk=0 inl=0 | len=4888/4888 el=10000 skew=0 brun=0 sig=7 g=0 hw=0 p=1 rel=0 end=1 boot=0 anchor=1 owes=1[0m
[00:29:44.219,203] [0m<inf> radiant_api: SWEEP set=1 steer=0 dwell=0/260000 adv=1 sweeps=0 win=1 ok=2 searching=0 carrier=255 | chunks=1 preempt=0 missed=0 ebusy=0 rej=0 | pumps=4732 hk=4731 | scan_us=94200/1 track_us=155624/739 | end ok=0 abrt=0 miss=0 fail=0 deny=1 replan=0[0m
[00:29:44.747,566] [0m<inf> radiant_gate_mpsl: hi: acq=741 den=0 resv=0 pend=741 blk=0 grant=740[0m
[00:29:44.747,578] [0m<inf> radiant_gate_mpsl: seam: grant=741 nostage=0 prog=741/0 | sigrad=1480 sigt0=826 isr=1480 end=740 dis=2 term=3 | ramp=741/1 state=0 ev=0x13 rxen saved=0x80000016 cont=0x13f a=0x80000016 p=0x80000016 e=0x80000016 inten=0x00000140[0m
[00:29:44.747,588] [0m<inf> radiant_gate_mpsl: sw: n=740 wipe=0 ramp=740 wipe+ramp=0 rx=738 wipe+rx=0 | started=740 early=0/0us last=2635us | open lead=231us max=233us late=0 glen=4888 cc0=2888[0m
[00:29:44.747,644] [0m<inf> radiant_gate_mpsl: hiend: timer0=738 rel=2 | lasted=2889us max=3486us | dur=2866us max=3463us short=2 | t0arm=31us stale=0[0m
[00:29:44.747,673] [0m<inf> radiant_gate_mpsl: gate: acq=742 in_grant=738/738 placed=743 granted=742 blocked=0 cancel=0 eagain=6 near=0 long=0 ext=87/0 dead=0 | den pend=0 anch=0 dist=0 degen=0 nosess=0 owed=0 | sent grant=1 dead=0 blk=0 supp=740 | end=742 (norm=740 rel=2 idle=0 late=0) | bad over=0 inval=0 unk=0 inl=0 | len=4888/4888 el=10000 skew=0 brun=0 sig=7 g=0 hw=0 p=1 rel=0 end=1 boot=0 anchor=1 owes=1[0m
[00:29:45.268,183] [0m<inf> radiant_api: SWEEP set=1 steer=0 dwell=0/260000 adv=1 sweeps=0 win=1 ok=2 searching=0 carrier=255 | chunks=1 preempt=0 missed=0 ebusy=0 rej=0 | pumps=4758 hk=4757 | scan_us=94200/1 track_us=156440/743 | end ok=0 abrt=0 miss=0 fail=0 deny=1 replan=0[0m
[00:29:45.747,744] [0m<inf> radiant_gate_mpsl: hi: acq=745 den=0 resv=0 pend=745 blk=0 grant=744[0m
[00:29:45.747,756] [0m<inf> radiant_gate_mpsl: seam: grant=745 nostage=0 prog=745/0 | sigrad=1488 sigt0=830 isr=1488 end=744 dis=2 term=3 | ramp=745/1 state=0 ev=0x13 rxen saved=0x80000016 cont=0x13f a=0x80000016 p=0x80000016 e=0x80000016 inten=0x00000140[0m
[00:29:45.747,766] [0m<inf> radiant_gate_mpsl: sw: n=744 wipe=0 ramp=744 wipe+ramp=0 rx=742 wipe+rx=0 | started=744 early=0/0us last=2635us | open lead=231us max=233us late=0 glen=4888 cc0=2888[0m
[00:29:45.747,816] [0m<inf> radiant_gate_mpsl: hiend: timer0=742 rel=2 | lasted=2890us max=3486us | dur=2867us max=3463us short=2 | t0arm=31us stale=0[0m
[00:29:45.747,836] [0m<inf> radiant_gate_mpsl: gate: acq=746 in_grant=742/742 placed=747 granted=746 blocked=0 cancel=0 eagain=6 near=0 long=0 ext=87/0 dead=0 | den pend=0 anch=0 dist=0 degen=0 nosess=0 owed=0 | sent grant=1 dead=0 blk=0 supp=744 | end=746 (norm=744 rel=2 idle=0 late=0) | bad over=0 inval=0 unk=0 inl=0 | len=4888/4888 el=10000 skew=0 brun=0 sig=7 g=0 hw=0 p=1 rel=0 end=1 boot=0 anchor=1 owes=1[0m
[00:29:46.317,108] [0m<inf> radiant_api: SWEEP set=1 steer=0 dwell=0/260000 adv=1 sweeps=0 win=1 ok=2 searching=0 carrier=255 | chunks=1 preempt=0 missed=0 ebusy=0 rej=0 | pumps=4783 hk=4782 | scan_us=94200/1 track_us=157256/747 | end ok=0 abrt=0 miss=0 fail=0 deny=1 replan=0[0m
[00:29:46.747,906] [0m<inf> radiant_gate_mpsl: hi: acq=749 den=0 resv=0 pend=749 blk=0 grant=748[0m
[1;31m--- 4 messages dropped ---
[0m[00:29:47.366,026] [0m<inf> radiant_api: SWEEP set=1 steer=0 dwell=0/260000 adv=1 sweeps=0 win=1 ok=2 searching=0 carrier=255 | chunks=1 preempt=0 missed=0 ebusy=0 rej=0 | pumps=4808 hk=4807 | scan_us=94200/1 track_us=158072/751 | end ok=0 abrt=0 miss=0 fail=0 deny=1 replan=0[0m
[00:29:47.748,086] [0m<inf> radiant_gate_mpsl: hi: acq=753 den=0 resv=0 pend=753 blk=0 grant=752[0m
[00:29:47.748,098] [0m<inf> radiant_gate_mpsl: seam: grant=753 nostage=0 prog=753/0 | sigrad=1504 sigt0=838 isr=1504 end=752 dis=2 term=3 | ramp=753/1 state=0 ev=0x13 rxen saved=0x80000016 cont=0x13f a=0x80000016 p=0x80000016 e=0x80000016 inten=0x00000140[0m
[00:29:47.748,108] [0m<inf> radiant_gate_mpsl: sw: n=752 wipe=0 ramp=752 wipe+ramp=0 rx=750 wipe+rx=0 | started=752 early=0/0us last=2635us | open lead=231us max=233us late=0 glen=4888 cc0=2888[0m
[00:29:47.748,165] [0m<inf> radiant_gate_mpsl: hiend: timer0=750 rel=2 | lasted=2889us max=3486us | dur=2866us max=3463us short=2 | t0arm=31us stale=0[0m
[00:29:47.748,196] [0m<inf> radiant_gate_mpsl: gate: acq=754 in_grant=750/750 placed=755 granted=754 blocked=0 cancel=0 eagain=6 near=0 long=0 ext=87/0 dead=0 | den pend=0 anch=0 dist=0 degen=0 nosess=0 owed=0 | sent grant=1 dead=0 blk=0 supp=752 | end=754 (norm=752 rel=2 idle=0 late=0) | bad over=0 inval=0 unk=0 inl=0 | len=4888/4888 el=10000 skew=0 brun=0 sig=7 g=0 hw=0 p=1 rel=0 end=1 boot=0 anchor=1 owes=1[0m
[00:29:48.414,951] [0m<inf> radiant_api: SWEEP set=1 steer=0 dwell=0/260000 adv=1 sweeps=0 win=1 ok=2 searching=0 carrier=255 | chunks=1 preempt=0 missed=0 ebusy=0 rej=0 | pumps=4833 hk=4832 | scan_us=94200/1 track_us=158888/755 | end ok=0 abrt=0 miss=0 fail=0 deny=1 replan=0[0m
[00:29:48.748,296] [0m<inf> radiant_gate_mpsl: hi: acq=757 den=0 resv=0 pend=757 blk=0 grant=756[0m
[00:29:48.748,308] [0m<inf> radiant_gate_mpsl: seam: grant=757 nostage=0 prog=757/0 | sigrad=1512 sigt0=842 isr=1512 end=756 dis=2 term=3 | ramp=757/1 state=0 ev=0x13 rxen saved=0x80000016 cont=0x13f a=0x80000016 p=0x80000016 e=0x80000016 inten=0x00000140[0m
[00:29:48.748,326] [0m<inf> radiant_gate_mpsl: sw: n=756 wipe=0 ramp=756 wipe+ramp=0 rx=754 wipe+rx=0 | started=756 early=0/0us last=2635us | open lead=231us max=233us late=0 glen=4888 cc0=2888[0m
[00:29:48.748,368] [0m<inf> radiant_gate_mpsl: hiend: timer0=754 rel=2 | lasted=2890us max=3486us | dur=2866us max=3463us short=2 | t0arm=31us stale=0[0m
[00:29:48.748,387] [0m<inf> radiant_gate_mpsl: gate: acq=758 in_grant=754/754 placed=759 granted=758 blocked=0 cancel=0 eagain=6 near=0 long=0 ext=87/0 dead=0 | den pend=0 anch=0 dist=0 degen=0 nosess=0 owed=0 | sent grant=1 dead=0 blk=0 supp=756 | end=758 (norm=756 rel=2 idle=0 late=0) | bad over=0 inval=0 unk=0 inl=0 | len=4888/4888 el=10000 skew=0 brun=0 sig=7 g=0 hw=0 p=1 rel=0 end=1 boot=0 anchor=1 owes=1[0m
[00:29:49.462,838] [0m<inf> radiant_api: SWEEP set=1 steer=0 dwell=0/260000 adv=1 sweeps=0 win=1 ok=2 searching=0 carrier=255 | chunks=1 preempt=0 missed=0 ebusy=0 rej=0 | pumps=4858 hk=4857 | scan_us=94200/1 track_us=159908/760 | end ok=0 abrt=0 miss=0 fail=0 deny=1 replan=0[0m
[00:29:49.748,493] [0m<inf> radiant_gate_mpsl: hi: acq=761 den=0 resv=0 pend=761 blk=0 grant=760[0m
[1;31m--- 3 messages dropped ---
[0m[00:29:49.748,588] [0m<inf> radiant_gate_mpsl: gate: acq=762 in_grant=758/758 placed=763 granted=762 blocked=0 cancel=0 eagain=6 near=0 long=0 ext=87/0 dead=0 | den pend=0 anch=0 dist=0 degen=0 nosess=0 owed=0 | sent grant=1 dead=0 blk=0 supp=760 | end=762 (norm=760 rel=2 idle=0 late=0) | bad over=0 inval=0 unk=0 inl=0 | len=4888/4888 el=10000 skew=0 brun=0 sig=7 g=0 hw=0 p=1 rel=0 end=1 boot=0 anchor=1 owes=1[0m
[00:29:50.511,816] [0m<inf> radiant_api: SWEEP set=1 steer=0 dwell=0/260000 adv=1 sweeps=0 win=1 ok=2 searching=0 carrier=255 | chunks=1 preempt=0 missed=0 ebusy=0 rej=0 | pumps=4884 hk=4883 | scan_us=94200/1 track_us=160724/764 | end ok=0 abrt=0 miss=0 fail=0 deny=1 replan=0[0m
[00:29:50.748,670] [0m<inf> radiant_gate_mpsl: hi: acq=765 den=0 resv=0 pend=765 blk=0 grant=764[0m
[00:29:50.748,682] [0m<inf> radiant_gate_mpsl: seam: grant=765 nostage=0 prog=765/0 | sigrad=1528 sigt0=850 isr=1528 end=764 dis=2 term=3 | ramp=765/1 state=0 ev=0x13 rxen saved=0x80000016 cont=0x13f a=0x80000016 p=0x80000016 e=0x80000016 inten=0x00000140[0m
[00:29:50.748,692] [0m<inf> radiant_gate_mpsl: sw: n=764 wipe=0 ramp=764 wipe+ramp=0 rx=762 wipe+rx=0 | started=764 early=0/0us last=2635us | open lead=231us max=233us late=0 glen=4888 cc0=2888[0m
[00:29:50.748,731] [0m<inf> radiant_gate_mpsl: hiend: timer0=762 rel=2 | lasted=2890us max=3486us | dur=2867us max=3463us short=2 | t0arm=31us stale=0[0m
[00:29:50.748,776] [0m<inf> radiant_gate_mpsl: gate: acq=766 in_grant=762/762 placed=767 granted=766 blocked=0 cancel=0 eagain=6 near=0 long=0 ext=87/0 dead=0 | den pend=0 anch=0 dist=0 degen=0 nosess=0 owed=0 | sent grant=1 dead=0 blk=0 supp=764 | end=766 (norm=764 rel=2 idle=0 late=0) | bad over=0 inval=0 unk=0 inl=0 | len=4888/4888 el=10000 skew=0 brun=0 sig=7 g=0 hw=0 p=1 rel=0 end=1 boot=0 anchor=1 owes=1[0m
[00:29:51.560,741] [0m<inf> radiant_api: SWEEP set=1 steer=0 dwell=0/260000 adv=1 sweeps=0 win=1 ok=2 searching=0 carrier=255 | chunks=1 preempt=0 missed=0 ebusy=0 rej=0 | pumps=4909 hk=4908 | scan_us=94200/1 track_us=161540/768 | end ok=0 abrt=0 miss=0 fail=0 deny=1 replan=0[0m
[00:29:51.748,848] [0m<inf> radiant_gate_mpsl: hi: acq=769 den=0 resv=0 pend=769 blk=0 grant=768[0m
[00:29:51.748,860] [0m<inf> radiant_gate_mpsl: seam: grant=769 nostage=0 prog=769/0 | sigrad=1536 sigt0=854 isr=1536 end=768 dis=2 term=3 | ramp=769/1 state=0 ev=0x13 rxen saved=0x80000016 cont=0x13f a=0x80000016 p=0x80000016 e=0x80000016 inten=0x00000140[0m
[00:29:51.748,878] [0m<inf> radiant_gate_mpsl: sw: n=768 wipe=0 ramp=768 wipe+ramp=0 rx=766 wipe+rx=0 | started=768 early=0/0us last=2635us | open lead=231us max=233us late=0 glen=4888 cc0=2888[0m
[00:29:51.748,920] [0m<inf> radiant_gate_mpsl: hiend: timer0=766 rel=2 | lasted=2890us max=3486us | dur=2866us max=3463us short=2 | t0arm=31us stale=0[0m
[00:29:51.748,939] [0m<inf> radiant_gate_mpsl: gate: acq=770 in_grant=766/766 placed=771 granted=770 blocked=0 cancel=0 eagain=6 near=0 long=0 ext=87/0 dead=0 | den pend=0 anch=0 dist=0 degen=0 nosess=0 owed=0 | sent grant=1 dead=0 blk=0 supp=768 | end=770 (norm=768 rel=2 idle=0 late=0) | bad over=0 inval=0 unk=0 inl=0 | len=4888/4888 el=10000 skew=0 brun=0 sig=7 g=0 hw=0 p=1 rel=0 end=1 boot=0 anchor=1 owes=1[0m
[00:29:52.609,639] [0m<inf> radiant_api: SWEEP set=1 steer=0 dwell=0/260000 adv=1 sweeps=0 win=1 ok=2 searching=0 carrier=255 | chunks=1 preempt=0 missed=0 ebusy=0 rej=0 | pumps=4934 hk=4933 | scan_us=94200/1 track_us=162356/772 | end ok=0 abrt=0 miss=0 fail=0 deny=1 replan=0[0m
[00:29:52.749,031] [0m<inf> radiant_gate_mpsl: hi: acq=773 den=0 resv=0 pend=773 blk=0 grant=772[0m
[1;31m--- 4 messages dropped ---
[0m[00:29:53.658,589] [0m<inf> radiant_api: SWEEP set=1 steer=0 dwell=0/260000 adv=1 sweeps=0 win=1 ok=2 searching=0 carrier=255 | chunks=1 preempt=0 missed=0 ebusy=0 rej=0 | pumps=4959 hk=4958 | scan_us=94200/1 track_us=163172/776 | end ok=0 abrt=0 miss=0 fail=0 deny=1 replan=0[0m
[00:29:53.749,190] [0m<inf> radiant_gate_mpsl: hi: acq=777 den=0 resv=0 pend=777 blk=0 grant=776[0m
[00:29:53.749,202] [0m<inf> radiant_gate_mpsl: seam: grant=777 nostage=0 prog=777/0 | sigrad=1552 sigt0=862 isr=1552 end=776 dis=2 term=3 | ramp=777/1 state=0 ev=0x13 rxen saved=0x80000016 cont=0x13f a=0x80000016 p=0x80000016 e=0x80000016 inten=0x00000140[0m
[00:29:53.749,213] [0m<inf> radiant_gate_mpsl: sw: n=776 wipe=0 ramp=776 wipe+ramp=0 rx=774 wipe+rx=0 | started=776 early=0/0us last=2635us | open lead=231us max=233us late=0 glen=4888 cc0=2888[0m
[00:29:53.749,269] [0m<inf> radiant_gate_mpsl: hiend: timer0=774 rel=2 | lasted=2889us max=3486us | dur=2866us max=3463us short=2 | t0arm=31us stale=0[0m
[00:29:53.749,299] [0m<inf> radiant_gate_mpsl: gate: acq=778 in_grant=774/774 placed=779 granted=778 blocked=0 cancel=0 eagain=6 near=0 long=0 ext=87/0 dead=0 | den pend=0 anch=0 dist=0 degen=0 nosess=0 owed=0 | sent grant=1 dead=0 blk=0 supp=776 | end=778 (norm=776 rel=2 idle=0 late=0) | bad over=0 inval=0 unk=0 inl=0 | len=4888/4888 el=10000 skew=0 brun=0 sig=7 g=0 hw=0 p=1 rel=0 end=1 boot=0 anchor=1 owes=1[0m
[00:29:54.706,465] [0m<inf> radiant_api: SWEEP set=1 steer=0 dwell=0/260000 adv=1 sweeps=0 win=1 ok=2 searching=0 carrier=255 | chunks=1 preempt=0 missed=0 ebusy=0 rej=0 | pumps=4984 hk=4983 | scan_us=94200/1 track_us=164192/781 | end ok=0 abrt=0 miss=0 fail=0 deny=1 replan=0[0m
[00:29:54.749,363] [0m<inf> radiant_gate_mpsl: hi: acq=781 den=0 resv=0 pend=781 blk=0 grant=780[0m
[00:29:54.749,375] [0m<inf> radiant_gate_mpsl: seam: grant=781 nostage=0 prog=781/0 | sigrad=1560 sigt0=866 isr=1560 end=780 dis=2 term=3 | ramp=781/1 state=0 ev=0x13 rxen saved=0x80000016 cont=0x13f a=0x80000016 p=0x80000016 e=0x80000016 inten=0x00000140[0m
[1;31m--- 3 messages dropped ---
[0m[00:29:55.749,519] [0m<inf> radiant_gate_mpsl: hi: acq=785 den=0 resv=0 pend=785 blk=0 grant=784[0m
[00:29:55.749,531] [0m<inf> radiant_gate_mpsl: seam: grant=785 nostage=0 prog=785/0 | sigrad=1568 sigt0=870 isr=1568 end=784 dis=2 term=3 | ramp=785/1 state=0 ev=0x13 rxen saved=0x80000016 cont=0x13f a=0x80000016 p=0x80000016 e=0x80000016 inten=0x00000140[0m
[00:29:55.749,541] [0m<inf> radiant_gate_mpsl: sw: n=784 wipe=0 ramp=784 wipe+ramp=0 rx=782 wipe+rx=0 | started=784 early=0/0us last=2635us | open lead=231us max=233us late=0 glen=4888 cc0=2888[0m
[00:29:55.749,579] [0m<inf> radiant_gate_mpsl: hiend: timer0=782 rel=2 | lasted=2890us max=3486us | dur=2867us max=3463us short=2 | t0arm=31us stale=0[0m
[00:29:55.749,621] [0m<inf> radiant_gate_mpsl: gate: acq=786 in_grant=782/782 placed=787 granted=786 blocked=0 cancel=0 eagain=6 near=0 long=0 ext=87/0 dead=0 | den pend=0 anch=0 dist=0 degen=0 nosess=0 owed=0 | sent grant=1 dead=0 blk=0 supp=784 | end=786 (norm=784 rel=2 idle=0 late=0) | bad over=0 inval=0 unk=0 inl=0 | len=4888/4888 el=10000 skew=0 brun=0 sig=7 g=0 hw=0 p=1 rel=0 end=1 boot=0 anchor=1 owes=1[0m
[00:29:55.755,446] [0m<inf> radiant_api: SWEEP set=1 steer=0 dwell=0/260000 adv=1 sweeps=0 win=1 ok=2 searching=0 carrier=255 | chunks=1 preempt=0 missed=0 ebusy=0 rej=0 | pumps=5010 hk=5009 | scan_us=94200/1 track_us=165008/785 | end ok=0 abrt=0 miss=0 fail=0 deny=1 replan=0[0m
[00:29:56.749,694] [0m<inf> radiant_gate_mpsl: hi: acq=789 den=0 resv=0 pend=789 blk=0 grant=788[0m
[1;31m--- 4 messages dropped ---
[0m[00:29:56.804,372] [0m<inf> radiant_api: SWEEP set=1 steer=0 dwell=0/260000 adv=1 sweeps=0 win=1 ok=2 searching=0 carrier=255 | chunks=1 preempt=0 missed=0 ebusy=0 rej=0 | pumps=5035 hk=5034 | scan_us=94200/1 track_us=165824/789 | end ok=0 abrt=0 miss=0 fail=0 deny=1 replan=0[0m
[00:29:57.749,873] [0m<inf> radiant_gate_mpsl: hi: acq=793 den=0 resv=0 pend=793 blk=0 grant=792[0m
[00:29:57.749,885] [0m<inf> radiant_gate_mpsl: seam: grant=793 nostage=0 prog=793/0 | sigrad=1584 sigt0=878 isr=1584 end=792 dis=2 term=3 | ramp=793/1 state=0 ev=0x13 rxen saved=0x80000016 cont=0x13f a=0x80000016 p=0x80000016 e=0x80000016 inten=0x00000140[0m
[00:29:57.749,896] [0m<inf> radiant_gate_mpsl: sw: n=792 wipe=0 ramp=792 wipe+ramp=0 rx=790 wipe+rx=0 | started=792 early=0/0us last=2636us | open lead=231us max=233us late=0 glen=4888 cc0=2888[0m
[00:29:57.749,953] [0m<inf> radiant_gate_mpsl: hiend: timer0=790 rel=2 | lasted=2889us max=3486us | dur=2866us max=3463us short=2 | t0arm=31us stale=0[0m
[00:29:57.749,982] [0m<inf> radiant_gate_mpsl: gate: acq=794 in_grant=790/790 placed=795 granted=794 blocked=0 cancel=0 eagain=6 near=0 long=0 ext=87/0 dead=0 | den pend=0 anch=0 dist=0 degen=0 nosess=0 owed=0 | sent grant=1 dead=0 blk=0 supp=792 | end=794 (norm=792 rel=2 idle=0 late=0) | bad over=0 inval=0 unk=0 inl=0 | len=4888/4888 el=10000 skew=0 brun=0 sig=7 g=0 hw=0 p=1 rel=0 end=1 boot=0 anchor=1 owes=1[0m
[00:29:57.853,286] [0m<inf> radiant_api: SWEEP set=1 steer=0 dwell=0/260000 adv=1 sweeps=0 win=1 ok=2 searching=0 carrier=255 | chunks=1 preempt=0 missed=0 ebusy=0 rej=0 | pumps=5060 hk=5059 | scan_us=94200/1 track_us=166640/793 | end ok=0 abrt=0 miss=0 fail=0 deny=1 replan=0[0m
[00:29:58.750,083] [0m<inf> radiant_gate_mpsl: hi: acq=797 den=0 resv=0 pend=797 blk=0 grant=796[0m
[1;31m--- 3 messages dropped ---
[0m[00:29:58.750,180] [0m<inf> radiant_gate_mpsl: gate: acq=798 in_grant=794/794 placed=799 granted=798 blocked=0 cancel=0 eagain=6 near=0 long=0 ext=87/0 dead=0 | den pend=0 anch=0 dist=0 degen=0 nosess=0 owed=0 | sent grant=1 dead=0 blk=0 supp=796 | end=798 (norm=796 rel=2 idle=0 late=0) | bad over=0 inval=0 unk=0 inl=0 | len=4888/4888 el=10000 skew=0 brun=0 sig=7 g=0 hw=0 p=1 rel=0 end=1 boot=0 anchor=1 owes=1[0m
[00:29:58.902,219] [0m<inf> radiant_api: SWEEP set=1 steer=0 dwell=0/260000 adv=1 sweeps=0 win=1 ok=2 searching=0 carrier=255 | chunks=1 preempt=0 missed=0 ebusy=0 rej=0 | pumps=5085 hk=5084 | scan_us=94200/1 track_us=167456/797 | end ok=0 abrt=0 miss=0 fail=0 deny=1 replan=0[0m
[00:29:59.750,261] [0m<inf> radiant_gate_mpsl: hi: acq=801 den=0 resv=0 pend=801 blk=0 grant=800[0m
[00:29:59.750,273] [0m<inf> radiant_gate_mpsl: seam: grant=801 nostage=0 prog=801/0 | sigrad=1600 sigt0=886 isr=1600 end=800 dis=2 term=3 | ramp=801/1 state=0 ev=0x13 rxen saved=0x80000016 cont=0x13f a=0x80000016 p=0x80000016 e=0x80000016 inten=0x00000140[0m
[00:29:59.750,283] [0m<inf> radiant_gate_mpsl: sw: n=800 wipe=0 ramp=800 wipe+ramp=0 rx=798 wipe+rx=0 | started=800 early=0/0us last=2635us | open lead=231us max=233us late=0 glen=4888 cc0=2888[0m
[00:29:59.750,339] [0m<inf> radiant_gate_mpsl: hiend: timer0=798 rel=2 | lasted=2889us max=3486us | dur=2866us max=3463us short=2 | t0arm=31us stale=0[0m
[00:29:59.750,367] [0m<inf> radiant_gate_mpsl: gate: acq=802 in_grant=798/798 placed=803 granted=802 blocked=0 cancel=0 eagain=6 near=0 long=0 ext=87/0 dead=0 | den pend=0 anch=0 dist=0 degen=0 nosess=0 owed=0 | sent grant=1 dead=0 blk=0 supp=800 | end=802 (norm=800 rel=2 idle=0 late=0) | bad over=0 inval=0 unk=0 inl=0 | len=4888/4888 el=10000 skew=0 brun=0 sig=7 g=0 hw=0 p=1 rel=0 end=1 boot=0 anchor=1 owes=1[0m
[00:29:59.950,098] [0m<inf> radiant_api: SWEEP set=1 steer=0 dwell=0/260000 adv=1 sweeps=0 win=1 ok=2 searching=0 carrier=255 | chunks=1 preempt=0 missed=0 ebusy=0 rej=0 | pumps=5110 hk=5109 | scan_us=94200/1 track_us=168476/802 | end ok=0 abrt=0 miss=0 fail=0 deny=1 replan=0[0m
[00:30:00.750,474] [0m<inf> radiant_gate_mpsl: hi: acq=805 den=0 resv=0 pend=805 blk=0 grant=804[0m
[00:30:00.750,486] [0m<inf> radiant_gate_mpsl: seam: grant=805 nostage=0 prog=805/0 | sigrad=1608 sigt0=890 isr=1608 end=804 dis=2 term=3 | ramp=805/1 state=0 ev=0x13 rxen saved=0x80000016 cont=0x13f a=0x80000016 p=0x80000016 e=0x80000016 inten=0x00000140[0m
[00:30:00.750,504] [0m<inf> radiant_gate_mpsl: sw: n=804 wipe=0 ramp=804 wipe+ramp=0 rx=802 wipe+rx=0 | started=804 early=0/0us last=2635us | open lead=231us max=233us late=0 glen=4888 cc0=2888[0m
[00:30:00.750,546] [0m<inf> radiant_gate_mpsl: hiend: timer0=802 rel=2 | lasted=2889us max=3486us | dur=2866us max=3463us short=2 | t0arm=31us stale=0[0m
[00:30:00.750,565] [0m<inf> radiant_gate_mpsl: gate: acq=806 in_grant=802/802 placed=807 granted=806 blocked=0 cancel=0 eagain=6 near=0 long=0 ext=87/0 dead=0 | den pend=0 anch=0 dist=0 degen=0 nosess=0 owed=0 | sent grant=1 dead=0 blk=0 supp=804 | end=806 (norm=804 rel=2 idle=0 late=0) | bad over=0 inval=0 unk=0 inl=0 | len=4888/4888 el=10000 skew=0 brun=0 sig=7 g=0 hw=0 p=1 rel=0 end=1 boot=0 anchor=1 owes=1[0m
[00:30:00.999,065] [0m<inf> radiant_api: SWEEP set=1 steer=0 dwell=0/260000 adv=1 sweeps=0 win=1 ok=2 searching=0 carrier=255 | chunks=1 preempt=0 missed=0 ebusy=0 rej=0 | pumps=5136 hk=5135 | scan_us=94200/1 track_us=169292/806 | end ok=0 abrt=0 miss=0 fail=0 deny=1 replan=0[0m
[00:30:01.750,668] [0m<inf> radiant_gate_mpsl: hi: acq=809 den=0 resv=0 pend=809 blk=0 grant=808[0m
[1;31m--- 4 messages dropped ---
[0m[00:30:02.048,001] [0m<inf> radiant_api: SWEEP set=1 steer=0 dwell=0/260000 adv=1 sweeps=0 win=1 ok=2 searching=0 carrier=255 | chunks=1 preempt=0 missed=0 ebusy=0 rej=0 | pumps=5161 hk=5160 | scan_us=94200/1 track_us=170108/810 | end ok=0 abrt=0 miss=0 fail=0 deny=1 replan=0[0m
[00:30:02.750,817] [0m<inf> radiant_gate_mpsl: hi: acq=813 den=0 resv=0 pend=813 blk=0 grant=812[0m
[00:30:02.750,829] [0m<inf> radiant_gate_mpsl: seam: grant=813 nostage=0 prog=813/0 | sigrad=1624 sigt0=898 isr=1624 end=812 dis=2 term=3 | ramp=813/1 state=0 ev=0x13 rxen saved=0x80000016 cont=0x13f a=0x80000016 p=0x80000016 e=0x80000016 inten=0x00000140[0m
[00:30:02.750,839] [0m<inf> radiant_gate_mpsl: sw: n=812 wipe=0 ramp=812 wipe+ramp=0 rx=810 wipe+rx=0 | started=812 early=0/0us last=2635us | open lead=232us max=233us late=0 glen=4888 cc0=2888[0m
[00:30:02.750,895] [0m<inf> radiant_gate_mpsl: hiend: timer0=810 rel=2 | lasted=2889us max=3486us | dur=2866us max=3463us short=2 | t0arm=31us stale=0[0m
[00:30:02.750,929] [0m<inf> radiant_gate_mpsl: gate: acq=814 in_grant=810/810 placed=815 granted=814 blocked=0 cancel=0 eagain=6 near=0 long=0 ext=87/0 dead=0 | den pend=0 anch=0 dist=0 degen=0 nosess=0 owed=0 | sent grant=1 dead=0 blk=0 supp=812 | end=814 (norm=812 rel=2 idle=0 late=0) | bad over=0 inval=0 unk=0 inl=0 | len=4888/4888 el=10000 skew=0 brun=0 sig=7 g=0 hw=0 p=1 rel=0 end=1 boot=0 anchor=1 owes=1[0m
[00:30:03.096,925] [0m<inf> radiant_api: SWEEP set=1 steer=0 dwell=0/260000 adv=1 sweeps=0 win=1 ok=2 searching=0 carrier=255 | chunks=1 preempt=0 missed=0 ebusy=0 rej=0 | pumps=5186 hk=5185 | scan_us=94200/1 track_us=170924/814 | end ok=0 abrt=0 miss=0 fail=0 deny=1 replan=0[0m
[00:30:03.750,994] [0m<inf> radiant_gate_mpsl: hi: acq=817 den=0 resv=0 pend=817 blk=0 grant=816[0m
[00:30:03.751,006] [0m<inf> radiant_gate_mpsl: seam: grant=817 nostage=0 prog=817/0 | sigrad=1632 sigt0=902 isr=1632 end=816 dis=2 term=3 | ramp=817/1 state=0 ev=0x13 rxen saved=0x80000016 cont=0x13f a=0x80000016 p=0x80000016 e=0x80000016 inten=0x00000140[0m
[00:30:03.751,016] [0m<inf> radiant_gate_mpsl: sw: n=816 wipe=0 ramp=816 wipe+ramp=0 rx=814 wipe+rx=0 | started=816 early=0/0us last=2635us | open lead=231us max=233us late=0 glen=4888 cc0=2888[0m
[00:30:03.751,066] [0m<inf> radiant_gate_mpsl: hiend: timer0=814 rel=2 | lasted=2890us max=3486us | dur=2867us max=3463us short=2 | t0arm=31us stale=0[0m
[00:30:03.751,086] [0m<inf> radiant_gate_mpsl: gate: acq=818 in_grant=814/814 placed=819 granted=818 blocked=0 cancel=0 eagain=6 near=0 long=0 ext=87/0 dead=0 | den pend=0 anch=0 dist=0 degen=0 nosess=0 owed=0 | sent grant=1 dead=0 blk=0 supp=816 | end=818 (norm=816 rel=2 idle=0 late=0) | bad over=0 inval=0 unk=0 inl=0 | len=4888/4888 el=10000 skew=0 brun=0 sig=7 g=0 hw=0 p=1 rel=0 end=1 boot=0 anchor=1 owes=1[0m
[00:30:04.145,823] [0m<inf> radiant_api: SWEEP set=1 steer=0 dwell=0/260000 adv=1 sweeps=0 win=1 ok=2 searching=0 carrier=255 | chunks=1 preempt=0 missed=0 ebusy=0 rej=0 | pumps=5211 hk=5210 | scan_us=94200/1 track_us=171740/818 | end ok=0 abrt=0 miss=0 fail=0 deny=1 replan=0[0m
[00:30:04.751,158] [0m<inf> radiant_gate_mpsl: hi: acq=821 den=0 resv=0 pend=821 blk=0 grant=820[0m
[1;31m--- 3 messages dropped ---
[0m[00:30:04.751,254] [0m<inf> radiant_gate_mpsl: gate: acq=822 in_grant=818/818 placed=823 granted=822 blocked=0 cancel=0 eagain=6 near=0 long=0 ext=87/0 dead=0 | den pend=0 anch=0 dist=0 degen=0 nosess=0 owed=0 | sent grant=1 dead=0 blk=0 supp=820 | end=822 (norm=820 rel=2 idle=0 late=0) | bad over=0 inval=0 unk=0 inl=0 | len=4888/4888 el=10000 skew=0 brun=0 sig=7 g=0 hw=0 p=1 rel=0 end=1 boot=0 anchor=1 owes=1[0m
[00:30:05.193,724] [0m<inf> radiant_api: SWEEP set=1 steer=0 dwell=0/260000 adv=1 sweeps=0 win=1 ok=2 searching=0 carrier=255 | chunks=1 preempt=0 missed=0 ebusy=0 rej=0 | pumps=5236 hk=5235 | scan_us=94200/1 track_us=172760/823 | end ok=0 abrt=0 miss=0 fail=0 deny=1 replan=0[0m
[00:30:05.751,306] [0m<inf> radiant_gate_mpsl: hi: acq=825 den=0 resv=0 pend=825 blk=0 grant=824[0m
[00:30:05.751,318] [0m<inf> radiant_gate_mpsl: seam: grant=825 nostage=0 prog=825/0 | sigrad=1648 sigt0=910 isr=1648 end=824 dis=2 term=3 | ramp=825/1 state=0 ev=0x13 rxen saved=0x80000016 cont=0x13f a=0x80000016 p=0x80000016 e=0x80000016 inten=0x00000140[0m
[00:30:05.751,328] [0m<inf> radiant_gate_mpsl: sw: n=824 wipe=0 ramp=824 wipe+ramp=0 rx=822 wipe+rx=0 | started=824 early=0/0us last=2635us | open lead=231us max=233us late=0 glen=4888 cc0=2888[0m
[00:30:05.751,367] [0m<inf> radiant_gate_mpsl: hiend: timer0=822 rel=2 | lasted=2889us max=3486us | dur=2866us max=3463us short=2 | t0arm=31us stale=0[0m
[00:30:05.751,412] [0m<inf> radiant_gate_mpsl: gate: acq=826 in_grant=822/822 placed=827 granted=826 blocked=0 cancel=0 eagain=6 near=0 long=0 ext=87/0 dead=0 | den pend=0 anch=0 dist=0 degen=0 nosess=0 owed=0 | sent grant=1 dead=0 blk=0 supp=824 | end=826 (norm=824 rel=2 idle=0 late=0) | bad over=0 inval=0 unk=0 inl=0 | len=4888/4888 el=10000 skew=0 brun=0 sig=7 g=0 hw=0 p=1 rel=0 end=1 boot=0 anchor=1 owes=1[0m
[00:30:06.242,706] [0m<inf> radiant_api: SWEEP set=1 steer=0 dwell=0/260000 adv=1 sweeps=0 win=1 ok=2 searching=0 carrier=255 | chunks=1 preempt=0 missed=0 ebusy=0 rej=0 | pumps=5262 hk=5261 | scan_us=94200/1 track_us=173576/827 | end ok=0 abrt=0 miss=0 fail=0 deny=1 replan=0[0m
[00:30:06.751,483] [0m<inf> radiant_gate_mpsl: hi: acq=829 den=0 resv=0 pend=829 blk=0 grant=828[0m
[00:30:06.751,495] [0m<inf> radiant_gate_mpsl: seam: grant=829 nostage=0 prog=829/0 | sigrad=1656 sigt0=914 isr=1656 end=828 dis=2 term=3 | ramp=829/1 state=0 ev=0x13 rxen saved=0x80000016 cont=0x13f a=0x80000016 p=0x80000016 e=0x80000016 inten=0x00000140[0m
[00:30:06.751,504] [0m<inf> radiant_gate_mpsl: sw: n=828 wipe=0 ramp=828 wipe+ramp=0 rx=826 wipe+rx=0 | started=828 early=0/0us last=2635us | open lead=231us max=233us late=0 glen=4888 cc0=2888[0m
[00:30:06.751,554] [0m<inf> radiant_gate_mpsl: hiend: timer0=826 rel=2 | lasted=2890us max=3486us | dur=2867us max=3463us short=2 | t0arm=31us stale=0[0m
[00:30:06.751,574] [0m<inf> radiant_gate_mpsl: gate: acq=830 in_grant=826/826 placed=831 granted=830 blocked=0 cancel=0 eagain=6 near=0 long=0 ext=87/0 dead=0 | den pend=0 anch=0 dist=0 degen=0 nosess=0 owed=0 | sent grant=1 dead=0 blk=0 supp=828 | end=830 (norm=828 rel=2 idle=0 late=0) | bad over=0 inval=0 unk=0 inl=0 | len=4888/4888 el=10000 skew=0 brun=0 sig=7 g=0 hw=0 p=1 rel=0 end=1 boot=0 anchor=1 owes=1[0m
[00:30:07.291,617] [0m<inf> radiant_api: SWEEP set=1 steer=0 dwell=0/260000 adv=1 sweeps=0 win=1 ok=2 searching=0 carrier=255 | chunks=1 preempt=0 missed=0 ebusy=0 rej=0 | pumps=5287 hk=5286 | scan_us=94200/1 track_us=174392/831 | end ok=0 abrt=0 miss=0 fail=0 deny=1 replan=0[0m
[00:30:07.751,644] [0m<inf> radiant_gate_mpsl: hi: acq=833 den=0 resv=0 pend=833 blk=0 grant=832[0m
[1;31m--- 4 messages dropped ---
[0m[00:30:08.340,555] [0m<inf> radiant_api: SWEEP set=1 steer=0 dwell=0/260000 adv=1 sweeps=0 win=1 ok=2 searching=0 carrier=255 | chunks=1 preempt=0 missed=0 ebusy=0 rej=0 | pumps=5312 hk=5311 | scan_us=94200/1 track_us=175208/835 | end ok=0 abrt=0 miss=0 fail=0 deny=1 replan=0[0m
[00:30:08.751,826] [0m<inf> radiant_gate_mpsl: hi: acq=837 den=0 resv=0 pend=837 blk=0 grant=836[0m
[00:30:08.751,838] [0m<inf> radiant_gate_mpsl: seam: grant=837 nostage=0 prog=837/0 | sigrad=1672 sigt0=922 isr=1672 end=836 dis=2 term=3 | ramp=837/1 state=0 ev=0x13 rxen saved=0x80000016 cont=0x13f a=0x80000016 p=0x80000016 e=0x80000016 inten=0x00000140[0m
[00:30:08.751,849] [0m<inf> radiant_gate_mpsl: sw: n=836 wipe=0 ramp=836 wipe+ramp=0 rx=834 wipe+rx=0 | started=836 early=0/0us last=2635us | open lead=231us max=233us late=0 glen=4888 cc0=2888[0m
[00:30:08.751,905] [0m<inf> radiant_gate_mpsl: hiend: timer0=834 rel=2 | lasted=2890us max=3486us | dur=2867us max=3463us short=2 | t0arm=31us stale=0[0m
[00:30:08.751,935] [0m<inf> radiant_gate_mpsl: gate: acq=838 in_grant=834/834 placed=839 granted=838 blocked=0 cancel=0 eagain=6 near=0 long=0 ext=87/0 dead=0 | den pend=0 anch=0 dist=0 degen=0 nosess=0 owed=0 | sent grant=1 dead=0 blk=0 supp=836 | end=838 (norm=836 rel=2 idle=0 late=0) | bad over=0 inval=0 unk=0 inl=0 | len=4888/4888 el=10000 skew=0 brun=0 sig=7 g=0 hw=0 p=1 rel=0 end=1 boot=0 anchor=1 owes=1[0m
[00:30:09.389,480] [0m<inf> radiant_api: SWEEP set=1 steer=0 dwell=0/260000 adv=1 sweeps=0 win=1 ok=2 searching=0 carrier=255 | chunks=1 preempt=0 missed=0 ebusy=0 rej=0 | pumps=5337 hk=5336 | scan_us=94200/1 track_us=176024/839 | end ok=0 abrt=0 miss=0 fail=0 deny=1 replan=0[0m
[00:30:09.752,035] [0m<inf> radiant_gate_mpsl: hi: acq=841 den=0 resv=0 pend=841 blk=0 grant=840[0m
[00:30:09.752,047] [0m<inf> radiant_gate_mpsl: seam: grant=841 nostage=0 prog=841/0 | sigrad=1680 sigt0=926 isr=1680 end=840 dis=2 term=3 | ramp=841/1 state=0 ev=0x13 rxen saved=0x80000016 cont=0x13f a=0x80000016 p=0x80000016 e=0x80000016 inten=0x00000140[0m
[00:30:09.752,064] [0m<inf> radiant_gate_mpsl: sw: n=840 wipe=0 ramp=840 wipe+ramp=0 rx=838 wipe+rx=0 | started=840 early=0/0us last=2635us | open lead=231us max=233us late=0 glen=4888 cc0=2888[0m
[00:30:09.752,106] [0m<inf> radiant_gate_mpsl: hiend: timer0=838 rel=2 | lasted=2890us max=3486us | dur=2866us max=3463us short=2 | t0arm=31us stale=0[0m
[00:30:09.752,127] [0m<inf> radiant_gate_mpsl: gate: acq=842 in_grant=838/838 placed=843 granted=842 blocked=0 cancel=0 eagain=6 near=0 long=0 ext=87/0 dead=0 | den pend=0 anch=0 dist=0 degen=0 nosess=0 owed=0 | sent grant=1 dead=0 blk=0 supp=840 | end=842 (norm=840 rel=2 idle=0 late=0) | bad over=0 inval=0 unk=0 inl=0 | len=4888/4888 el=10000 skew=0 brun=0 sig=7 g=0 hw=0 p=1 rel=0 end=1 boot=0 anchor=1 owes=1[0m
[00:30:10.437,359] [0m<inf> radiant_api: SWEEP set=1 steer=0 dwell=0/260000 adv=1 sweeps=0 win=1 ok=2 searching=0 carrier=255 | chunks=1 preempt=0 missed=0 ebusy=0 rej=0 | pumps=5362 hk=5361 | scan_us=94200/1 track_us=177044/844 | end ok=0 abrt=0 miss=0 fail=0 deny=1 replan=0[0m
[00:30:10.752,229] [0m<inf> radiant_gate_mpsl: hi: acq=845 den=0 resv=0 pend=845 blk=0 grant=844[0m
[1;31m--- 3 messages dropped ---
[0m[00:30:10.752,324] [0m<inf> radiant_gate_mpsl: gate: acq=846 in_grant=842/842 placed=847 granted=846 blocked=0 cancel=0 eagain=6 near=0 long=0 ext=87/0 dead=0 | den pend=0 anch=0 dist=0 degen=0 nosess=0 owed=0 | sent grant=1 dead=0 blk=0 supp=844 | end=846 (norm=844 rel=2 idle=0 late=0) | bad over=0 inval=0 unk=0 inl=0 | len=4888/4888 el=10000 skew=0 brun=0 sig=7 g=0 hw=0 p=1 rel=0 end=1 boot=0 anchor=1 owes=1[0m
[00:30:11.486,338] [0m<inf> radiant_api: SWEEP set=1 steer=0 dwell=0/260000 adv=1 sweeps=0 win=1 ok=2 searching=0 carrier=255 | chunks=1 preempt=0 missed=0 ebusy=0 rej=0 | pumps=5388 hk=5387 | scan_us=94200/1 track_us=177860/848 | end ok=0 abrt=0 miss=0 fail=0 deny=1 replan=0[0m
[00:30:11.752,413] [0m<inf> radiant_gate_mpsl: hi: acq=849 den=0 resv=0 pend=849 blk=0 grant=848[0m
[00:30:11.752,424] [0m<inf> radiant_gate_mpsl: seam: grant=849 nostage=0 prog=849/0 | sigrad=1696 sigt0=934 isr=1696 end=848 dis=2 term=3 | ramp=849/1 state=0 ev=0x13 rxen saved=0x80000016 cont=0x13f a=0x80000016 p=0x80000016 e=0x80000016 inten=0x00000140[0m
[00:30:11.752,434] [0m<inf> radiant_gate_mpsl: sw: n=848 wipe=0 ramp=848 wipe+ramp=0 rx=846 wipe+rx=0 | started=848 early=0/0us last=2635us | open lead=231us max=233us late=0 glen=4888 cc0=2888[0m
[00:30:11.752,482] [0m<inf> radiant_gate_mpsl: hiend: timer0=846 rel=2 | lasted=2890us max=3486us | dur=2867us max=3463us short=2 | t0arm=31us stale=0[0m
[00:30:11.752,517] [0m<inf> radiant_gate_mpsl: gate: acq=850 in_grant=846/846 placed=851 granted=850 blocked=0 cancel=0 eagain=6 near=0 long=0 ext=87/0 dead=0 | den pend=0 anch=0 dist=0 degen=0 nosess=0 owed=0 | sent grant=1 dead=0 blk=0 supp=848 | end=850 (norm=848 rel=2 idle=0 late=0) | bad over=0 inval=0 unk=0 inl=0 | len=4888/4888 el=10000 skew=0 brun=0 sig=7 g=0 hw=0 p=1 rel=0 end=1 boot=0 anchor=1 owes=1[0m
[00:30:12.535,262] [0m<inf> radiant_api: SWEEP set=1 steer=0 dwell=0/260000 adv=1 sweeps=0 win=1 ok=2 searching=0 carrier=255 | chunks=1 preempt=0 missed=0 ebusy=0 rej=0 | pumps=5413 hk=5412 | scan_us=94200/1 track_us=178676/852 | end ok=0 abrt=0 miss=0 fail=0 deny=1 replan=0[0m
[00:30:12.752,619] [0m<inf> radiant_gate_mpsl: hi: acq=853 den=0 resv=0 pend=853 blk=0 grant=852[0m
[00:30:12.752,631] [0m<inf> radiant_gate_mpsl: seam: grant=853 nostage=0 prog=853/0 | sigrad=1704 sigt0=938 isr=1704 end=852 dis=2 term=3 | ramp=853/1 state=0 ev=0x13 rxen saved=0x80000016 cont=0x13f a=0x80000016 p=0x80000016 e=0x80000016 inten=0x00000140[0m
[00:30:12.752,641] [0m<inf> radiant_gate_mpsl: sw: n=852 wipe=0 ramp=852 wipe+ramp=0 rx=850 wipe+rx=0 | started=852 early=0/0us last=2635us | open lead=231us max=233us late=0 glen=4888 cc0=2888[0m
[00:30:12.752,693] [0m<inf> radiant_gate_mpsl: hiend: timer0=850 rel=2 | lasted=2889us max=3486us | dur=2866us max=3463us short=2 | t0arm=31us stale=0[0m
[00:30:12.752,712] [0m<inf> radiant_gate_mpsl: gate: acq=854 in_grant=850/850 placed=855 granted=854 blocked=0 cancel=0 eagain=6 near=0 long=0 ext=87/0 dead=0 | den pend=0 anch=0 dist=0 degen=0 nosess=0 owed=0 | sent grant=1 dead=0 blk=0 supp=852 | end=854 (norm=852 rel=2 idle=0 late=0) | bad over=0 inval=0 unk=0 inl=0 | len=4888/4888 el=10000 skew=0 brun=0 sig=7 g=0 hw=0 p=1 rel=0 end=1 boot=0 anchor=1 owes=1[0m
[00:30:13.584,159] [0m<inf> radiant_api: SWEEP set=1 steer=0 dwell=0/260000 adv=1 sweeps=0 win=1 ok=2 searching=0 carrier=255 | chunks=1 preempt=0 missed=0 ebusy=0 rej=0 | pumps=5438 hk=5437 | scan_us=94200/1 track_us=179492/856 | end ok=0 abrt=0 miss=0 fail=0 deny=1 replan=0[0m
[00:30:13.752,792] [0m<inf> radiant_gate_mpsl: hi: acq=857 den=0 resv=0 pend=857 blk=0 grant=856[0m
[1;31m--- 4 messages dropped ---
[0m[00:30:14.633,111] [0m<inf> radiant_api: SWEEP set=1 steer=0 dwell=0/260000 adv=1 sweeps=0 win=1 ok=2 searching=0 carrier=255 | chunks=1 preempt=0 missed=0 ebusy=0 rej=0 | pumps=5463 hk=5462 | scan_us=94200/1 track_us=180308/860 | end ok=0 abrt=0 miss=0 fail=0 deny=1 replan=0[0m
[00:30:14.752,956] [0m<inf> radiant_gate_mpsl: hi: acq=861 den=0 resv=0 pend=861 blk=0 grant=860[0m
[00:30:14.752,968] [0m<inf> radiant_gate_mpsl: seam: grant=861 nostage=0 prog=861/0 | sigrad=1720 sigt0=946 isr=1720 end=860 dis=2 term=3 | ramp=861/1 state=0 ev=0x13 rxen saved=0x80000016 cont=0x13f a=0x80000016 p=0x80000016 e=0x80000016 inten=0x00000140[0m
[00:30:14.752,978] [0m<inf> radiant_gate_mpsl: sw: n=860 wipe=0 ramp=860 wipe+ramp=0 rx=858 wipe+rx=0 | started=860 early=0/0us last=2635us | open lead=231us max=233us late=0 glen=4888 cc0=2888[0m
[00:30:14.753,034] [0m<inf> radiant_gate_mpsl: hiend: timer0=858 rel=2 | lasted=2889us max=3486us | dur=2866us max=3463us short=2 | t0arm=31us stale=0[0m
[00:30:14.753,065] [0m<inf> radiant_gate_mpsl: gate: acq=862 in_grant=858/858 placed=863 granted=862 blocked=0 cancel=0 eagain=6 near=0 long=0 ext=87/0 dead=0 | den pend=0 anch=0 dist=0 degen=0 nosess=0 owed=0 | sent grant=1 dead=0 blk=0 supp=860 | end=862 (norm=860 rel=2 idle=0 late=0) | bad over=0 inval=0 unk=0 inl=0 | len=4888/4888 el=10000 skew=0 brun=0 sig=7 g=0 hw=0 p=1 rel=0 end=1 boot=0 anchor=1 owes=1[0m
[00:30:15.680,987] [0m<inf> radiant_api: SWEEP set=1 steer=0 dwell=0/260000 adv=1 sweeps=0 win=1 ok=2 searching=0 carrier=255 | chunks=1 preempt=0 missed=0 ebusy=0 rej=0 | pumps=5488 hk=5487 | scan_us=94200/1 track_us=181328/865 | end ok=0 abrt=0 miss=0 fail=0 deny=1 replan=0[0m
[00:30:15.753,159] [0m<inf> radiant_gate_mpsl: hi: acq=865 den=0 resv=0 pend=865 blk=0 grant=864[0m
[00:30:15.753,173] [0m<inf> radiant_gate_mpsl: seam: grant=865 nostage=0 prog=865/0 | sigrad=1728 sigt0=950 isr=1728 end=864 dis=2 term=3 | ramp=865/1 state=0 ev=0x13 rxen saved=0x80000016 cont=0x13f a=0x80000016 p=0x80000016 e=0x80000016 inten=0x00000140[0m
[00:30:15.753,182] [0m<inf> radiant_gate_mpsl: sw: n=864 wipe=0 ramp=864 wipe+ramp=0 rx=862 wipe+rx=0 | started=864 early=0/0us last=2636us | open lead=231us max=233us late=0 glen=4888 cc0=2888[0m
[1;31m--- 2 messages dropped ---
[0m[00:30:16.729,924] [0m<inf> radiant_api: SWEEP set=1 steer=0 dwell=0/260000 adv=1 sweeps=0 win=1 ok=2 searching=0 carrier=255 | chunks=1 preempt=0 missed=0 ebusy=0 rej=0 | pumps=5514 hk=5513 | scan_us=94200/1 track_us=182144/869 | end ok=0 abrt=0 miss=0 fail=0 deny=1 replan=0[0m
[00:30:16.753,326] [0m<inf> radiant_gate_mpsl: hi: acq=869 den=0 resv=0 pend=869 blk=0 grant=868[0m
[00:30:16.753,337] [0m<inf> radiant_gate_mpsl: seam: grant=869 nostage=0 prog=869/0 | sigrad=1736 sigt0=954 isr=1736 end=868 dis=2 term=3 | ramp=869/1 state=0 ev=0x13 rxen saved=0x80000016 cont=0x13f a=0x80000016 p=0x80000016 e=0x80000016 inten=0x00000140[0m
[00:30:16.753,347] [0m<inf> radiant_gate_mpsl: sw: n=868 wipe=0 ramp=868 wipe+ramp=0 rx=866 wipe+rx=0 | started=868 early=0/0us last=2635us | open lead=231us max=233us late=0 glen=4888 cc0=2888[0m
[00:30:16.753,394] [0m<inf> radiant_gate_mpsl: hiend: timer0=866 rel=2 | lasted=2890us max=3486us | dur=2867us max=3463us short=2 | t0arm=31us stale=0[0m
[00:30:16.753,427] [0m<inf> radiant_gate_mpsl: gate: acq=870 in_grant=866/866 placed=871 granted=870 blocked=0 cancel=0 eagain=6 near=0 long=0 ext=87/0 dead=0 | den pend=0 anch=0 dist=0 degen=0 nosess=0 owed=0 | sent grant=1 dead=0 blk=0 supp=868 | end=870 (norm=868 rel=2 idle=0 late=0) | bad over=0 inval=0 unk=0 inl=0 | len=4888/4888 el=10000 skew=0 brun=0 sig=7 g=0 hw=0 p=1 rel=0 end=1 boot=0 anchor=1 owes=1[0m
[00:30:17.753,489] [0m<inf> radiant_gate_mpsl: hi: acq=873 den=0 resv=0 pend=873 blk=0 grant=872[0m
[1;31m--- 4 messages dropped ---
[0m[00:30:17.778,898] [0m<inf> radiant_api: SWEEP set=1 steer=0 dwell=0/260000 adv=1 sweeps=0 win=1 ok=2 searching=0 carrier=255 | chunks=1 preempt=0 missed=0 ebusy=0 rej=0 | pumps=5539 hk=5538 | scan_us=94200/1 track_us=182960/873 | end ok=0 abrt=0 miss=0 fail=0 deny=1 replan=0[0m
[00:30:18.753,637] [0m<inf> radiant_gate_mpsl: hi: acq=877 den=0 resv=0 pend=877 blk=0 grant=876[0m
[00:30:18.753,649] [0m<inf> radiant_gate_mpsl: seam: grant=877 nostage=0 prog=877/0 | sigrad=1752 sigt0=962 isr=1752 end=876 dis=2 term=3 | ramp=877/1 state=0 ev=0x13 rxen saved=0x80000016 cont=0x13f a=0x80000016 p=0x80000016 e=0x80000016 inten=0x00000140[0m
[00:30:18.753,659] [0m<inf> radiant_gate_mpsl: sw: n=876 wipe=0 ramp=876 wipe+ramp=0 rx=874 wipe+rx=0 | started=876 early=0/0us last=2635us | open lead=231us max=233us late=0 glen=4888 cc0=2888[0m
[00:30:18.753,715] [0m<inf> radiant_gate_mpsl: hiend: timer0=874 rel=2 | lasted=2890us max=3486us | dur=2867us max=3463us short=2 | t0arm=31us stale=0[0m
[00:30:18.753,746] [0m<inf> radiant_gate_mpsl: gate: acq=878 in_grant=874/874 placed=879 granted=878 blocked=0 cancel=0 eagain=6 near=0 long=0 ext=87/0 dead=0 | den pend=0 anch=0 dist=0 degen=0 nosess=0 owed=0 | sent grant=1 dead=0 blk=0 supp=876 | end=878 (norm=876 rel=2 idle=0 late=0) | bad over=0 inval=0 unk=0 inl=0 | len=4888/4888 el=10000 skew=0 brun=0 sig=7 g=0 hw=0 p=1 rel=0 end=1 boot=0 anchor=1 owes=1[0m
[00:30:18.827,812] [0m<inf> radiant_api: SWEEP set=1 steer=0 dwell=0/260000 adv=1 sweeps=0 win=1 ok=2 searching=0 carrier=255 | chunks=1 preempt=0 missed=0 ebusy=0 rej=0 | pumps=5564 hk=5563 | scan_us=94200/1 track_us=183776/877 | end ok=0 abrt=0 miss=0 fail=0 deny=1 replan=0[0m
[00:30:19.753,813] [0m<inf> radiant_gate_mpsl: hi: acq=881 den=0 resv=0 pend=881 blk=0 grant=880[0m
[1;31m--- 4 messages dropped ---
[0m[00:30:19.876,744] [0m<inf> radiant_api: SWEEP set=1 steer=0 dwell=0/260000 adv=1 sweeps=0 win=1 ok=2 searching=0 carrier=255 | chunks=1 preempt=0 missed=0 ebusy=0 rej=0 | pumps=5589 hk=5588 | scan_us=94200/1 track_us=184592/881 | end ok=0 abrt=0 miss=0 fail=0 deny=1 replan=0[0m
[00:30:20.753,963] [0m<inf> radiant_gate_mpsl: hi: acq=885 den=0 resv=0 pend=885 blk=0 grant=884[0m
[00:30:20.753,975] [0m<inf> radiant_gate_mpsl: seam: grant=885 nostage=0 prog=885/0 | sigrad=1768 sigt0=970 isr=1768 end=884 dis=2 term=3 | ramp=885/1 state=0 ev=0x13 rxen saved=0x80000016 cont=0x13f a=0x80000016 p=0x80000016 e=0x80000016 inten=0x00000140[0m
[00:30:20.753,985] [0m<inf> radiant_gate_mpsl: sw: n=884 wipe=0 ramp=884 wipe+ramp=0 rx=882 wipe+rx=0 | started=884 early=0/0us last=2635us | open lead=232us max=233us late=0 glen=4888 cc0=2888[0m
[00:30:20.754,024] [0m<inf> radiant_gate_mpsl: hiend: timer0=882 rel=2 | lasted=2889us max=3486us | dur=2866us max=3463us short=2 | t0arm=31us stale=0[0m
[00:30:20.754,073] [0m<inf> radiant_gate_mpsl: gate: acq=886 in_grant=882/882 placed=887 granted=886 blocked=0 cancel=0 eagain=6 near=0 long=0 ext=87/0 dead=0 | den pend=0 anch=0 dist=0 degen=0 nosess=0 owed=0 | sent grant=1 dead=0 blk=0 supp=884 | end=886 (norm=884 rel=2 idle=0 late=0) | bad over=0 inval=0 unk=0 inl=0 | len=4888/4888 el=10000 skew=0 brun=0 sig=7 g=0 hw=0 p=1 rel=0 end=1 boot=0 anchor=1 owes=1[0m
[00:30:20.924,617] [0m<inf> radiant_api: SWEEP set=1 steer=0 dwell=0/260000 adv=1 sweeps=0 win=1 ok=2 searching=0 carrier=255 | chunks=1 preempt=0 missed=0 ebusy=0 rej=0 | pumps=5614 hk=5613 | scan_us=94200/1 track_us=185612/886 | end ok=0 abrt=0 miss=0 fail=0 deny=1 replan=0[0m
[00:30:21.754,139] [0m<inf> radiant_gate_mpsl: hi: acq=889 den=0 resv=0 pend=889 blk=0 grant=888[0m
[00:30:21.754,151] [0m<inf> radiant_gate_mpsl: seam: grant=889 nostage=0 prog=889/0 | sigrad=1776 sigt0=974 isr=1776 end=888 dis=2 term=3 | ramp=889/1 state=0 ev=0x13 rxen saved=0x80000016 cont=0x13f a=0x80000016 p=0x80000016 e=0x80000016 inten=0x00000140[0m
[00:30:21.754,161] [0m<inf> radiant_gate_mpsl: sw: n=888 wipe=0 ramp=888 wipe+ramp=0 rx=886 wipe+rx=0 | started=888 early=0/0us last=2635us | open lead=231us max=233us late=0 glen=4888 cc0=2888[0m
[00:30:21.754,211] [0m<inf> radiant_gate_mpsl: hiend: timer0=886 rel=2 | lasted=2890us max=3486us | dur=2867us max=3463us short=2 | t0arm=31us stale=0[0m
[00:30:21.754,231] [0m<inf> radiant_gate_mpsl: gate: acq=890 in_grant=886/886 placed=891 granted=890 blocked=0 cancel=0 eagain=6 near=0 long=0 ext=87/0 dead=0 | den pend=0 anch=0 dist=0 degen=0 nosess=0 owed=0 | sent grant=1 dead=0 blk=0 supp=888 | end=890 (norm=888 rel=2 idle=0 late=0) | bad over=0 inval=0 unk=0 inl=0 | len=4888/4888 el=10000 skew=0 brun=0 sig=7 g=0 hw=0 p=1 rel=0 end=1 boot=0 anchor=1 owes=1[0m
[00:30:21.973,586] [0m<inf> radiant_api: SWEEP set=1 steer=0 dwell=0/260000 adv=1 sweeps=0 win=1 ok=2 searching=0 carrier=255 | chunks=1 preempt=0 missed=0 ebusy=0 rej=0 | pumps=5640 hk=5639 | scan_us=94200/1 track_us=186428/890 | end ok=0 abrt=0 miss=0 fail=0 deny=1 replan=0[0m
[00:30:22.754,304] [0m<inf> radiant_gate_mpsl: hi: acq=893 den=0 resv=0 pend=893 blk=0 grant=892[0m
[1;31m--- 3 messages dropped ---
[0m[00:30:22.754,400] [0m<inf> radiant_gate_mpsl: gate: acq=894 in_grant=890/890 placed=895 granted=894 blocked=0 cancel=0 eagain=6 near=0 long=0 ext=87/0 dead=0 | den pend=0 anch=0 dist=0 degen=0 nosess=0 owed=0 | sent grant=1 dead=0 blk=0 supp=892 | end=894 (norm=892 rel=2 idle=0 late=0) | bad over=0 inval=0 unk=0 inl=0 | len=4888/4888 el=10000 skew=0 brun=0 sig=7 g=0 hw=0 p=1 rel=0 end=1 boot=0 anchor=1 owes=1[0m
[00:30:23.022,522] [0m<inf> radiant_api: SWEEP set=1 steer=0 dwell=0/260000 adv=1 sweeps=0 win=1 ok=2 searching=0 carrier=255 | chunks=1 preempt=0 missed=0 ebusy=0 rej=0 | pumps=5665 hk=5664 | scan_us=94200/1 track_us=187244/894 | end ok=0 abrt=0 miss=0 fail=0 deny=1 replan=0[0m
[00:30:23.754,477] [0m<inf> radiant_gate_mpsl: hi: acq=897 den=0 resv=0 pend=897 blk=0 grant=896[0m
[00:30:23.754,489] [0m<inf> radiant_gate_mpsl: seam: grant=897 nostage=0 prog=897/0 | sigrad=1792 sigt0=982 isr=1792 end=896 dis=2 term=3 | ramp=897/1 state=0 ev=0x13 rxen saved=0x80000016 cont=0x13f a=0x80000016 p=0x80000016 e=0x80000016 inten=0x00000140[0m
[00:30:23.754,499] [0m<inf> radiant_gate_mpsl: sw: n=896 wipe=0 ramp=896 wipe+ramp=0 rx=894 wipe+rx=0 | started=896 early=0/0us last=2635us | open lead=231us max=233us late=0 glen=4888 cc0=2888[0m
[00:30:23.754,547] [0m<inf> radiant_gate_mpsl: hiend: timer0=894 rel=2 | lasted=2889us max=3486us | dur=2866us max=3463us short=2 | t0arm=31us stale=0[0m
[00:30:23.754,583] [0m<inf> radiant_gate_mpsl: gate: acq=898 in_grant=894/894 placed=899 granted=898 blocked=0 cancel=0 eagain=6 near=0 long=0 ext=87/0 dead=0 | den pend=0 anch=0 dist=0 degen=0 nosess=0 owed=0 | sent grant=1 dead=0 blk=0 supp=896 | end=898 (norm=896 rel=2 idle=0 late=0) | bad over=0 inval=0 unk=0 inl=0 | len=4888/4888 el=10000 skew=0 brun=0 sig=7 g=0 hw=0 p=1 rel=0 end=1 boot=0 anchor=1 owes=1[0m
[00:30:24.071,459] [0m<inf> radiant_api: SWEEP set=1 steer=0 dwell=0/260000 adv=1 sweeps=0 win=1 ok=2 searching=0 carrier=255 | chunks=1 preempt=0 missed=0 ebusy=0 rej=0 | pumps=5690 hk=5689 | scan_us=94200/1 track_us=188060/898 | end ok=0 abrt=0 miss=0 fail=0 deny=1 replan=0[0m
[00:30:24.754,659] [0m<inf> radiant_gate_mpsl: hi: acq=901 den=0 resv=0 pend=901 blk=0 grant=900[0m
[00:30:24.754,671] [0m<inf> radiant_gate_mpsl: seam: grant=901 nostage=0 prog=901/0 | sigrad=1800 sigt0=986 isr=1800 end=900 dis=2 term=3 | ramp=901/1 state=0 ev=0x13 rxen saved=0x80000016 cont=0x13f a=0x80000016 p=0x80000016 e=0x80000016 inten=0x00000140[0m
[00:30:24.754,681] [0m<inf> radiant_gate_mpsl: sw: n=900 wipe=0 ramp=900 wipe+ramp=0 rx=898 wipe+rx=0 | started=900 early=0/0us last=2635us | open lead=231us max=233us late=0 glen=4888 cc0=2888[0m
[00:30:24.754,731] [0m<inf> radiant_gate_mpsl: hiend: timer0=898 rel=2 | lasted=2890us max=3486us | dur=2867us max=3463us short=2 | t0arm=31us stale=0[0m
[00:30:24.754,751] [0m<inf> radiant_gate_mpsl: gate: acq=902 in_grant=898/898 placed=903 granted=902 blocked=0 cancel=0 eagain=6 near=0 long=0 ext=87/0 dead=0 | den pend=0 anch=0 dist=0 degen=0 nosess=0 owed=0 | sent grant=1 dead=0 blk=0 supp=900 | end=902 (norm=900 rel=2 idle=0 late=0) | bad over=0 inval=0 unk=0 inl=0 | len=4888/4888 el=10000 skew=0 brun=0 sig=7 g=0 hw=0 p=1 rel=0 end=1 boot=0 anchor=1 owes=1[0m
[00:30:25.120,377] [0m<inf> radiant_api: SWEEP set=1 steer=0 dwell=0/260000 adv=1 sweeps=0 win=1 ok=2 searching=0 carrier=255 | chunks=1 preempt=0 missed=0 ebusy=0 rej=0 | pumps=5715 hk=5714 | scan_us=94200/1 track_us=188876/902 | end ok=0 abrt=0 miss=0 fail=0 deny=1 replan=0[0m
[00:30:25.754,853] [0m<inf> radiant_gate_mpsl: hi: acq=905 den=0 resv=0 pend=905 blk=0 grant=904[0m
[1;31m--- 4 messages dropped ---
[0m[00:30:26.168,246] [0m<inf> radiant_api: SWEEP set=1 steer=0 dwell=0/260000 adv=1 sweeps=0 win=1 ok=2 searching=0 carrier=255 | chunks=1 preempt=0 missed=0 ebusy=0 rej=0 | pumps=5740 hk=5739 | scan_us=94200/1 track_us=189896/907 | end ok=0 abrt=0 miss=0 fail=0 deny=1 replan=0[0m
[00:30:26.755,035] [0m<inf> radiant_gate_mpsl: hi: acq=909 den=0 resv=0 pend=909 blk=0 grant=908[0m
[00:30:26.755,047] [0m<inf> radiant_gate_mpsl: seam: grant=909 nostage=0 prog=909/0 | sigrad=1816 sigt0=994 isr=1816 end=908 dis=2 term=3 | ramp=909/1 state=0 ev=0x13 rxen saved=0x80000016 cont=0x13f a=0x80000016 p=0x80000016 e=0x80000016 inten=0x00000140[0m
[00:30:26.755,058] [0m<inf> radiant_gate_mpsl: sw: n=908 wipe=0 ramp=908 wipe+ramp=0 rx=906 wipe+rx=0 | started=908 early=0/0us last=2635us | open lead=231us max=233us late=0 glen=4888 cc0=2888[0m
[00:30:26.755,115] [0m<inf> radiant_gate_mpsl: hiend: timer0=906 rel=2 | lasted=2890us max=3486us | dur=2867us max=3463us short=2 | t0arm=31us stale=0[0m
[00:30:26.755,144] [0m<inf> radiant_gate_mpsl: gate: acq=910 in_grant=906/906 placed=911 granted=910 blocked=0 cancel=0 eagain=6 near=0 long=0 ext=87/0 dead=0 | den pend=0 anch=0 dist=0 degen=0 nosess=0 owed=0 | sent grant=1 dead=0 blk=0 supp=908 | end=910 (norm=908 rel=2 idle=0 late=0) | bad over=0 inval=0 unk=0 inl=0 | len=4888/4888 el=10000 skew=0 brun=0 sig=7 g=0 hw=0 p=1 rel=0 end=1 boot=0 anchor=1 owes=1[0m
[00:30:27.217,228] [0m<inf> radiant_api: SWEEP set=1 steer=0 dwell=0/260000 adv=1 sweeps=0 win=1 ok=2 searching=0 carrier=255 | chunks=1 preempt=0 missed=0 ebusy=0 rej=0 | pumps=5766 hk=5765 | scan_us=94200/1 track_us=190712/911 | end ok=0 abrt=0 miss=0 fail=0 deny=1 replan=0[0m
[00:30:27.755,244] [0m<inf> radiant_gate_mpsl: hi: acq=913 den=0 resv=0 pend=913 blk=0 grant=912[0m
[00:30:27.755,256] [0m<inf> radiant_gate_mpsl: seam: grant=913 nostage=0 prog=913/0 | sigrad=1824 sigt0=998 isr=1824 end=912 dis=2 term=3 | ramp=913/1 state=0 ev=0x13 rxen saved=0x80000016 cont=0x13f a=0x80000016 p=0x80000016 e=0x80000016 inten=0x00000140[0m
[00:30:27.755,266] [0m<inf> radiant_gate_mpsl: sw: n=912 wipe=0 ramp=912 wipe+ramp=0 rx=910 wipe+rx=0 | started=912 early=0/0us last=2635us | open lead=231us max=233us late=0 glen=4888 cc0=2888[0m
[00:30:27.755,316] [0m<inf> radiant_gate_mpsl: hiend: timer0=910 rel=2 | lasted=2890us max=3486us | dur=2866us max=3463us short=2 | t0arm=31us stale=0[0m
[00:30:27.755,337] [0m<inf> radiant_gate_mpsl: gate: acq=914 in_grant=910/910 placed=915 granted=914 blocked=0 cancel=0 eagain=6 near=0 long=0 ext=87/0 dead=0 | den pend=0 anch=0 dist=0 degen=0 nosess=0 owed=0 | sent grant=1 dead=0 blk=0 supp=912 | end=914 (norm=912 rel=2 idle=0 late=0) | bad over=0 inval=0 unk=0 inl=0 | len=4888/4888 el=10000 skew=0 brun=0 sig=7 g=0 hw=0 p=1 rel=0 end=1 boot=0 anchor=1 owes=1[0m
[00:30:28.266,137] [0m<inf> radiant_api: SWEEP set=1 steer=0 dwell=0/260000 adv=1 sweeps=0 win=1 ok=2 searching=0 carrier=255 | chunks=1 preempt=0 missed=0 ebusy=0 rej=0 | pumps=5791 hk=5790 | scan_us=94200/1 track_us=191528/915 | end ok=0 abrt=0 miss=0 fail=0 deny=1 replan=0[0m
[00:30:28.755,411] [0m<inf> radiant_gate_mpsl: hi: acq=917 den=0 resv=0 pend=917 blk=0 grant=916[0m
[1;31m--- 3 messages dropped ---
[0m[00:30:28.755,497] [0m<inf> radiant_gate_mpsl: gate: acq=918 in_grant=914/914 placed=919 granted=918 blocked=0 cancel=0 eagain=6 near=0 long=0 ext=87/0 dead=0 | den pend=0 anch=0 dist=0 degen=0 nosess=0 owed=0 | sent grant=1 dead=0 blk=0 supp=916 | end=918 (norm=916 rel=2 idle=0 late=0) | bad over=0 inval=0 unk=0 inl=0 | len=4888/4888 el=10000 skew=0 brun=0 sig=7 g=0 hw=0 p=1 rel=0 end=1 boot=0 anchor=1 owes=1[0m
[00:30:29.315,071] [0m<inf> radiant_api: SWEEP set=1 steer=0 dwell=0/260000 adv=1 sweeps=0 win=1 ok=2 searching=0 carrier=255 | chunks=1 preempt=0 missed=0 ebusy=0 rej=0 | pumps=5816 hk=5815 | scan_us=94200/1 track_us=192344/919 | end ok=0 abrt=0 miss=0 fail=0 deny=1 replan=0[0m
[00:30:29.755,556] [0m<inf> radiant_gate_mpsl: hi: acq=921 den=0 resv=0 pend=921 blk=0 grant=920[0m
[00:30:29.755,567] [0m<inf> radiant_gate_mpsl: seam: grant=921 nostage=0 prog=921/0 | sigrad=1840 sigt0=1006 isr=1840 end=920 dis=2 term=3 | ramp=921/1 state=0 ev=0x13 rxen saved=0x80000016 cont=0x13f a=0x80000016 p=0x80000016 e=0x80000016 inten=0x00000140[0m
[00:30:29.755,577] [0m<inf> radiant_gate_mpsl: sw: n=920 wipe=0 ramp=920 wipe+ramp=0 rx=918 wipe+rx=0 | started=920 early=0/0us last=2635us | open lead=231us max=233us late=0 glen=4888 cc0=2888[0m
[00:30:29.755,625] [0m<inf> radiant_gate_mpsl: hiend: timer0=918 rel=2 | lasted=2890us max=3486us | dur=2867us max=3463us short=2 | t0arm=31us stale=0[0m
[00:30:29.755,661] [0m<inf> radiant_gate_mpsl: gate: acq=922 in_grant=918/918 placed=923 granted=922 blocked=0 cancel=0 eagain=6 near=0 long=0 ext=87/0 dead=0 | den pend=0 anch=0 dist=0 degen=0 nosess=0 owed=0 | sent grant=1 dead=0 blk=0 supp=920 | end=922 (norm=920 rel=2 idle=0 late=0) | bad over=0 inval=0 unk=0 inl=0 | len=4888/4888 el=10000 skew=0 brun=0 sig=7 g=0 hw=0 p=1 rel=0 end=1 boot=0 anchor=1 owes=1[0m
[00:30:30.363,994] [0m<inf> radiant_api: SWEEP set=1 steer=0 dwell=0/260000 adv=1 sweeps=0 win=1 ok=2 searching=0 carrier=255 | chunks=1 preempt=0 missed=0 ebusy=0 rej=0 | pumps=5841 hk=5840 | scan_us=94200/1 track_us=193160/923 | end ok=0 abrt=0 miss=0 fail=0 deny=1 replan=0[0m
[00:30:30.755,732] [0m<inf> radiant_gate_mpsl: hi: acq=925 den=0 resv=0 pend=925 blk=0 grant=924[0m
[00:30:30.755,744] [0m<inf> radiant_gate_mpsl: seam: grant=925 nostage=0 prog=925/0 | sigrad=1848 sigt0=1010 isr=1848 end=924 dis=2 term=3 | ramp=925/1 state=0 ev=0x13 rxen saved=0x80000016 cont=0x13f a=0x80000016 p=0x80000016 e=0x80000016 inten=0x00000140[0m
[00:30:30.755,754] [0m<inf> radiant_gate_mpsl: sw: n=924 wipe=0 ramp=924 wipe+ramp=0 rx=922 wipe+rx=0 | started=924 early=0/0us last=2635us | open lead=232us max=233us late=0 glen=4888 cc0=2888[0m
[00:30:30.755,806] [0m<inf> radiant_gate_mpsl: hiend: timer0=922 rel=2 | lasted=2889us max=3486us | dur=2866us max=3463us short=2 | t0arm=31us stale=0[0m
[00:30:30.755,825] [0m<inf> radiant_gate_mpsl: gate: acq=926 in_grant=922/922 placed=927 granted=926 blocked=0 cancel=0 eagain=6 near=0 long=0 ext=87/0 dead=0 | den pend=0 anch=0 dist=0 degen=0 nosess=0 owed=0 | sent grant=1 dead=0 blk=0 supp=924 | end=926 (norm=924 rel=2 idle=0 late=0) | bad over=0 inval=0 unk=0 inl=0 | len=4888/4888 el=10000 skew=0 brun=0 sig=7 g=0 hw=0 p=1 rel=0 end=1 boot=0 anchor=1 owes=1[0m
[00:30:31.411,880] [0m<inf> radiant_api: SWEEP set=1 steer=0 dwell=0/260000 adv=1 sweeps=0 win=1 ok=2 searching=0 carrier=255 | chunks=1 preempt=0 missed=0 ebusy=0 rej=0 | pumps=5866 hk=5865 | scan_us=94200/1 track_us=194180/928 | end ok=0 abrt=0 miss=0 fail=0 deny=1 replan=0[0m
[00:30:31.755,895] [0m<inf> radiant_gate_mpsl: hi: acq=929 den=0 resv=0 pend=929 blk=0 grant=928[0m
[1;31m--- 4 messages dropped ---
[0m[00:30:32.460,860] [0m<inf> radiant_api: SWEEP set=1 steer=0 dwell=0/260000 adv=1 sweeps=0 win=1 ok=2 searching=0 carrier=255 | chunks=1 preempt=0 missed=0 ebusy=0 rej=0 | pumps=5892 hk=5891 | scan_us=94200/1 track_us=194996/932 | end ok=0 abrt=0 miss=0 fail=0 deny=1 replan=0[0m
[00:30:32.756,043] [0m<inf> radiant_gate_mpsl: hi: acq=933 den=0 resv=0 pend=933 blk=0 grant=932[0m
[00:30:32.756,055] [0m<inf> radiant_gate_mpsl: seam: grant=933 nostage=0 prog=933/0 | sigrad=1864 sigt0=1018 isr=1864 end=932 dis=2 term=3 | ramp=933/1 state=0 ev=0x13 rxen saved=0x80000016 cont=0x13f a=0x80000016 p=0x80000016 e=0x80000016 inten=0x00000140[0m
[00:30:32.756,065] [0m<inf> radiant_gate_mpsl: sw: n=932 wipe=0 ramp=932 wipe+ramp=0 rx=930 wipe+rx=0 | started=932 early=0/0us last=2635us | open lead=231us max=233us late=0 glen=4888 cc0=2888[0m
[00:30:32.756,121] [0m<inf> radiant_gate_mpsl: hiend: timer0=930 rel=2 | lasted=2890us max=3486us | dur=2867us max=3463us short=2 | t0arm=31us stale=0[0m
[00:30:32.756,152] [0m<inf> radiant_gate_mpsl: gate: acq=934 in_grant=930/930 placed=935 granted=934 blocked=0 cancel=0 eagain=6 near=0 long=0 ext=87/0 dead=0 | den pend=0 anch=0 dist=0 degen=0 nosess=0 owed=0 | sent grant=1 dead=0 blk=0 supp=932 | end=934 (norm=932 rel=2 idle=0 late=0) | bad over=0 inval=0 unk=0 inl=0 | len=4888/4888 el=10000 skew=0 brun=0 sig=7 g=0 hw=0 p=1 rel=0 end=1 boot=0 anchor=1 owes=1[0m
[00:30:33.509,782] [0m<inf> radiant_api: SWEEP set=1 steer=0 dwell=0/260000 adv=1 sweeps=0 win=1 ok=2 searching=0 carrier=255 | chunks=1 preempt=0 missed=0 ebusy=0 rej=0 | pumps=5917 hk=5916 | scan_us=94200/1 track_us=195812/936 | end ok=0 abrt=0 miss=0 fail=0 deny=1 replan=0[0m
[00:30:33.756,218] [0m<inf> radiant_gate_mpsl: hi: acq=937 den=0 resv=0 pend=937 blk=0 grant=936[0m
[00:30:33.756,232] [0m<inf> radiant_gate_mpsl: seam: grant=937 nostage=0 prog=937/0 | sigrad=1871 sigt0=1021 isr=1871 end=935 dis=3 term=4 | ramp=937/1 state=0 ev=0x11 rxen saved=0x80000016 cont=0x13f a=0x80000016 p=0x80000016 e=0x80000016 inten=0x00000140[0m
[00:30:33.756,241] [0m<inf> radiant_gate_mpsl: sw: n=936 wipe=0 ramp=936 wipe+ramp=0 rx=933 wipe+rx=0 | started=936 early=0/0us last=411us | open lead=231us max=233us late=0 glen=4888 cc0=2888[0m
[00:30:33.756,291] [0m<inf> radiant_gate_mpsl: hiend: timer0=933 rel=3 | lasted=664us max=3486us | dur=641us max=3463us short=3 | t0arm=31us stale=0[0m
[00:30:33.756,311] [0m<inf> radiant_gate_mpsl: gate: acq=938 in_grant=933/933 placed=939 granted=938 blocked=0 cancel=0 eagain=6 near=0 long=0 ext=87/0 dead=0 | den pend=0 anch=0 dist=0 degen=0 nosess=0 owed=0 | sent grant=1 dead=0 blk=0 supp=936 | end=938 (norm=935 rel=3 idle=0 late=0) | bad over=0 inval=0 unk=0 inl=0 | len=4938/4938 el=10000 skew=0 brun=0 sig=7 g=0 hw=0 p=1 rel=1 end=1 boot=0 anchor=1 owes=1[0m
[00:30:34.558,681] [0m<inf> radiant_api: SWEEP set=1 steer=0 dwell=0/260000 adv=1 sweeps=0 win=1 ok=2 searching=0 carrier=255 | chunks=1 preempt=0 missed=0 ebusy=0 rej=0 | pumps=5942 hk=5941 | scan_us=94200/1 track_us=196678/940 | end ok=0 abrt=0 miss=0 fail=0 deny=1 replan=0[0m
[00:30:34.756,388] [0m<inf> radiant_gate_mpsl: hi: acq=941 den=0 resv=0 pend=941 blk=0 grant=940[0m
[1;31m--- 3 messages dropped ---
[0m[00:30:34.756,484] [0m<inf> radiant_gate_mpsl: gate: acq=942 in_grant=937/937 placed=943 granted=942 blocked=0 cancel=0 eagain=6 near=0 long=0 ext=87/0 dead=0 | den pend=0 anch=0 dist=0 degen=0 nosess=0 owed=0 | sent grant=1 dead=0 blk=0 supp=940 | end=942 (norm=939 rel=3 idle=0 late=0) | bad over=0 inval=0 unk=0 inl=0 | len=4888/4888 el=10000 skew=0 brun=0 sig=7 g=0 hw=0 p=1 rel=0 end=1 boot=0 anchor=1 owes=1[0m
[00:30:35.607,630] [0m<inf> radiant_api: SWEEP set=1 steer=0 dwell=0/260000 adv=1 sweeps=0 win=1 ok=2 searching=0 carrier=255 | chunks=1 preempt=0 missed=0 ebusy=0 rej=0 | pumps=5967 hk=5966 | scan_us=94200/1 track_us=197494/944 | end ok=0 abrt=0 miss=0 fail=0 deny=1 replan=0[0m
[00:30:35.756,563] [0m<inf> radiant_gate_mpsl: hi: acq=945 den=0 resv=0 pend=945 blk=0 grant=944[0m
[00:30:35.756,575] [0m<inf> radiant_gate_mpsl: seam: grant=945 nostage=0 prog=945/0 | sigrad=1887 sigt0=1029 isr=1887 end=943 dis=3 term=4 | ramp=945/1 state=0 ev=0x13 rxen saved=0x80000016 cont=0x13f a=0x80000016 p=0x80000016 e=0x80000016 inten=0x00000140[0m
[00:30:35.756,585] [0m<inf> radiant_gate_mpsl: sw: n=944 wipe=0 ramp=944 wipe+ramp=0 rx=941 wipe+rx=0 | started=944 early=0/0us last=2635us | open lead=231us max=233us late=0 glen=4888 cc0=2888[0m
[00:30:35.756,642] [0m<inf> radiant_gate_mpsl: hiend: timer0=941 rel=3 | lasted=2889us max=3486us | dur=2866us max=3463us short=3 | t0arm=31us stale=0[0m
[00:30:35.756,669] [0m<inf> radiant_gate_mpsl: gate: acq=946 in_grant=941/941 placed=947 granted=946 blocked=0 cancel=0 eagain=6 near=0 long=0 ext=87/0 dead=0 | den pend=0 anch=0 dist=0 degen=0 nosess=0 owed=0 | sent grant=1 dead=0 blk=0 supp=944 | end=946 (norm=943 rel=3 idle=0 late=0) | bad over=0 inval=0 unk=0 inl=0 | len=4888/4888 el=10000 skew=0 brun=0 sig=7 g=0 hw=0 p=1 rel=0 end=1 boot=0 anchor=1 owes=1[0m
[00:30:36.655,508] [0m<inf> radiant_api: SWEEP set=1 steer=0 dwell=0/260000 adv=1 sweeps=0 win=1 ok=2 searching=0 carrier=255 | chunks=1 preempt=0 missed=0 ebusy=0 rej=0 | pumps=5992 hk=5991 | scan_us=94200/1 track_us=198514/949 | end ok=0 abrt=0 miss=0 fail=0 deny=1 replan=0[0m
[00:30:36.756,774] [0m<inf> radiant_gate_mpsl: hi: acq=949 den=0 resv=0 pend=949 blk=0 grant=948[0m
[00:30:36.756,785] [0m<inf> radiant_gate_mpsl: seam: grant=949 nostage=0 prog=949/0 | sigrad=1895 sigt0=1033 isr=1895 end=947 dis=3 term=4 | ramp=949/1 state=0 ev=0x13 rxen saved=0x80000016 cont=0x13f a=0x80000016 p=0x80000016 e=0x80000016 inten=0x00000140[0m
[00:30:36.756,803] [0m<inf> radiant_gate_mpsl: sw: n=948 wipe=0 ramp=948 wipe+ramp=0 rx=945 wipe+rx=0 | started=948 early=0/0us last=2635us | open lead=231us max=233us late=0 glen=4888 cc0=2888[0m
[00:30:36.756,845] [0m<inf> radiant_gate_mpsl: hiend: timer0=945 rel=3 | lasted=2890us max=3486us | dur=2867us max=3463us short=3 | t0arm=31us stale=0[0m
[00:30:36.756,864] [0m<inf> radiant_gate_mpsl: gate: acq=950 in_grant=945/945 placed=951 granted=950 blocked=0 cancel=0 eagain=6 near=0 long=0 ext=87/0 dead=0 | den pend=0 anch=0 dist=0 degen=0 nosess=0 owed=0 | sent grant=1 dead=0 blk=0 supp=948 | end=950 (norm=947 rel=3 idle=0 late=0) | bad over=0 inval=0 unk=0 inl=0 | len=4888/4888 el=10000 skew=0 brun=0 sig=7 g=0 hw=0 p=1 rel=0 end=1 boot=0 anchor=1 owes=1[0m
[00:30:37.704,445] [0m<inf> radiant_api: SWEEP set=1 steer=0 dwell=0/260000 adv=1 sweeps=0 win=1 ok=2 searching=0 carrier=255 | chunks=1 preempt=0 missed=0 ebusy=0 rej=0 | pumps=6018 hk=6017 | scan_us=94200/1 track_us=199330/953 | end ok=0 abrt=0 miss=0 fail=0 deny=1 replan=0[0m
[00:30:37.756,946] [0m<inf> radiant_gate_mpsl: hi: acq=953 den=0 resv=0 pend=953 blk=0 grant=952[0m
[00:30:37.756,958] [0m<inf> radiant_gate_mpsl: seam: grant=953 nostage=0 prog=953/0 | sigrad=1903 sigt0=1037 isr=1903 end=951 dis=3 term=4 | ramp=953/1 state=0 ev=0x13 rxen saved=0x80000016 cont=0x13f a=0x80000016 p=0x80000016 e=0x80000016 inten=0x00000140[0m
[00:30:37.756,969] [0m<inf> radiant_gate_mpsl: sw: n=952 wipe=0 ramp=952 wipe+ramp=0 rx=949 wipe+rx=0 | started=952 early=0/0us last=2635us | open lead=231us max=233us late=0 glen=4888 cc0=2888[0m
[00:30:37.757,007] [0m<inf> radiant_gate_mpsl: hiend: timer0=949 rel=3 | lasted=2890us max=3486us | dur=2866us max=3463us short=3 | t0arm=31us stale=0[0m
[00:30:37.757,036] [0m<inf> radiant_gate_mpsl: gate: acq=954 in_grant=949/949 placed=955 granted=954 blocked=0 cancel=0 eagain=6 near=0 long=0 ext=87/0 dead=0 | den pend=0 anch=0 dist=0 degen=0 nosess=0 owed=0 | sent grant=1 dead=0 blk=0 supp=952 | end=954 (norm=951 rel=3 idle=0 late=0) | bad over=0 inval=0 unk=0 inl=0 | len=4888/4888 el=10000 skew=0 brun=0 sig=7 g=0 hw=0 p=1 rel=0 end=1 boot=0 anchor=1 owes=1[0m
[00:30:38.753,413] [0m<inf> radiant_api: SWEEP set=1 steer=0 dwell=0/260000 adv=1 sweeps=0 win=1 ok=2 searching=0 carrier=255 | chunks=1 preempt=0 missed=0 ebusy=0 rej=0 | pumps=6043 hk=6042 | scan_us=94200/1 track_us=200146/957 | end ok=0 abrt=0 miss=0 fail=0 deny=1 replan=0[0m
[1;31m--- 4 messages dropped ---
[0m[00:30:38.757,186] [0m<inf> radiant_gate_mpsl: gate: acq=958 in_grant=953/953 placed=959 granted=958 blocked=0 cancel=0 eagain=7 near=0 long=0 ext=87/0 dead=0 | den pend=0 anch=0 dist=0 degen=0 nosess=0 owed=0 | sent grant=1 dead=0 blk=0 supp=956 | end=958 (norm=955 rel=3 idle=0 late=0) | bad over=0 inval=0 unk=0 inl=0 | len=4888/4888 el=10000 skew=0 brun=0 sig=7 g=0 hw=0 p=1 rel=0 end=1 boot=0 anchor=1 owes=1[0m
[00:30:39.757,251] [0m<inf> radiant_gate_mpsl: hi: acq=961 den=0 resv=0 pend=961 blk=0 grant=960[0m
[00:30:39.757,262] [0m<inf> radiant_gate_mpsl: seam: grant=961 nostage=0 prog=961/0 | sigrad=1919 sigt0=1045 isr=1919 end=959 dis=3 term=4 | ramp=961/1 state=0 ev=0x13 rxen saved=0x80000016 cont=0x13f a=0x80000016 p=0x80000016 e=0x80000016 inten=0x00000140[0m
[00:30:39.757,284] [0m<inf> radiant_gate_mpsl: sw: n=960 wipe=0 ramp=960 wipe+ramp=0 rx=957 wipe+rx=0 | started=960 early=0/0us last=2635us | open lead=231us max=233us late=0 glen=4888 cc0=2888[0m
[00:30:39.757,335] [0m<inf> radiant_gate_mpsl: hiend: timer0=957 rel=3 | lasted=2890us max=3486us | dur=2867us max=3463us short=3 | t0arm=31us stale=0[0m
[00:30:39.757,361] [0m<inf> radiant_gate_mpsl: gate: acq=962 in_grant=957/957 placed=963 granted=962 blocked=0 cancel=0 eagain=7 near=0 long=0 ext=87/0 dead=0 | den pend=0 anch=0 dist=0 degen=0 nosess=0 owed=0 | sent grant=1 dead=0 blk=0 supp=960 | end=962 (norm=959 rel=3 idle=0 late=0) | bad over=0 inval=0 unk=0 inl=0 | len=4888/4888 el=10000 skew=0 brun=0 sig=7 g=0 hw=0 p=1 rel=0 end=1 boot=0 anchor=1 owes=1[0m
[00:30:39.802,320] [0m<inf> radiant_api: SWEEP set=1 steer=0 dwell=0/260000 adv=1 sweeps=0 win=1 ok=2 searching=0 carrier=255 | chunks=1 preempt=0 missed=0 ebusy=0 rej=0 | pumps=6068 hk=6067 | scan_us=94200/1 track_us=200962/961 | end ok=0 abrt=0 miss=0 fail=0 deny=1 replan=0[0m
[00:30:40.757,439] [0m<inf> radiant_gate_mpsl: hi: acq=963 den=0 resv=0 pend=963 blk=0 grant=963[0m
[1;31m--- 3 messages dropped ---
[0m[00:30:40.757,534] [0m<inf> radiant_gate_mpsl: gate: acq=964 in_grant=959/959 placed=965 granted=965 blocked=0 cancel=0 eagain=7 near=0 long=0 ext=87/0 dead=0 | den pend=0 anch=0 dist=0 degen=0 nosess=0 owed=0 | sent grant=2 dead=0 blk=0 supp=962 | end=965 (norm=961 rel=4 idle=0 late=0) | bad over=0 inval=0 unk=0 inl=0 | len=4888/4888 el=10000 skew=0 brun=0 sig=7 g=0 hw=0 p=0 rel=1 end=1 boot=0 anchor=1 owes=0[0m
[00:30:40.804,032] [0m<inf> radiant_api: SWEEP set=1 steer=0 dwell=0/260000 adv=1 sweeps=0 win=1 ok=2 searching=0 carrier=255 | chunks=1 preempt=0 missed=0 ebusy=0 rej=0 | pumps=6092 hk=6090 | scan_us=94200/1 track_us=201370/963 | end ok=0 abrt=0 miss=0 fail=0 deny=1 replan=0[0m
[00:30:41.757,604] [0m<inf> radiant_gate_mpsl: hi: acq=963 den=0 resv=0 pend=963 blk=0 grant=963[0m
[00:30:41.757,615] [0m<inf> radiant_gate_mpsl: seam: grant=964 nostage=1 prog=963/0 | sigrad=1923 sigt0=1047 isr=1923 end=961 dis=3 term=5 | ramp=964/1 state=0 ev=0x13 rxen saved=0x80000016 cont=0x13f a=0x80000016 p=0x80000016 e=0x00000000 inten=0x00000000[0m
[00:30:41.757,625] [0m<inf> radiant_gate_mpsl: sw: n=962 wipe=0 ramp=962 wipe+ramp=0 rx=959 wipe+rx=0 | started=962 early=0/0us last=2634us | open lead=232us max=233us late=0 glen=4888 cc0=2888[0m
[00:30:41.757,672] [0m<inf> radiant_gate_mpsl: hiend: timer0=959 rel=4 | lasted=5us max=3486us | dur=2867us max=3463us short=3 | t0arm=31us stale=0[0m
[00:30:41.757,708] [0m<inf> radiant_gate_mpsl: gate: acq=964 in_grant=959/959 placed=965 granted=965 blocked=0 cancel=0 eagain=7 near=0 long=0 ext=87/0 dead=0 | den pend=0 anch=0 dist=0 degen=0 nosess=0 owed=0 | sent grant=2 dead=0 blk=0 supp=962 | end=965 (norm=961 rel=4 idle=0 late=0) | bad over=0 inval=0 unk=0 inl=0 | len=4888/4888 el=10000 skew=0 brun=0 sig=7 g=0 hw=0 p=0 rel=1 end=1 boot=0 anchor=1 owes=0[0m
[00:30:41.806,831] [0m<inf> radiant_api: SWEEP set=1 steer=0 dwell=0/260000 adv=1 sweeps=0 win=1 ok=2 searching=0 carrier=255 | chunks=1 preempt=0 missed=0 ebusy=0 rej=0 | pumps=6112 hk=6110 | scan_us=94200/1 track_us=201370/963 | end ok=0 abrt=0 miss=0 fail=0 deny=1 replan=0[0m
[00:30:42.757,785] [0m<inf> radiant_gate_mpsl: hi: acq=963 den=0 resv=0 pend=963 blk=0 grant=963[0m
[1;31m--- 4 messages dropped ---
[0m[00:30:42.809,622] [0m<inf> radiant_api: SWEEP set=1 steer=0 dwell=0/260000 adv=1 sweeps=0 win=1 ok=2 searching=0 carrier=255 | chunks=1 preempt=0 missed=0 ebusy=0 rej=0 | pumps=6132 hk=6130 | scan_us=94200/1 track_us=201370/963 | end ok=0 abrt=0 miss=0 fail=0 deny=1 replan=0[0m
[00:30:43.757,933] [0m<inf> radiant_gate_mpsl: hi: acq=963 den=0 resv=0 pend=963 blk=0 grant=963[0m
[00:30:43.757,944] [0m<inf> radiant_gate_mpsl: seam: grant=964 nostage=1 prog=963/0 | sigrad=1923 sigt0=1047 isr=1923 end=961 dis=3 term=5 | ramp=964/1 state=0 ev=0x13 rxen saved=0x80000016 cont=0x13f a=0x80000016 p=0x80000016 e=0x00000000 inten=0x00000000[0m
[00:30:43.757,954] [0m<inf> radiant_gate_mpsl: sw: n=962 wipe=0 ramp=962 wipe+ramp=0 rx=959 wipe+rx=0 | started=962 early=0/0us last=2634us | open lead=232us max=233us late=0 glen=4888 cc0=2888[0m
[00:30:43.758,010] [0m<inf> radiant_gate_mpsl: hiend: timer0=959 rel=4 | lasted=5us max=3486us | dur=2867us max=3463us short=3 | t0arm=31us stale=0[0m
[00:30:43.758,041] [0m<inf> radiant_gate_mpsl: gate: acq=964 in_grant=959/959 placed=965 granted=965 blocked=0 cancel=0 eagain=7 near=0 long=0 ext=87/0 dead=0 | den pend=0 anch=0 dist=0 degen=0 nosess=0 owed=0 | sent grant=2 dead=0 blk=0 supp=962 | end=965 (norm=961 rel=4 idle=0 late=0) | bad over=0 inval=0 unk=0 inl=0 | len=4888/4888 el=10000 skew=0 brun=0 sig=7 g=0 hw=0 p=0 rel=1 end=1 boot=0 anchor=1 owes=0[0m
[00:30:43.812,461] [0m<inf> radiant_api: SWEEP set=1 steer=0 dwell=0/260000 adv=1 sweeps=0 win=1 ok=2 searching=0 carrier=255 | chunks=1 preempt=0 missed=0 ebusy=0 rej=0 | pumps=6152 hk=6150 | scan_us=94200/1 track_us=201370/963 | end ok=0 abrt=0 miss=0 fail=0 deny=1 replan=0[0m
[00:30:44.758,096] [0m<inf> radiant_gate_mpsl: hi: acq=963 den=0 resv=0 pend=963 blk=0 grant=963[0m
[1;31m--- 4 messages dropped ---
[0m[00:30:44.815,211] [0m<inf> radiant_api: SWEEP set=1 steer=0 dwell=0/260000 adv=1 sweeps=0 win=1 ok=2 searching=0 carrier=255 | chunks=1 preempt=0 missed=0 ebusy=0 rej=0 | pumps=6172 hk=6170 | scan_us=94200/1 track_us=201370/963 | end ok=0 abrt=0 miss=0 fail=0 deny=1 replan=0[0m
[00:30:45.758,242] [0m<inf> radiant_gate_mpsl: hi: acq=963 den=0 resv=0 pend=963 blk=0 grant=963[0m
[00:30:45.758,253] [0m<inf> radiant_gate_mpsl: seam: grant=964 nostage=1 prog=963/0 | sigrad=1923 sigt0=1047 isr=1923 end=961 dis=3 term=5 | ramp=964/1 state=0 ev=0x13 rxen saved=0x80000016 cont=0x13f a=0x80000016 p=0x80000016 e=0x00000000 inten=0x00000000[0m
[00:30:45.758,263] [0m<inf> radiant_gate_mpsl: sw: n=962 wipe=0 ramp=962 wipe+ramp=0 rx=959 wipe+rx=0 | started=962 early=0/0us last=2634us | open lead=232us max=233us late=0 glen=4888 cc0=2888[0m
[00:30:45.758,301] [0m<inf> radiant_gate_mpsl: hiend: timer0=959 rel=4 | lasted=5us max=3486us | dur=2867us max=3463us short=3 | t0arm=31us stale=0[0m
[00:30:45.758,352] [0m<inf> radiant_gate_mpsl: gate: acq=964 in_grant=959/959 placed=965 granted=965 blocked=0 cancel=0 eagain=7 near=0 long=0 ext=87/0 dead=0 | den pend=0 anch=0 dist=0 degen=0 nosess=0 owed=0 | sent grant=2 dead=0 blk=0 supp=962 | end=965 (norm=961 rel=4 idle=0 late=0) | bad over=0 inval=0 unk=0 inl=0 | len=4888/4888 el=10000 skew=0 brun=0 sig=7 g=0 hw=0 p=0 rel=1 end=1 boot=0 anchor=1 owes=0[0m
[00:30:45.817,984] [0m<inf> radiant_api: SWEEP set=1 steer=0 dwell=0/260000 adv=1 sweeps=0 win=1 ok=2 searching=0 carrier=255 | chunks=1 preempt=0 missed=0 ebusy=0 rej=0 | pumps=6192 hk=6190 | scan_us=94200/1 track_us=201370/963 | end ok=0 abrt=0 miss=0 fail=0 deny=1 replan=0[0m

