[00:20:49.018,427] [0m<inf> thread_coex: thread load: role=2 sent=2500 failed=0 interval=100ms payload=64B[0m
[00:20:49.018,4[00:21:33.344,043] [0m<inf> radiant_gate_mpsl: hi: acq=0 den=0 resv=0 pend=0 blk=0 grant=0[0m
[00:21:33.344,059] [0m<inf> radiant_gate_mpsl: seam: grant=0 nostage=0 prog=0/0 | sigrad=0 sigt0=0 isr=0 end=0 dis=0 term=0 | ramp=0/1 state=0 ev=0x00 rxen saved=0x00000000 cont=0x000 a=0x00000000 p=0x00000000 e=0x00000000 inten=0x00000000[0m
[00:21:33.344,068] [0m<inf> radiant_gate_mpsl: sw: n=0 wipe=0 ramp=0 wipe+ramp=0 rx=0 wipe+rx=0 | started=0 early=0/0us last=0us | open lead=0us max=0us late=0 glen=0 cc0=0[0m
[00:21:33.344,086] [0m<inf> radiant_gate_mpsl: hiend: | lasted=0us max=0us | dur=0us max=0us short=0 | t0arm=0us stale=0[0m
[00:21:33.344,105] [0m<inf> radiant_gate_mpsl: gate: acq=0 in_grant=0/0 placed=1 granted=1 blocked=0 cancel=0 eagain=0 near=0 long=0 ext=0/0 dead=0 | den pend=0 anch=0 dist=0 degen=0 nosess=0 owed=0 | sent grant=0 dead=0 blk=0 supp=0 | end=1 (norm=1 rel=0 idle=0 late=0) | bad over=0 inval=0 unk=0 inl=0 | len=100/100 el=10000 skew=0 brun=0 sig=7 g=0 hw=0 p=0 rel=0 end=1 boot=0 anchor=1 owes=0[0m
[00:21:33.359,855] [0m<inf> radiant_api: SWEEP set=0 steer=0 dwell=0/260000 adv=0 sweeps=0 win=0 ok=0 searching=0 carrier=255 | chunks=0 preempt=0 missed=0 ebusy=0 rej=0 | pumps=100 hk=100 | scan_us=0/0 track_us=0/0 | end ok=0 abrt=0 miss=0 fail=0 deny=0 replan=0[0m
[00:21:34.344,186] [0m<inf> radiant_gate_mpsl: hi: acq=0 den=0 resv=0 pend=0 blk=0 grant=0[0m
[00:21:34.344,197] [0m<inf> radiant_gate_mpsl: seam: grant=0 nostage=0 prog=0/0 | sigrad=0 sigt0=0 isr=0 end=0 dis=0 term=0 | ramp=0/1 state=0 ev=0x00 rxen saved=0x00000000 cont=0x000 a=0x00000000 p=0x00000000 e=0x00000000 inten=0x00000000[0m
[00:21:34.344,206] [0m<inf> radiant_gate_mpsl: sw: n=0 wipe=0 ramp=0 wipe+ramp=0 rx=0 wipe+rx=0 | started=0 early=0/0us last=0us | open lead=0us max=0us late=0 glen=0 cc0=0[0m
[00:21:34.344,224] [0m<inf> radiant_gate_mpsl: hiend: | lasted=0us max=0us | dur=0us max=0us short=0 | t0arm=0us stale=0[0m
[00:21:34.344,245] [0m<inf> radiant_gate_mpsl: gate: acq=0 in_grant=0/0 placed=1 granted=1 blocked=0 cancel=0 eagain=0 near=0 long=0 ext=0/0 dead=0 | den pend=0 anch=0 dist=0 degen=0 nosess=0 owed=0 | sent grant=0 dead=0 blk=0 supp=0 | end=1 (norm=1 rel=0 idle=0 late=0) | bad over=0 inval=0 unk=0 inl=0 | len=100/100 el=10000 skew=0 brun=0 sig=7 g=0 hw=0 p=0 rel=0 end=1 boot=0 anchor=1 owes=0[0m
[00:21:34.362,783] [0m<inf> radiant_api: SWEEP set=0 steer=0 dwell=0/260000 adv=0 sweeps=0 win=0 ok=0 searching=0 carrier=255 | chunks=0 preempt=0 missed=0 ebusy=0 rej=0 | pumps=120 hk=120 | scan_us=0/0 track_us=0/0 | end ok=0 abrt=0 miss=0 fail=0 deny=0 replan=0[0m
[00:21:35.344,307] [0m<inf> radiant_gate_mpsl: hi: acq=0 den=0 resv=0 pend=0 blk=0 grant=0[0m
[00:21:35.344,323] [0m<inf> radiant_gate_mpsl: seam: grant=0 nostage=0 prog=0/0 | sigrad=0 sigt0=0 isr=0 end=0 dis=0 term=0 | ramp=0/1 state=0 ev=0x00 rxen saved=0x00000000 cont=0x000 a=0x00000000 p=0x00000000 e=0x00000000 inten=0x00000000[0m
[00:21:35.344,332] [0m<inf> radiant_gate_mpsl: sw: n=0 wipe=0 ramp=0 wipe+ramp=0 rx=0 wipe+rx=0 | started=0 early=0/0us last=0us | open lead=0us max=0us late=0 glen=0 cc0=0[0m
[00:21:35.344,350] [0m<inf> radiant_gate_mpsl: hiend: | lasted=0us max=0us | dur=0us max=0us short=0 | t0arm=0us stale=0[0m
[00:21:35.344,369] [0m<inf> radiant_gate_mpsl: gate: acq=0 in_grant=0/0 placed=1 granted=1 blocked=0 cancel=0 eagain=0 near=0 long=0 ext=0/0 dead=0 | den pend=0 anch=0 dist=0 degen=0 nosess=0 owed=0 | sent grant=0 dead=0 blk=0 supp=0 | end=1 (norm=1 rel=0 idle=0 late=0) | bad over=0 inval=0 unk=0 inl=0 | len=100/100 el=10000 skew=0 brun=0 sig=7 g=0 hw=0 p=0 rel=0 end=1 boot=0 anchor=1 owes=0[0m
[00:21:35.365,591] [0m<inf> radiant_api: SWEEP set=0 steer=0 dwell=0/260000 adv=0 sweeps=0 win=0 ok=0 searching=0 carrier=255 | chunks=0 preempt=0 missed=0 ebusy=0 rej=0 | pumps=140 hk=140 | scan_us=0/0 track_us=0/0 | end ok=0 abrt=0 miss=0 fail=0 deny=0 replan=0[0m
[00:21:36.344,416] [0m<inf> radiant_gate_mpsl: hi: acq=0 den=0 resv=0 pend=0 blk=0 grant=0[0m
[00:21:36.344,427] [0m<inf> radiant_gate_mpsl: seam: grant=0 nostage=0 prog=0/0 | sigrad=0 sigt0=0 isr=0 end=0 dis=0 term=0 | ramp=0/1 state=0 ev=0x00 rxen saved=0x00000000 cont=0x000 a=0x00000000 p=0x00000000 e=0x00000000 inten=0x00000000[0m
[00:21:36.344,436] [0m<inf> radiant_gate_mpsl: sw: n=0 wipe=0 ramp=0 wipe+ramp=0 rx=0 wipe+rx=0 | started=0 early=0/0us last=0us | open lead=0us max=0us late=0 glen=0 cc0=0[0m
[00:21:36.344,454] [0m<inf> radiant_gate_mpsl: hiend: | lasted=0us max=0us | dur=0us max=0us short=0 | t0arm=0us stale=0[0m
[00:21:36.344,475] [0m<inf> radiant_gate_mpsl: gate: acq=0 in_grant=0/0 placed=1 granted=1 blocked=0 cancel=0 eagain=0 near=0 long=0 ext=0/0 dead=0 | den pend=0 anch=0 dist=0 degen=0 nosess=0 owed=0 | sent grant=0 dead=0 blk=0 supp=0 | end=1 (norm=1 rel=0 idle=0 late=0) | bad over=0 inval=0 unk=0 inl=0 | len=100/100 el=10000 skew=0 brun=0 sig=7 g=0 hw=0 p=0 rel=0 end=1 boot=0 anchor=1 owes=0[0m
[00:21:36.368,487] [0m<inf> radiant_api: SWEEP set=0 steer=0 dwell=0/260000 adv=0 sweeps=0 win=0 ok=0 searching=0 carrier=255 | chunks=0 preempt=0 missed=0 ebusy=0 rej=0 | pumps=160 hk=160 | scan_us=0/0 track_us=0/0 | end ok=0 abrt=0 miss=0 fail=0 deny=0 replan=0[0m
[00:21:37.344,546] [0m<inf> radiant_gate_mpsl: hi: acq=0 den=0 resv=0 pend=0 blk=0 grant=0[0m
[00:21:37.344,562] [0m<inf> radiant_gate_mpsl: seam: grant=0 nostage=0 prog=0/0 | sigrad=0 sigt0=0 isr=0 end=0 dis=0 term=0 | ramp=0/1 state=0 ev=0x00 rxen saved=0x00000000 cont=0x000 a=0x00000000 p=0x00000000 e=0x00000000 inten=0x00000000[0m
[00:21:37.344,571] [0m<inf> radiant_gate_mpsl: sw: n=0 wipe=0 ramp=0 wipe+ramp=0 rx=0 wipe+rx=0 | started=0 early=0/0us last=0us | open lead=0us max=0us late=0 glen=0 cc0=0[0m
[00:21:37.344,589] [0m<inf> radiant_gate_mpsl: hiend: | lasted=0us max=0us | dur=0us max=0us short=0 | t0arm=0us stale=0[0m
[00:21:37.344,608] [0m<inf> radiant_gate_mpsl: gate: acq=0 in_grant=0/0 placed=1 granted=1 blocked=0 cancel=0 eagain=0 near=0 long=0 ext=0/0 dead=0 | den pend=0 anch=0 dist=0 degen=0 nosess=0 owed=0 | sent grant=0 dead=0 blk=0 supp=0 | end=1 (norm=1 rel=0 idle=0 late=0) | bad over=0 inval=0 unk=0 inl=0 | len=100/100 el=10000 skew=0 brun=0 sig=7 g=0 hw=0 p=0 rel=0 end=1 boot=0 anchor=1 owes=0[0m
[00:21:37.371,366] [0m<inf> radiant_api: SWEEP set=0 steer=0 dwell=0/260000 adv=0 sweeps=0 win=0 ok=0 searching=0 carrier=255 | chunks=0 preempt=0 missed=0 ebusy=0 rej=0 | pumps=180 hk=180 | scan_us=0/0 track_us=0/0 | end ok=0 abrt=0 miss=0 fail=0 deny=0 replan=0[0m
[00:21:38.344,687] [0m<inf> radiant_gate_mpsl: hi: acq=0 den=0 resv=0 pend=0 blk=0 grant=0[0m
[00:21:38.344,698] [0m<inf> radiant_gate_mpsl: seam: grant=0 nostage=0 prog=0/0 | sigrad=0 sigt0=0 isr=0 end=0 dis=0 term=0 | ramp=0/1 state=0 ev=0x00 rxen saved=0x00000000 cont=0x000 a=0x00000000 p=0x00000000 e=0x00000000 inten=0x00000000[0m
[00:21:38.344,707] [0m<inf> radiant_gate_mpsl: sw: n=0 wipe=0 ramp=0 wipe+ramp=0 rx=0 wipe+rx=0 | started=0 early=0/0us last=0us | open lead=0us max=0us late=0 glen=0 cc0=0[0m
[00:21:38.344,725] [0m<inf> radiant_gate_mpsl: hiend: | lasted=0us max=0us | dur=0us max=0us short=0 | t0arm=0us stale=0[0m
[00:21:38.344,746] [0m<inf> radiant_gate_mpsl: gate: acq=0 in_grant=0/0 placed=1 granted=1 blocked=0 cancel=0 eagain=0 near=0 long=0 ext=0/0 dead=0 | den pend=0 anch=0 dist=0 degen=0 nosess=0 owed=0 | sent grant=0 dead=0 blk=0 supp=0 | end=1 (norm=1 rel=0 idle=0 late=0) | bad over=0 inval=0 unk=0 inl=0 | len=100/100 el=10000 skew=0 brun=0 sig=7 g=0 hw=0 p=0 rel=0 end=1 boot=0 anchor=1 owes=0[0m
[00:21:38.374,262] [0m<inf> radiant_api: SWEEP set=0 steer=0 dwell=0/260000 adv=0 sweeps=0 win=0 ok=0 searching=0 carrier=255 | chunks=0 preempt=0 missed=0 ebusy=0 rej=0 | pumps=200 hk=200 | scan_us=0/0 track_us=0/0 | end ok=0 abrt=0 miss=0 fail=0 deny=0 replan=0[0m
[00:21:39.344,811] [0m<inf> radiant_gate_mpsl: hi: acq=0 den=0 resv=0 pend=0 blk=0 grant=0[0m
[00:21:39.344,827] [0m<inf> radiant_gate_mpsl: seam: grant=0 nostage=0 prog=0/0 | sigrad=0 sigt0=0 isr=0 end=0 dis=0 term=0 | ramp=0/1 state=0 ev=0x00 rxen saved=0x00000000 cont=0x000 a=0x00000000 p=0x00000000 e=0x00000000 inten=0x00000000[0m
[00:21:39.344,836] [0m<inf> radiant_gate_mpsl: sw: n=0 wipe=0 ramp=0 wipe+ramp=0 rx=0 wipe+rx=0 | started=0 early=0/0us last=0us | open lead=0us max=0us late=0 glen=0 cc0=0[0m
[00:21:39.344,854] [0m<inf> radiant_gate_mpsl: hiend: | lasted=0us max=0us | dur=0us max=0us short=0 | t0arm=0us stale=0[0m
[00:21:39.344,873] [0m<inf> radiant_gate_mpsl: gate: acq=0 in_grant=0/0 placed=1 granted=1 blocked=0 cancel=0 eagain=0 near=0 long=0 ext=0/0 dead=0 | den pend=0 anch=0 dist=0 degen=0 nosess=0 owed=0 | sent grant=0 dead=0 blk=0 supp=0 | end=1 (norm=1 rel=0 idle=0 late=0) | bad over=0 inval=0 unk=0 inl=0 | len=100/100 el=10000 skew=0 brun=0 sig=7 g=0 hw=0 p=0 rel=0 end=1 boot=0 anchor=1 owes=0[0m
[00:21:39.377,199] [0m<inf> radiant_api: SWEEP set=0 steer=0 dwell=0/260000 adv=0 sweeps=0 win=0 ok=0 searching=0 carrier=255 | chunks=0 preempt=0 missed=0 ebusy=0 rej=0 | pumps=220 hk=220 | scan_us=0/0 track_us=0/0 | end ok=0 abrt=0 miss=0 fail=0 deny=0 replan=0[0m
[00:21:40.344,950] [0m<inf> radiant_gate_mpsl: hi: acq=0 den=0 resv=0 pend=0 blk=0 grant=0[0m
[00:21:40.344,961] [0m<inf> radiant_gate_mpsl: seam: grant=0 nostage=0 prog=0/0 | sigrad=0 sigt0=0 isr=0 end=0 dis=0 term=0 | ramp=0/1 state=0 ev=0x00 rxen saved=0x00000000 cont=0x000 a=0x00000000 p=0x00000000 e=0x00000000 inten=0x00000000[0m
[00:21:40.344,972] [0m<inf> radiant_gate_mpsl: sw: n=0 wipe=0 ramp=0 wipe+ramp=0 rx=0 wipe+rx=0 | started=0 early=0/0us last=0us | open lead=0us max=0us late=0 glen=0 cc0=0[0m
[00:21:40.344,990] [0m<inf> radiant_gate_mpsl: hiend: | lasted=0us max=0us | dur=0us max=0us short=0 | t0arm=0us stale=0[0m
[00:21:40.345,011] [0m<inf> radiant_gate_mpsl: gate: acq=0 in_grant=0/0 placed=1 granted=1 blocked=0 cancel=0 eagain=0 near=0 long=0 ext=0/0 dead=0 | den pend=0 anch=0 dist=0 degen=0 nosess=0 owed=0 | sent grant=0 dead=0 blk=0 supp=0 | end=1 (norm=1 rel=0 idle=0 late=0) | bad over=0 inval=0 unk=0 inl=0 | len=100/100 el=10000 skew=0 brun=0 sig=7 g=0 hw=0 p=0 rel=0 end=1 boot=0 anchor=1 owes=0[0m
[00:21:40.345,206] [0m<inf> thread_coex: thread role -> child[0m
[00:21:40.380,085] [0m<inf> radiant_api: SWEEP set=0 steer=0 dwell=0/260000 adv=0 sweeps=0 win=0 ok=0 searching=0 carrier=255 | chunks=0 preempt=0 missed=0 ebusy=0 rej=0 | pumps=240 hk=240 | scan_us=0/0 track_us=0/0 | end ok=0 abrt=0 miss=0 fail=0 deny=0 replan=0[0m
[00:21:41.345,077] [0m<inf> radiant_gate_mpsl: hi: acq=0 den=0 resv=0 pend=0 blk=0 grant=0[0m
[00:21:41.345,093] [0m<inf> radiant_gate_mpsl: seam: grant=0 nostage=0 prog=0/0 | sigrad=0 sigt0=0 isr=0 end=0 dis=0 term=0 | ramp=0/1 state=0 ev=0x00 rxen saved=0x00000000 cont=0x000 a=0x00000000 p=0x00000000 e=0x00000000 inten=0x00000000[0m
[00:21:41.345,102] [0m<inf> radiant_gate_mpsl: sw: n=0 wipe=0 ramp=0 wipe+ramp=0 rx=0 wipe+rx=0 | started=0 early=0/0us last=0us | open lead=0us max=0us late=0 glen=0 cc0=0[0m
[00:21:41.345,121] [0m<inf> radiant_gate_mpsl: hiend: | lasted=0us max=0us | dur=0us max=0us short=0 | t0arm=0us stale=0[0m
[00:21:41.345,139] [0m<inf> radiant_gate_mpsl: gate: acq=0 in_grant=0/0 placed=1 granted=1 blocked=0 cancel=0 eagain=0 near=0 long=0 ext=0/0 dead=0 | den pend=0 anch=0 dist=0 degen=0 nosess=0 owed=0 | sent grant=0 dead=0 blk=0 supp=0 | end=1 (norm=1 rel=0 idle=0 late=0) | bad over=0 inval=0 unk=0 inl=0 | len=100/100 el=10000 skew=0 brun=0 sig=7 g=0 hw=0 p=0 rel=0 end=1 boot=0 anchor=1 owes=0[0m
[00:21:41.382,841] [0m<inf> radiant_api: SWEEP set=0 steer=0 dwell=0/260000 adv=0 sweeps=0 win=0 ok=0 searching=0 carrier=255 | chunks=0 preempt=0 missed=0 ebusy=0 rej=0 | pumps=260 hk=260 | scan_us=0/0 track_us=0/0 | end ok=0 abrt=0 miss=0 fail=0 deny=0 replan=0[0m
[00:21:42.345,211] [0m<inf> radiant_gate_mpsl: hi: acq=0 den=0 resv=0 pend=0 blk=0 grant=0[0m
[00:21:42.345,223] [0m<inf> radiant_gate_mpsl: seam: grant=0 nostage=0 prog=0/0 | sigrad=0 sigt0=0 isr=0 end=0 dis=0 term=0 | ramp=0/1 state=0 ev=0x00 rxen saved=0x00000000 cont=0x000 a=0x00000000 p=0x00000000 e=0x00000000 inten=0x00000000[0m
[00:21:42.345,232] [0m<inf> radiant_gate_mpsl: sw: n=0 wipe=0 ramp=0 wipe+ramp=0 rx=0 wipe+rx=0 | started=0 early=0/0us last=0us | open lead=0us max=0us late=0 glen=0 cc0=0[0m
[00:21:42.345,250] [0m<inf> radiant_gate_mpsl: hiend: | lasted=0us max=0us | dur=0us max=0us short=0 | t0arm=0us stale=0[0m
[00:21:42.345,271] [0m<inf> radiant_gate_mpsl: gate: acq=0 in_grant=0/0 placed=1 granted=1 blocked=0 cancel=0 eagain=0 near=0 long=0 ext=0/0 dead=0 | den pend=0 anch=0 dist=0 degen=0 nosess=0 owed=0 | sent grant=0 dead=0 blk=0 supp=0 | end=1 (norm=1 rel=0 idle=0 late=0) | bad over=0 inval=0 unk=0 inl=0 | len=100/100 el=10000 skew=0 brun=0 sig=7 g=0 hw=0 p=0 rel=0 end=1 boot=0 anchor=1 owes=0[0m
[00:21:42.385,751] [0m<inf> radiant_api: SWEEP set=0 steer=0 dwell=0/260000 adv=0 sweeps=0 win=0 ok=0 searching=0 carrier=255 | chunks=0 preempt=0 missed=0 ebusy=0 rej=0 | pumps=280 hk=280 | scan_us=0/0 track_us=0/0 | end ok=0 abrt=0 miss=0 fail=0 deny=0 replan=0[0m
[00:21:43.345,338] [0m<inf> radiant_gate_mpsl: hi: acq=0 den=0 resv=0 pend=0 blk=0 grant=0[0m
[00:21:43.345,354] [0m<inf> radiant_gate_mpsl: seam: grant=0 nostage=0 prog=0/0 | sigrad=0 sigt0=0 isr=0 end=0 dis=0 term=0 | ramp=0/1 state=0 ev=0x00 rxen saved=0x00000000 cont=0x000 a=0x00000000 p=0x00000000 e=0x00000000 inten=0x00000000[0m
[00:21:43.345,363] [0m<inf> radiant_gate_mpsl: sw: n=0 wipe=0 ramp=0 wipe+ramp=0 rx=0 wipe+rx=0 | started=0 early=0/0us last=0us | open lead=0us max=0us late=0 glen=0 cc0=0[0m
[00:21:43.345,381] [0m<inf> radiant_gate_mpsl: hiend: | lasted=0us max=0us | dur=0us max=0us short=0 | t0arm=0us stale=0[0m
[00:21:43.345,400] [0m<inf> radiant_gate_mpsl: gate: acq=0 in_grant=0/0 placed=1 granted=1 blocked=0 cancel=0 eagain=0 near=0 long=0 ext=0/0 dead=0 | den pend=0 anch=0 dist=0 degen=0 nosess=0 owed=0 | sent grant=0 dead=0 blk=0 supp=0 | end=1 (norm=1 rel=0 idle=0 late=0) | bad over=0 inval=0 unk=0 inl=0 | len=100/100 el=10000 skew=0 brun=0 sig=7 g=0 hw=0 p=0 rel=0 end=1 boot=0 anchor=1 owes=0[0m
[00:21:43.388,700] [0m<inf> radiant_api: SWEEP set=0 steer=0 dwell=0/260000 adv=0 sweeps=0 win=0 ok=0 searching=0 carrier=255 | chunks=0 preempt=0 missed=0 ebusy=0 rej=0 | pumps=300 hk=300 | scan_us=0/0 track_us=0/0 | end ok=0 abrt=0 miss=0 fail=0 deny=0 replan=0[0m
[00:21:44.345,459] [0m<inf> radiant_gate_mpsl: hi: acq=2 den=0 resv=0 pend=2 blk=0 grant=1[0m
[00:21:44.345,471] [0m<inf> radiant_gate_mpsl: seam: grant=5 nostage=0 prog=5/0 | sigrad=4 sigt0=203 isr=4 end=3 dis=0 term=20 | ramp=5/5 state=0 ev=0x13 rxen saved=0x80000014 cont=0x13f a=0x80000014 p=0x80000014 e=0x80000014 inten=0x00000140[0m
[00:21:44.345,480] [0m<inf> radiant_gate_mpsl: sw: n=1 wipe=0 ramp=1 wipe+ramp=0 rx=1 wipe+rx=0 | started=1 early=0/0us last=3230us | open lead=227us max=227us late=0 glen=5484 cc0=3484[0m
[00:21:44.345,509] [0m<inf> radiant_gate_mpsl: hiend: timer0=1 | lasted=3485us max=3485us | dur=3458us max=3458us short=0 | t0arm=35us stale=5[0m
[00:21:44.345,531] [0m<inf> radiant_gate_mpsl: gate: acq=29 in_grant=1/1 placed=27 granted=10 blocked=16 cancel=0 eagain=0 near=0 long=0 ext=198/4 dead=0 | den pend=3 anch=4 dist=0 degen=0 nosess=0 owed=0 | sent grant=1 dead=0 blk=16 supp=1 | end=10 (norm=10 rel=0 idle=0 late=0) | bad over=0 inval=0 unk=0 inl=16 | len=5484/5484 el=3500 skew=6055 brun=0 sig=7 g=0 hw=0 p=1 rel=0 end=1 boot=0 anchor=1 owes=1[0m
[00:21:44.423,119] [0m<inf> radiant_api: SWEEP set=1 steer=0 dwell=198687/260000 adv=1 sweeps=0 win=1 ok=2 searching=0 carrier=255 | chunks=20 preempt=0 missed=0 ebusy=0 rej=0 | pumps=325 hk=324 | scan_us=1884000/20 track_us=2400/3 | end ok=0 abrt=4 miss=0 fail=0 deny=23 replan=0[0m
[00:21:45.345,588] [0m<inf> radiant_gate_mpsl: hi: acq=6 den=0 resv=0 pend=6 blk=0 grant=5[0m
[00:21:45.345,604] [0m<inf> radiant_gate_mpsl: seam: grant=9 nostage=0 prog=9/0 | sigrad=12 sigt0=207 isr=12 end=7 dis=0 term=20 | ramp=9/5 state=0 ev=0x13 rxen saved=0x80000014 cont=0x13f a=0x80000014 p=0x80000014 e=0x80000014 inten=0x00000140[0m
[00:21:45.345,613] [0m<inf> radiant_gate_mpsl: sw: n=5 wipe=0 ramp=5 wipe+ramp=0 rx=5 wipe+rx=0 | started=5 early=0/0us last=3231us | open lead=231us max=232us late=0 glen=5484 cc0=3484[0m
[00:21:45.345,646] [0m<inf> radiant_gate_mpsl: hiend: timer0=5 | lasted=3485us max=3485us | dur=3461us max=3463us short=0 | t0arm=31us stale=9[0m
[00:21:45.345,664] [0m<inf> radiant_gate_mpsl: gate: acq=33 in_grant=5/5 placed=31 granted=14 blocked=16 cancel=0 eagain=0 near=0 long=0 ext=198/4 dead=0 | den pend=3 anch=4 dist=0 degen=0 nosess=0 owed=0 | sent grant=1 dead=0 blk=16 supp=5 | end=14 (norm=14 rel=0 idle=0 late=0) | bad over=0 inval=0 unk=0 inl=16 | len=5484/5484 el=3500 skew=6055 brun=0 sig=7 g=0 hw=0 p=1 rel=0 end=1 boot=0 anchor=1 owes=1[0m
[00:21:45.472,101] [0m<inf> radiant_api: SWEEP set=1 steer=0 dwell=198687/260000 adv=1 sweeps=0 win=1 ok=2 searching=0 carrier=255 | chunks=20 preempt=0 missed=0 ebusy=0 rej=0 | pumps=351 hk=350 | scan_us=1884000/20 track_us=5600/7 | end ok=0 abrt=4 miss=0 fail=0 deny=23 replan=0[0m
[00:21:46.345,749] [0m<inf> radiant_gate_mpsl: hi: acq=10 den=0 resv=0 pend=10 blk=0 grant=9[0m
[00:21:46.345,760] [0m<inf> radiant_gate_mpsl: seam: grant=13 nostage=0 prog=13/0 | sigrad=20 sigt0=211 isr=20 end=11 dis=0 term=20 | ramp=13/5 state=0 ev=0x13 rxen saved=0x80000014 cont=0x13f a=0x80000014 p=0x80000014 e=0x80000014 inten=0x00000140[0m
[00:21:46.345,769] [0m<inf> radiant_gate_mpsl: sw: n=9 wipe=0 ramp=9 wipe+ramp=0 rx=9 wipe+rx=0 | started=9 early=0/0us last=2635us | open lead=231us max=257us late=0 glen=4888 cc0=2888[0m
[00:21:46.345,800] [0m<inf> radiant_gate_mpsl: hiend: timer0=9 | lasted=2889us max=3485us | dur=2865us max=3463us short=0 | t0arm=32us stale=13[0m
[00:21:46.345,821] [0m<inf> radiant_gate_mpsl: gate: acq=37 in_grant=9/9 placed=35 granted=18 blocked=16 cancel=0 eagain=0 near=0 long=0 ext=198/4 dead=0 | den pend=3 anch=4 dist=0 degen=0 nosess=0 owed=0 | sent grant=1 dead=0 blk=16 supp=9 | end=18 (norm=18 rel=0 idle=0 late=0) | bad over=0 inval=0 unk=0 inl=16 | len=4888/4888 el=3500 skew=6055 brun=0 sig=7 g=0 hw=0 p=1 rel=0 end=1 boot=0 anchor=1 owes=1[0m
[00:21:46.520,727] [0m<inf> radiant_api: SWEEP set=1 steer=0 dwell=198687/260000 adv=1 sweeps=0 win=1 ok=2 searching=0 carrier=255 | chunks=20 preempt=0 missed=0 ebusy=0 rej=0 | pumps=376 hk=375 | scan_us=1884000/20 track_us=7012/11 | end ok=0 abrt=4 miss=0 fail=0 deny=23 replan=0[0m
[00:21:47.345,924] [0m<inf> radiant_gate_mpsl: hi: acq=14 den=0 resv=0 pend=14 blk=0 grant=13[0m
[00:21:47.345,940] [0m<inf> radiant_gate_mpsl: seam: grant=17 nostage=0 prog=17/0 | sigrad=28 sigt0=215 isr=28 end=15 dis=0 term=20 | ramp=17/5 state=0 ev=0x13 rxen saved=0x80000014 cont=0x13f a=0x80000014 p=0x80000014 e=0x80000014 inten=0x00000140[0m
[00:21:47.345,949] [0m<inf> radiant_gate_mpsl: sw: n=13 wipe=0 ramp=13 wipe+ramp=0 rx=13 wipe+rx=0 | started=13 early=0/0us last=2636us | open lead=230us max=257us late=0 glen=4888 cc0=2888[0m
[00:21:47.345,983] [0m<inf> radiant_gate_mpsl: hiend: timer0=13 | lasted=2889us max=3485us | dur=2865us max=3463us short=0 | t0arm=32us stale=17[0m
[00:21:47.346,001] [0m<inf> radiant_gate_mpsl: gate: acq=41 in_grant=13/13 placed=39 granted=22 blocked=16 cancel=0 eagain=0 near=0 long=0 ext=198/4 dead=0 | den pend=3 anch=4 dist=0 degen=0 nosess=0 owed=0 | sent grant=1 dead=0 blk=16 supp=13 | end=22 (norm=22 rel=0 idle=0 late=0) | bad over=0 inval=0 unk=0 inl=16 | len=4888/4888 el=3500 skew=6055 brun=0 sig=7 g=0 hw=0 p=1 rel=0 end=1 boot=0 anchor=1 owes=1[0m
[00:21:47.569,633] [0m<inf> radiant_api: SWEEP set=1 steer=0 dwell=198687/260000 adv=1 sweeps=0 win=1 ok=2 searching=0 carrier=255 | chunks=20 preempt=0 missed=0 ebusy=0 rej=0 | pumps=401 hk=400 | scan_us=1884000/20 track_us=7828/15 | end ok=0 abrt=4 miss=0 fail=0 deny=23 replan=0[0m
[00:21:48.346,056] [0m<inf> radiant_gate_mpsl: hi: acq=18 den=0 resv=0 pend=18 blk=0 grant=17[0m
[00:21:48.346,068] [0m<inf> radiant_gate_mpsl: seam: grant=21 nostage=0 prog=21/0 | sigrad=36 sigt0=219 isr=36 end=19 dis=0 term=20 | ramp=21/5 state=0 ev=0x13 rxen saved=0x80000014 cont=0x13f a=0x80000014 p=0x80000014 e=0x80000014 inten=0x00000140[0m
[00:21:48.346,077] [0m<inf> radiant_gate_mpsl: sw: n=17 wipe=0 ramp=17 wipe+ramp=0 rx=17 wipe+rx=0 | started=17 early=0/0us last=2636us | open lead=230us max=257us late=0 glen=4888 cc0=2888[0m
[00:21:48.346,107] [0m<inf> radiant_gate_mpsl: hiend: timer0=17 | lasted=2889us max=3485us | dur=2866us max=3463us short=0 | t0arm=32us stale=21[0m
[00:21:48.346,128] [0m<inf> radiant_gate_mpsl: gate: acq=45 in_grant=17/17 placed=43 granted=26 blocked=16 cancel=0 eagain=1 near=0 long=0 ext=198/4 dead=0 | den pend=3 anch=4 dist=0 degen=0 nosess=0 owed=0 | sent grant=1 dead=0 blk=16 supp=17 | end=26 (norm=26 rel=0 idle=0 late=0) | bad over=0 inval=0 unk=0 inl=16 | len=4888/4888 el=3500 skew=6055 brun=0 sig=7 g=0 hw=0 p=1 rel=0 end=1 boot=0 anchor=1 owes=1[0m
[00:21:48.618,558] [0m<inf> radiant_api: SWEEP set=1 steer=0 dwell=198687/260000 adv=1 sweeps=0 win=1 ok=2 searching=0 carrier=255 | chunks=20 preempt=0 missed=0 ebusy=0 rej=0 | pumps=426 hk=425 | scan_us=1884000/20 track_us=8644/19 | end ok=0 abrt=4 miss=0 fail=0 deny=23 replan=0[0m
[00:21:49.346,201] [0m<inf> radiant_gate_mpsl: hi: acq=22 den=0 resv=0 pend=22 blk=0 grant=21[0m
[00:21:49.346,212] [0m<inf> radiant_gate_mpsl: seam: grant=25 nostage=0 prog=25/0 | sigrad=44 sigt0=223 isr=44 end=23 dis=0 term=20 | ramp=25/5 state=0 ev=0x13 rxen saved=0x80000014 cont=0x13f a=0x80000014 p=0x80000014 e=0x80000014 inten=0x00000140[0m
[00:21:49.346,221] [0m<inf> radiant_gate_mpsl: sw: n=21 wipe=0 ramp=21 wipe+ramp=0 rx=21 wipe+rx=0 | started=21 early=0/0us last=2636us | open lead=230us max=257us late=0 glen=4888 cc0=2888[0m
[00:21:49.346,255] [0m<inf> radiant_gate_mpsl: hiend: timer0=21 | lasted=2889us max=3485us | dur=2866us max=3463us short=0 | t0arm=32us stale=25[0m
[00:21:49.346,273] [0m<inf> radiant_gate_mpsl: gate: acq=49 in_grant=21/21 placed=47 granted=30 blocked=16 cancel=0 eagain=3 near=0 long=0 ext=198/4 dead=0 | den pend=3 anch=4 dist=0 degen=0 nosess=0 owed=0 | sent grant=1 dead=0 blk=16 supp=21 | end=30 (norm=30 rel=0 idle=0 late=0) | bad over=0 inval=0 unk=0 inl=16 | len=4888/4888 el=3500 skew=6055 brun=0 sig=7 g=0 hw=0 p=1 rel=0 end=1 boot=0 anchor=1 owes=1[0m
[00:21:49.666,550] [0m<inf> radiant_api: SWEEP set=1 steer=0 dwell=198687/260000 adv=1 sweeps=0 win=1 ok=2 searching=0 carrier=255 | chunks=20 preempt=0 missed=0 ebusy=0 rej=0 | pumps=451 hk=450 | scan_us=1884000/20 track_us=9664/24 | end ok=0 abrt=4 miss=0 fail=0 deny=23 replan=0[0m
[00:21:50.269,567] [0m<inf> thread_coex: thread load: role=2 sent=100 failed=0 interval=100ms payload=64B[0m
[00:21:50.269,583] [0m<inf> thread_coex: thread lat us: <64=0 64=0 128=96 256=4 512=0 1k=0 2k=0 4k=0 8k=0 16k=0 32k=0 64k=0 >=128k=0 max=431[0m
[00:21:50.269,591] [0m<inf> thread_coex: thread mac d: tx=331 retry=2 cca=0 abort=0 busy=0 | tot tx=331 retry=2 cca=0 abort=0 busy=0[0m
[00:21:50.346,361] [0m<inf> radiant_gate_mpsl: hi: acq=26 den=0 resv=0 pend=26 blk=0 grant=25[0m
[00:21:50.346,372] [0m<inf> radiant_gate_mpsl: seam: grant=29 nostage=0 prog=29/0 | sigrad=52 sigt0=227 isr=52 end=27 dis=0 term=20 | ramp=29/5 state=0 ev=0x13 rxen saved=0x80000014 cont=0x13f a=0x80000014 p=0x80000014 e=0x80000014 inten=0x00000140[0m
[00:21:50.346,381] [0m<inf> radiant_gate_mpsl: sw: n=25 wipe=0 ramp=25 wipe+ramp=0 rx=25 wipe+rx=0 | started=25 early=0/0us last=2634us | open lead=231us max=257us late=0 glen=4888 cc0=2888[0m
[00:21:50.346,414] [0m<inf> radiant_gate_mpsl: hiend: timer0=25 | lasted=2889us max=3485us | dur=2866us max=3463us short=0 | t0arm=32us stale=29[0m
[00:21:50.346,433] [0m<inf> radiant_gate_mpsl: gate: acq=53 in_grant=25/25 placed=51 granted=34 blocked=16 cancel=0 eagain=3 near=0 long=0 ext=198/4 dead=0 | den pend=3 anch=4 dist=0 degen=0 nosess=0 owed=0 | sent grant=1 dead=0 blk=16 supp=25 | end=34 (norm=34 rel=0 idle=0 late=0) | bad over=0 inval=0 unk=0 inl=16 | len=4888/4888 el=3500 skew=6055 brun=0 sig=7 g=0 hw=0 p=1 rel=0 end=1 boot=0 anchor=1 owes=1[0m
[00:21:50.715,553] [0m<inf> radiant_api: SWEEP set=1 steer=0 dwell=198687/260000 adv=1 sweeps=0 win=1 ok=2 searching=0 carrier=255 | chunks=20 preempt=0 missed=0 ebusy=0 rej=0 | pumps=477 hk=476 | scan_us=1884000/20 track_us=10480/28 | end ok=0 abrt=4 miss=0 fail=0 deny=23 replan=0[0m
[00:21:51.346,506] [0m<inf> radiant_gate_mpsl: hi: acq=30 den=0 resv=0 pend=30 blk=0 grant=29[0m
[00:21:51.346,517] [0m<inf> radiant_gate_mpsl: seam: grant=33 nostage=0 prog=33/0 | sigrad=60 sigt0=231 isr=60 end=31 dis=0 term=20 | ramp=33/5 state=0 ev=0x13 rxen saved=0x80000014 cont=0x13f a=0x80000014 p=0x80000014 e=0x80000014 inten=0x00000140[0m
[00:21:51.346,526] [0m<inf> radiant_gate_mpsl: sw: n=29 wipe=0 ramp=29 wipe+ramp=0 rx=29 wipe+rx=0 | started=29 early=0/0us last=2634us | open lead=231us max=257us late=0 glen=4888 cc0=2888[0m
[00:21:51.346,555] [0m<inf> radiant_gate_mpsl: hiend: timer0=29 | lasted=2889us max=3485us | dur=2865us max=3463us short=0 | t0arm=32us stale=33[0m
[00:21:51.346,574] [0m<inf> radiant_gate_mpsl: gate: acq=57 in_grant=29/29 placed=55 granted=38 blocked=16 cancel=0 eagain=3 near=0 long=0 ext=198/4 dead=0 | den pend=3 anch=4 dist=0 degen=0 nosess=0 owed=0 | sent grant=1 dead=0 blk=16 supp=29 | end=38 (norm=38 rel=0 idle=0 late=0) | bad over=0 inval=0 unk=0 inl=16 | len=4888/4888 el=3500 skew=6055 brun=0 sig=7 g=0 hw=0 p=1 rel=0 end=1 boot=0 anchor=1 owes=1[0m
[00:21:51.764,484] [0m<inf> radiant_api: SWEEP set=1 steer=0 dwell=198687/260000 adv=1 sweeps=0 win=1 ok=2 searching=0 carrier=255 | chunks=20 preempt=0 missed=0 ebusy=0 rej=0 | pumps=502 hk=501 | scan_us=1884000/20 track_us=11296/32 | end ok=0 abrt=4 miss=0 fail=0 deny=23 replan=0[0m
[00:21:52.346,654] [0m<inf> radiant_gate_mpsl: hi: acq=34 den=0 resv=0 pend=34 blk=0 grant=33[0m
[00:21:52.346,665] [0m<inf> radiant_gate_mpsl: seam: grant=37 nostage=0 prog=37/0 | sigrad=68 sigt0=235 isr=68 end=35 dis=0 term=20 | ramp=37/5 state=0 ev=0x13 rxen saved=0x80000014 cont=0x13f a=0x80000014 p=0x80000014 e=0x80000014 inten=0x00000140[0m
[00:21:52.346,675] [0m<inf> radiant_gate_mpsl: sw: n=33 wipe=0 ramp=33 wipe+ramp=0 rx=33 wipe+rx=0 | started=33 early=0/0us last=2635us | open lead=231us max=257us late=0 glen=4888 cc0=2888[0m
[00:21:52.346,709] [0m<inf> radiant_gate_mpsl: hiend: timer0=33 | lasted=2889us max=3485us | dur=2866us max=3463us short=0 | t0arm=31us stale=37[0m
[00:21:52.346,727] [0m<inf> radiant_gate_mpsl: gate: acq=61 in_grant=33/33 placed=59 granted=42 blocked=16 cancel=0 eagain=4 near=0 long=0 ext=198/4 dead=0 | den pend=3 anch=4 dist=0 degen=0 nosess=0 owed=0 | sent grant=1 dead=0 blk=16 supp=33 | end=42 (norm=42 rel=0 idle=0 late=0) | bad over=0 inval=0 unk=0 inl=16 | len=4888/4888 el=3500 skew=6055 brun=0 sig=7 g=0 hw=0 p=1 rel=0 end=1 boot=0 anchor=1 owes=1[0m
[00:21:52.811,224] [0m<inf> radiant_api: SWEEP set=1 steer=0 dwell=198687/260000 adv=1 sweeps=0 win=1 ok=2 searching=0 carrier=255 | chunks=20 preempt=0 missed=0 ebusy=0 rej=0 | pumps=527 hk=526 | scan_us=1884000/20 track_us=12112/36 | end ok=0 abrt=4 miss=0 fail=0 deny=23 replan=0[0m
[00:21:53.346,809] [0m<inf> radiant_gate_mpsl: hi: acq=38 den=0 resv=0 pend=38 blk=0 grant=37[0m
[00:21:53.346,825] [0m<inf> radiant_gate_mpsl: seam: grant=41 nostage=0 prog=41/0 | sigrad=76 sigt0=239 isr=76 end=39 dis=0 term=20 | ramp=41/5 state=0 ev=0x13 rxen saved=0x80000014 cont=0x13f a=0x80000014 p=0x80000014 e=0x80000014 inten=0x00000140[0m
[00:21:53.346,834] [0m<inf> radiant_gate_mpsl: sw: n=37 wipe=0 ramp=37 wipe+ramp=0 rx=37 wipe+rx=0 | started=37 early=0/0us last=2635us | open lead=233us max=257us late=0 glen=4888 cc0=2888[0m
[00:21:53.346,868] [0m<inf> radiant_gate_mpsl: hiend: timer0=37 | lasted=2890us max=3485us | dur=2867us max=3463us short=0 | t0arm=30us stale=41[0m
[00:21:53.346,886] [0m<inf> radiant_gate_mpsl: gate: acq=65 in_grant=37/37 placed=63 granted=46 blocked=16 cancel=0 eagain=6 near=0 long=0 ext=198/4 dead=0 | den pend=3 anch=4 dist=0 degen=0 nosess=0 owed=0 | sent grant=1 dead=0 blk=16 supp=37 | end=46 (norm=46 rel=0 idle=0 late=0) | bad over=0 inval=0 unk=0 inl=16 | len=4888/4888 el=3500 skew=6055 brun=0 sig=7 g=0 hw=0 p=1 rel=0 end=1 boot=0 anchor=1 owes=1[0m
[00:21:53.861,137] [0m<inf> radiant_api: SWEEP set=1 steer=0 dwell=198687/260000 adv=1 sweeps=0 win=1 ok=2 searching=0 carrier=255 | chunks=20 preempt=0 missed=0 ebusy=0 rej=0 | pumps=552 hk=551 | scan_us=1884000/20 track_us=12928/40 | end ok=0 abrt=4 miss=0 fail=0 deny=23 replan=0[0m
[00:21:54.346,941] [0m<inf> radiant_gate_mpsl: hi: acq=42 den=0 resv=0 pend=42 blk=0 grant=41[0m
[00:21:54.346,953] [0m<inf> radiant_gate_mpsl: seam: grant=45 nostage=0 prog=45/0 | sigrad=84 sigt0=243 isr=84 end=43 dis=0 term=20 | ramp=45/5 state=0 ev=0x13 rxen saved=0x80000014 cont=0x13f a=0x80000014 p=0x80000014 e=0x80000014 inten=0x00000140[0m
[00:21:54.346,962] [0m<inf> radiant_gate_mpsl: sw: n=41 wipe=0 ramp=41 wipe+ramp=0 rx=41 wipe+rx=0 | started=41 early=0/0us last=2635us | open lead=232us max=257us late=0 glen=4888 cc0=2888[0m
[00:21:54.346,992] [0m<inf> radiant_gate_mpsl: hiend: timer0=41 | lasted=2889us max=3485us | dur=2867us max=3463us short=0 | t0arm=30us stale=45[0m
[00:21:54.347,013] [0m<inf> radiant_gate_mpsl: gate: acq=69 in_grant=41/41 placed=67 granted=50 blocked=16 cancel=0 eagain=8 near=0 long=0 ext=198/4 dead=0 | den pend=3 anch=4 dist=0 degen=0 nosess=0 owed=0 | sent grant=1 dead=0 blk=16 supp=41 | end=50 (norm=50 rel=0 idle=0 late=0) | bad over=0 inval=0 unk=0 inl=16 | len=4888/4888 el=3500 skew=6055 brun=0 sig=7 g=0 hw=0 p=1 rel=0 end=1 boot=0 anchor=1 owes=1[0m
[00:21:54.910,079] [0m<inf> radiant_api: SWEEP set=1 steer=0 dwell=198687/260000 adv=1 sweeps=0 win=1 ok=2 searching=0 carrier=255 | chunks=20 preempt=0 missed=0 ebusy=0 rej=0 | pumps=577 hk=576 | scan_us=1884000/20 track_us=13948/45 | end ok=0 abrt=4 miss=0 fail=0 deny=23 replan=0[0m
[00:21:55.347,083] [0m<inf> radiant_gate_mpsl: hi: acq=46 den=0 resv=0 pend=46 blk=0 grant=45[0m
[00:21:55.347,094] [0m<inf> radiant_gate_mpsl: seam: grant=49 nostage=0 prog=49/0 | sigrad=92 sigt0=247 isr=92 end=47 dis=0 term=20 | ramp=49/5 state=0 ev=0x13 rxen saved=0x80000014 cont=0x13f a=0x80000014 p=0x80000014 e=0x80000014 inten=0x00000140[0m
[00:21:55.347,103] [0m<inf> radiant_gate_mpsl: sw: n=45 wipe=0 ramp=45 wipe+ramp=0 rx=45 wipe+rx=0 | started=45 early=0/0us last=2635us | open lead=231us max=257us late=0 glen=4888 cc0=2888[0m
[00:21:55.347,136] [0m<inf> radiant_gate_mpsl: hiend: timer0=45 | lasted=2890us max=3485us | dur=2867us max=3463us short=0 | t0arm=30us stale=49[0m
[00:21:55.347,155] [0m<inf> radiant_gate_mpsl: gate: acq=73 in_grant=45/45 placed=71 granted=54 blocked=16 cancel=0 eagain=8 near=0 long=0 ext=198/4 dead=0 | den pend=3 anch=4 dist=0 degen=0 nosess=0 owed=0 | sent grant=1 dead=0 blk=16 supp=45 | end=54 (norm=54 rel=0 idle=0 late=0) | bad over=0 inval=0 unk=0 inl=16 | len=4888/4888 el=3500 skew=6055 brun=0 sig=7 g=0 hw=0 p=1 rel=0 end=1 boot=0 anchor=1 owes=1[0m
[00:21:55.959,046] [0m<inf> radiant_api: SWEEP set=1 steer=0 dwell=198687/260000 adv=1 sweeps=0 win=1 ok=2 searching=0 carrier=255 | chunks=20 preempt=0 missed=0 ebusy=0 rej=0 | pumps=603 hk=602 | scan_us=1884000/20 track_us=14764/49 | end ok=0 abrt=4 miss=0 fail=0 deny=23 replan=0[0m
[00:21:56.347,213] [0m<inf> radiant_gate_mpsl: hi: acq=50 den=0 resv=0 pend=50 blk=0 grant=49[0m
[00:21:56.347,229] [0m<inf> radiant_gate_mpsl: seam: grant=53 nostage=0 prog=53/0 | sigrad=100 sigt0=251 isr=100 end=51 dis=0 term=20 | ramp=53/5 state=0 ev=0x13 rxen saved=0x80000014 cont=0x13f a=0x80000014 p=0x80000014 e=0x80000014 inten=0x00000140[0m
[00:21:56.347,238] [0m<inf> radiant_gate_mpsl: sw: n=49 wipe=0 ramp=49 wipe+ramp=0 rx=49 wipe+rx=0 | started=49 early=0/0us last=2635us | open lead=232us max=257us late=0 glen=4888 cc0=2888[0m
[00:21:56.347,271] [0m<inf> radiant_gate_mpsl: hiend: timer0=49 | lasted=2889us max=3485us | dur=2866us max=3463us short=0 | t0arm=30us stale=53[0m
[00:21:56.347,290] [0m<inf> radiant_gate_mpsl: gate: acq=77 in_grant=49/49 placed=75 granted=58 blocked=16 cancel=0 eagain=8 near=0 long=0 ext=198/4 dead=0 | den pend=3 anch=4 dist=0 degen=0 nosess=0 owed=0 | sent grant=1 dead=0 blk=16 supp=49 | end=58 (norm=58 rel=0 idle=0 late=0) | bad over=0 inval=0 unk=0 inl=16 | len=4888/4888 el=3500 skew=6055 brun=0 sig=7 g=0 hw=0 p=1 rel=0 end=1 boot=0 anchor=1 owes=1[0m
[00:21:57.007,998] [0m<inf> radiant_api: SWEEP set=1 steer=0 dwell=198687/260000 adv=1 sweeps=0 win=1 ok=2 searching=0 carrier=255 | chunks=20 preempt=0 missed=0 ebusy=0 rej=0 | pumps=628 hk=627 | scan_us=1884000/20 track_us=15580/53 | end ok=0 abrt=4 miss=0 fail=0 deny=23 replan=0[0m
[00:21:57.347,330] [0m<inf> radiant_gate_mpsl: hi: acq=54 den=0 resv=0 pend=54 blk=0 grant=53[0m
[00:21:57.347,342] [0m<inf> radiant_gate_mpsl: seam: grant=57 nostage=0 prog=57/0 | sigrad=108 sigt0=255 isr=108 end=55 dis=0 term=20 | ramp=57/5 state=0 ev=0x13 rxen saved=0x80000014 cont=0x13f a=0x80000014 p=0x80000014 e=0x80000014 inten=0x00000140[0m
[00:21:57.347,351] [0m<inf> radiant_gate_mpsl: sw: n=53 wipe=0 ramp=53 wipe+ramp=0 rx=53 wipe+rx=0 | started=53 early=0/0us last=2635us | open lead=231us max=257us late=0 glen=4888 cc0=2888[0m
[00:21:57.347,381] [0m<inf> radiant_gate_mpsl: hiend: timer0=53 | lasted=2889us max=3485us | dur=2867us max=3463us short=0 | t0arm=30us stale=57[0m
[00:21:57.347,402] [0m<inf> radiant_gate_mpsl: gate: acq=81 in_grant=53/53 placed=79 granted=62 blocked=16 cancel=0 eagain=8 near=0 long=0 ext=198/4 dead=0 | den pend=3 anch=4 dist=0 degen=0 nosess=0 owed=0 | sent grant=1 dead=0 blk=16 supp=53 | end=62 (norm=62 rel=0 idle=0 late=0) | bad over=0 inval=0 unk=0 inl=16 | len=4888/4888 el=3500 skew=6055 brun=0 sig=7 g=0 hw=0 p=1 rel=0 end=1 boot=0 anchor=1 owes=1[0m
[00:21:58.056,924] [0m<inf> radiant_api: SWEEP set=1 steer=0 dwell=198687/260000 adv=1 sweeps=0 win=1 ok=2 searching=0 carrier=255 | chunks=20 preempt=0 missed=0 ebusy=0 rej=0 | pumps=653 hk=652 | scan_us=1884000/20 track_us=16396/57 | end ok=0 abrt=4 miss=0 fail=0 deny=23 replan=0[0m
[00:21:58.347,475] [0m<inf> radiant_gate_mpsl: hi: acq=58 den=0 resv=0 pend=58 blk=0 grant=57[0m
[00:21:58.347,486] [0m<inf> radiant_gate_mpsl: seam: grant=61 nostage=0 prog=61/0 | sigrad=116 sigt0=259 isr=116 end=59 dis=0 term=20 | ramp=61/5 state=0 ev=0x13 rxen saved=0x80000014 cont=0x13f a=0x80000014 p=0x80000014 e=0x80000014 inten=0x00000140[0m
[00:21:58.347,495] [0m<inf> radiant_gate_mpsl: sw: n=57 wipe=0 ramp=57 wipe+ramp=0 rx=57 wipe+rx=0 | started=57 early=0/0us last=2635us | open lead=231us max=257us late=0 glen=4888 cc0=2888[0m
[00:21:58.347,530] [0m<inf> radiant_gate_mpsl: hiend: timer0=57 | lasted=2890us max=3485us | dur=2867us max=3463us short=0 | t0arm=30us stale=61[0m
[00:21:58.347,548] [0m<inf> radiant_gate_mpsl: gate: acq=85 in_grant=57/57 placed=83 granted=66 blocked=16 cancel=0 eagain=8 near=0 long=0 ext=198/4 dead=0 | den pend=3 anch=4 dist=0 degen=0 nosess=0 owed=0 | sent grant=1 dead=0 blk=16 supp=57 | end=66 (norm=66 rel=0 idle=0 late=0) | bad over=0 inval=0 unk=0 inl=16 | len=4888/4888 el=3500 skew=6055 brun=0 sig=7 g=0 hw=0 p=1 rel=0 end=1 boot=0 anchor=1 owes=1[0m
[00:21:59.105,835] [0m<inf> radiant_api: SWEEP set=1 steer=0 dwell=198687/260000 adv=1 sweeps=0 win=1 ok=2 searching=0 carrier=255 | chunks=20 preempt=0 missed=0 ebusy=0 rej=0 | pumps=678 hk=677 | scan_us=1884000/20 track_us=17212/61 | end ok=0 abrt=4 miss=0 fail=0 deny=23 replan=0[0m
[00:21:59.347,648] [0m<inf> radiant_gate_mpsl: hi: acq=62 den=0 resv=0 pend=62 blk=0 grant=61[0m
[00:21:59.347,664] [0m<inf> radiant_gate_mpsl: seam: grant=65 nostage=0 prog=65/0 | sigrad=124 sigt0=263 isr=124 end=63 dis=0 term=20 | ramp=65/5 state=0 ev=0x13 rxen saved=0x80000014 cont=0x13f a=0x80000014 p=0x80000014 e=0x80000014 inten=0x00000140[0m
[00:21:59.347,673] [0m<inf> radiant_gate_mpsl: sw: n=61 wipe=0 ramp=61 wipe+ramp=0 rx=61 wipe+rx=0 | started=61 early=0/0us last=2635us | open lead=231us max=257us late=0 glen=4888 cc0=2888[0m
[00:21:59.347,707] [0m<inf> radiant_gate_mpsl: hiend: timer0=61 | lasted=2889us max=3485us | dur=2866us max=3463us short=0 | t0arm=31us stale=65[0m
[00:21:59.347,725] [0m<inf> radiant_gate_mpsl: gate: acq=89 in_grant=61/61 placed=87 granted=70 blocked=16 cancel=0 eagain=8 near=0 long=0 ext=198/4 dead=0 | den pend=3 anch=4 dist=0 degen=0 nosess=0 owed=0 | sent grant=1 dead=0 blk=16 supp=61 | end=70 (norm=70 rel=0 idle=0 late=0) | bad over=0 inval=0 unk=0 inl=16 | len=4888/4888 el=3500 skew=6055 brun=0 sig=7 g=0 hw=0 p=1 rel=0 end=1 boot=0 anchor=1 owes=1[0m
[00:22:00.153,671] [0m<inf> radiant_api: SWEEP set=1 steer=0 dwell=198687/260000 adv=1 sweeps=0 win=1 ok=2 searching=0 carrier=255 | chunks=20 preempt=0 missed=0 ebusy=0 rej=0 | pumps=703 hk=702 | scan_us=1884000/20 track_us=18232/66 | end ok=0 abrt=4 miss=0 fail=0 deny=23 replan=0[0m
[00:22:00.293,025] [0m<inf> thread_coex: thread load: role=2 sent=200 failed=0 interval=100ms payload=64B[0m
[00:22:00.293,035] [0m<inf> thread_coex: thread lat us: <64=0 64=0 128=196 256=4 512=0 1k=0 2k=0 4k=0 8k=0 16k=0 32k=0 64k=0 >=128k=0 max=431[0m
[00:22:00.293,044] [0m<inf> thread_coex: thread mac d: tx=200 retry=2 cca=0 abort=0 busy=0 | tot tx=531 retry=4 cca=0 abort=0 busy=0[0m
[00:22:00.347,786] [0m<inf> radiant_gate_mpsl: hi: acq=66 den=0 resv=0 pend=66 blk=0 grant=65[0m
[00:22:00.347,800] [0m<inf> radiant_gate_mpsl: seam: grant=69 nostage=0 prog=69/0 | sigrad=132 sigt0=267 isr=132 end=67 dis=0 term=20 | ramp=69/5 state=0 ev=0x13 rxen saved=0x80000014 cont=0x13f a=0x80000014 p=0x80000014 e=0x80000014 inten=0x00000140[0m
[00:22:00.347,809] [0m<inf> radiant_gate_mpsl: sw: n=65 wipe=0 ramp=65 wipe+ramp=0 rx=65 wipe+rx=0 | started=65 early=0/0us last=2608us | open lead=258us max=258us late=0 glen=4888 cc0=2888[0m
[00:22:00.347,839] [0m<inf> radiant_gate_mpsl: hiend: timer0=65 | lasted=2889us max=3485us | dur=2867us max=3463us short=0 | t0arm=30us stale=69[0m
[00:22:00.347,857] [0m<inf> radiant_gate_mpsl: gate: acq=93 in_grant=65/65 placed=91 granted=74 blocked=16 cancel=0 eagain=8 near=0 long=0 ext=198/4 dead=0 | den pend=3 anch=4 dist=0 degen=0 nosess=0 owed=0 | sent grant=1 dead=0 blk=16 supp=65 | end=74 (norm=74 rel=0 idle=0 late=0) | bad over=0 inval=0 unk=0 inl=16 | len=4888/4888 el=3500 skew=6055 brun=0 sig=7 g=0 hw=0 p=1 rel=0 end=1 boot=0 anchor=1 owes=1[0m
[00:22:01.202,842] [0m<inf> radiant_api: SWEEP set=1 steer=0 dwell=198687/260000 adv=1 sweeps=0 win=1 ok=2 searching=0 carrier=255 | chunks=20 preempt=0 missed=0 ebusy=0 rej=0 | pumps=729 hk=728 | scan_us=1884000/20 track_us=19048/70 | end ok=0 abrt=4 miss=0 fail=0 deny=23 replan=0[0m
[00:22:01.347,931] [0m<inf> radiant_gate_mpsl: hi: acq=70 den=0 resv=0 pend=70 blk=0 grant=69[0m
[00:22:01.347,942] [0m<inf> radiant_gate_mpsl: seam: grant=73 nostage=0 prog=73/0 | sigrad=140 sigt0=271 isr=140 end=71 dis=0 term=20 | ramp=73/5 state=0 ev=0x13 rxen saved=0x80000014 cont=0x13f a=0x80000014 p=0x80000014 e=0x80000014 inten=0x00000140[0m
[00:22:01.347,951] [0m<inf> radiant_gate_mpsl: sw: n=69 wipe=0 ramp=69 wipe+ramp=0 rx=69 wipe+rx=0 | started=69 early=0/0us last=2635us | open lead=231us max=258us late=0 glen=4888 cc0=2888[0m
[00:22:01.347,984] [0m<inf> radiant_gate_mpsl: hiend: timer0=69 | lasted=2889us max=3485us | dur=2865us max=3463us short=0 | t0arm=31us stale=73[0m
[00:22:01.348,003] [0m<inf> radiant_gate_mpsl: gate: acq=97 in_grant=69/69 placed=95 granted=78 blocked=16 cancel=0 eagain=8 near=0 long=0 ext=198/4 dead=0 | den pend=3 anch=4 dist=0 degen=0 nosess=0 owed=0 | sent grant=1 dead=0 blk=16 supp=69 | end=78 (norm=78 rel=0 idle=0 late=0) | bad over=0 inval=0 unk=0 inl=16 | len=4888/4888 el=3500 skew=6055 brun=0 sig=7 g=0 hw=0 p=1 rel=0 end=1 boot=0 anchor=1 owes=1[0m
[00:22:02.251,600] [0m<inf> radiant_api: SWEEP set=1 steer=0 dwell=198687/260000 adv=1 sweeps=0 win=1 ok=2 searching=0 carrier=255 | chunks=20 preempt=0 missed=0 ebusy=0 rej=0 | pumps=754 hk=753 | scan_us=1884000/20 track_us=19864/74 | end ok=0 abrt=4 miss=0 fail=0 deny=23 replan=0[0m
[00:22:02.348,060] [0m<inf> radiant_gate_mpsl: hi: acq=74 den=0 resv=0 pend=74 blk=0 grant=73[0m
[00:22:02.348,072] [0m<inf> radiant_gate_mpsl: seam: grant=77 nostage=0 prog=77/0 | sigrad=148 sigt0=275 isr=148 end=75 dis=0 term=20 | ramp=77/5 state=0 ev=0x13 rxen saved=0x80000014 cont=0x13f a=0x80000014 p=0x80000014 e=0x80000014 inten=0x00000140[0m
[00:22:02.348,080] [0m<inf> radiant_gate_mpsl: sw: n=73 wipe=0 ramp=73 wipe+ramp=0 rx=73 wipe+rx=0 | started=73 early=0/0us last=2635us | open lead=231us max=258us late=0 glen=4888 cc0=2888[0m
[00:22:02.348,109] [0m<inf> radiant_gate_mpsl: hiend: timer0=73 | lasted=2889us max=3485us | dur=2866us max=3463us short=0 | t0arm=31us stale=77[0m
[00:22:02.348,128] [0m<inf> radiant_gate_mpsl: gate: acq=101 in_grant=73/73 placed=99 granted=82 blocked=16 cancel=0 eagain=8 near=0 long=0 ext=198/4 dead=0 | den pend=3 anch=4 dist=0 degen=0 nosess=0 owed=0 | sent grant=1 dead=0 blk=16 supp=73 | end=82 (norm=82 rel=0 idle=0 late=0) | bad over=0 inval=0 unk=0 inl=16 | len=4888/4888 el=3500 skew=6055 brun=0 sig=7 g=0 hw=0 p=1 rel=0 end=1 boot=0 anchor=1 owes=1[0m
[00:22:03.300,867] [0m<inf> radiant_api: SWEEP set=1 steer=0 dwell=198687/260000 adv=1 sweeps=0 win=1 ok=2 searching=0 carrier=255 | chunks=20 preempt=0 missed=0 ebusy=0 rej=0 | pumps=779 hk=778 | scan_us=1884000/20 track_us=20680/78 | end ok=0 abrt=4 miss=0 fail=0 deny=23 replan=0[0m
[00:22:03.348,223] [0m<inf> radiant_gate_mpsl: hi: acq=78 den=0 resv=0 pend=78 blk=0 grant=77[0m
[00:22:03.348,234] [0m<inf> radiant_gate_mpsl: seam: grant=81 nostage=0 prog=81/0 | sigrad=156 sigt0=279 isr=156 end=79 dis=0 term=20 | ramp=81/5 state=0 ev=0x13 rxen saved=0x80000014 cont=0x13f a=0x80000014 p=0x80000014 e=0x80000014 inten=0x00000140[0m
[00:22:03.348,243] [0m<inf> radiant_gate_mpsl: sw: n=77 wipe=0 ramp=77 wipe+ramp=0 rx=77 wipe+rx=0 | started=77 early=0/0us last=2635us | open lead=230us max=258us late=0 glen=4888 cc0=2888[0m
[00:22:03.348,276] [0m<inf> radiant_gate_mpsl: hiend: timer0=77 | lasted=2889us max=3485us | dur=2866us max=3463us short=0 | t0arm=31us stale=81[0m
[00:22:03.348,295] [0m<inf> radiant_gate_mpsl: gate: acq=105 in_grant=77/77 placed=103 granted=86 blocked=16 cancel=0 eagain=10 near=0 long=0 ext=198/4 dead=0 | den pend=3 anch=4 dist=0 degen=0 nosess=0 owed=0 | sent grant=1 dead=0 blk=16 supp=77 | end=86 (norm=86 rel=0 idle=0 late=0) | bad over=0 inval=0 unk=0 inl=16 | len=4888/4888 el=3500 skew=6055 brun=0 sig=7 g=0 hw=0 p=1 rel=0 end=1 boot=0 anchor=1 owes=1[0m
[00:22:04.348,374] [0m<inf> radiant_gate_mpsl: hi: acq=82 den=0 resv=0 pend=82 blk=0 grant=81[0m
[00:22:04.348,385] [0m<inf> radiant_gate_mpsl: seam: grant=85 nostage=0 prog=85/0 | sigrad=164 sigt0=283 isr=164 end=83 dis=0 term=20 | ramp=85/5 state=0 ev=0x13 rxen saved=0x80000014 cont=0x13f a=0x80000014 p=0x80000014 e=0x80000014 inten=0x00000140[0m
[00:22:04.348,394] [0m<inf> radiant_gate_mpsl: sw: n=81 wipe=0 ramp=81 wipe+ramp=0 rx=81 wipe+rx=0 | started=81 early=0/0us last=2635us | open lead=231us max=258us late=0 glen=4888 cc0=2888[0m
[00:22:04.348,424] [0m<inf> radiant_gate_mpsl: hiend: timer0=81 | lasted=2889us max=3485us | dur=2866us max=3463us short=0 | t0arm=31us stale=85[0m
[00:22:04.348,443] [0m<inf> radiant_gate_mpsl: gate: acq=109 in_grant=81/81 placed=107 granted=90 blocked=16 cancel=0 eagain=10 near=0 long=0 ext=198/4 dead=0 | den pend=3 anch=4 dist=0 degen=0 nosess=0 owed=0 | sent grant=1 dead=0 blk=16 supp=81 | end=90 (norm=90 rel=0 idle=0 late=0) | bad over=0 inval=0 unk=0 inl=16 | len=4888/4888 el=3500 skew=6055 brun=0 sig=7 g=0 hw=0 p=1 rel=0 end=1 boot=0 anchor=1 owes=1[0m
[00:22:04.349,458] [0m<inf> radiant_api: SWEEP set=1 steer=0 dwell=198687/260000 adv=1 sweeps=0 win=1 ok=2 searching=0 carrier=255 | chunks=20 preempt=0 missed=0 ebusy=0 rej=0 | pumps=804 hk=803 | scan_us=1884000/20 track_us=21496/82 | end ok=0 abrt=4 miss=0 fail=0 deny=23 replan=0[0m
[00:22:05.348,495] [0m<inf> radiant_gate_mpsl: hi: acq=86 den=0 resv=0 pend=86 blk=0 grant=85[0m
[00:22:05.348,511] [0m<inf> radiant_gate_mpsl: seam: grant=89 nostage=0 prog=89/0 | sigrad=172 sigt0=287 isr=172 end=87 dis=0 term=20 | ramp=89/5 state=0 ev=0x13 rxen saved=0x80000014 cont=0x13f a=0x80000014 p=0x80000014 e=0x80000014 inten=0x00000140[0m
[00:22:05.348,520] [0m<inf> radiant_gate_mpsl: sw: n=85 wipe=0 ramp=85 wipe+ramp=0 rx=85 wipe+rx=0 | started=85 early=0/0us last=2635us | open lead=230us max=258us late=0 glen=4888 cc0=2888[0m
[00:22:05.348,554] [0m<inf> radiant_gate_mpsl: hiend: timer0=85 | lasted=2889us max=3485us | dur=2866us max=3463us short=0 | t0arm=31us stale=89[0m
[00:22:05.348,572] [0m<inf> radiant_gate_mpsl: gate: acq=113 in_grant=85/85 placed=111 granted=94 blocked=16 cancel=0 eagain=10 near=0 long=0 ext=198/4 dead=0 | den pend=3 anch=4 dist=0 degen=0 nosess=0 owed=0 | sent grant=1 dead=0 blk=16 supp=85 | end=94 (norm=94 rel=0 idle=0 late=0) | bad over=0 inval=0 unk=0 inl=16 | len=4888/4888 el=3500 skew=6055 brun=0 sig=7 g=0 hw=0 p=1 rel=0 end=1 boot=0 anchor=1 owes=1[0m
[00:22:05.397,329] [0m<inf> radiant_api: SWEEP set=1 steer=0 dwell=198687/260000 adv=1 sweeps=0 win=1 ok=2 searching=0 carrier=255 | chunks=20 preempt=0 missed=0 ebusy=0 rej=0 | pumps=829 hk=828 | scan_us=1884000/20 track_us=22516/87 | end ok=0 abrt=4 miss=0 fail=0 deny=23 replan=0[0m
[00:22:06.348,611] [0m<inf> radiant_gate_mpsl: hi: acq=90 den=0 resv=0 pend=90 blk=0 grant=89[0m
[00:22:06.348,623] [0m<inf> radiant_gate_mpsl: seam: grant=93 nostage=0 prog=93/0 | sigrad=180 sigt0=291 isr=180 end=91 dis=0 term=20 | ramp=93/5 state=0 ev=0x13 rxen saved=0x80000014 cont=0x13f a=0x80000014 p=0x80000014 e=0x80000014 inten=0x00000140[0m
[00:22:06.348,632] [0m<inf> radiant_gate_mpsl: sw: n=89 wipe=0 ramp=89 wipe+ramp=0 rx=89 wipe+rx=0 | started=89 early=0/0us last=2635us | open lead=231us max=258us late=0 glen=4888 cc0=2888[0m
[00:22:06.348,662] [0m<inf> radiant_gate_mpsl: hiend: timer0=89 | lasted=2889us max=3485us | dur=2866us max=3463us short=0 | t0arm=31us stale=93[0m
[00:22:06.348,683] [0m<inf> radiant_gate_mpsl: gate: acq=117 in_grant=89/89 placed=115 granted=98 blocked=16 cancel=0 eagain=10 near=0 long=0 ext=198/4 dead=0 | den pend=3 anch=4 dist=0 degen=0 nosess=0 owed=0 | sent grant=1 dead=0 blk=16 supp=89 | end=98 (norm=98 rel=0 idle=0 late=0) | bad over=0 inval=0 unk=0 inl=16 | len=4888/4888 el=3500 skew=6055 brun=0 sig=7 g=0 hw=0 p=1 rel=0 end=1 boot=0 anchor=1 owes=1[0m
[00:22:06.446,270] [0m<inf> radiant_api: SWEEP set=1 steer=0 dwell=198687/260000 adv=1 sweeps=0 win=1 ok=2 searching=0 carrier=255 | chunks=20 preempt=0 missed=0 ebusy=0 rej=0 | pumps=855 hk=854 | scan_us=1884000/20 track_us=23332/91 | end ok=0 abrt=4 miss=0 fail=0 deny=23 replan=0[0m
[00:22:07.348,755] [0m<inf> radiant_gate_mpsl: hi: acq=94 den=0 resv=0 pend=94 blk=0 grant=93[0m
[00:22:07.348,771] [0m<inf> radiant_gate_mpsl: seam: grant=97 nostage=0 prog=97/0 | sigrad=188 sigt0=295 isr=188 end=95 dis=0 term=20 | ramp=97/5 state=0 ev=0x13 rxen saved=0x80000014 cont=0x13f a=0x80000014 p=0x80000014 e=0x80000014 inten=0x00000140[0m
[00:22:07.348,780] [0m<inf> radiant_gate_mpsl: sw: n=93 wipe=0 ramp=93 wipe+ramp=0 rx=93 wipe+rx=0 | started=93 early=0/0us last=2635us | open lead=231us max=258us late=0 glen=4888 cc0=2888[0m
[00:22:07.348,814] [0m<inf> radiant_gate_mpsl: hiend: timer0=93 | lasted=2889us max=3485us | dur=2866us max=3463us short=0 | t0arm=31us stale=97[0m
[00:22:07.348,832] [0m<inf> radiant_gate_mpsl: gate: acq=121 in_grant=93/93 placed=119 granted=102 blocked=16 cancel=0 eagain=10 near=0 long=0 ext=198/4 dead=0 | den pend=3 anch=4 dist=0 degen=0 nosess=0 owed=0 | sent grant=1 dead=0 blk=16 supp=93 | end=102 (norm=102 rel=0 idle=0 late=0) | bad over=0 inval=0 unk=0 inl=16 | len=4888/4888 el=3500 skew=6055 brun=0 sig=7 g=0 hw=0 p=1 rel=0 end=1 boot=0 anchor=1 owes=1[0m
[00:22:07.495,246] [0m<inf> radiant_api: SWEEP set=1 steer=0 dwell=198687/260000 adv=1 sweeps=0 win=1 ok=2 searching=0 carrier=255 | chunks=20 preempt=0 missed=0 ebusy=0 rej=0 | pumps=880 hk=879 | scan_us=1884000/20 track_us=24148/95 | end ok=0 abrt=4 miss=0 fail=0 deny=23 replan=0[0m
[00:22:08.348,905] [0m<inf> radiant_gate_mpsl: hi: acq=98 den=0 resv=0 pend=98 blk=0 grant=97[0m
[00:22:08.348,917] [0m<inf> radiant_gate_mpsl: seam: grant=101 nostage=0 prog=101/0 | sigrad=196 sigt0=299 isr=196 end=99 dis=0 term=20 | ramp=101/5 state=0 ev=0x13 rxen saved=0x80000014 cont=0x13f a=0x80000014 p=0x80000014 e=0x80000014 inten=0x00000140[0m
[00:22:08.348,926] [0m<inf> radiant_gate_mpsl: sw: n=97 wipe=0 ramp=97 wipe+ramp=0 rx=97 wipe+rx=0 | started=97 early=0/0us last=2635us | open lead=230us max=258us late=0 glen=4888 cc0=2888[0m
[00:22:08.348,956] [0m<inf> radiant_gate_mpsl: hiend: timer0=97 | lasted=2889us max=3485us | dur=2866us max=3463us short=0 | t0arm=31us stale=101[0m
[00:22:08.348,977] [0m<inf> radiant_gate_mpsl: gate: acq=125 in_grant=97/97 placed=123 granted=106 blocked=16 cancel=0 eagain=10 near=0 long=0 ext=198/4 dead=0 | den pend=3 anch=4 dist=0 degen=0 nosess=0 owed=0 | sent grant=1 dead=0 blk=16 supp=97 | end=106 (norm=106 rel=0 idle=0 late=0) | bad over=0 inval=0 unk=0 inl=16 | len=4888/4888 el=3500 skew=6055 brun=0 sig=7 g=0 hw=0 p=1 rel=0 end=1 boot=0 anchor=1 owes=1[0m
[00:22:08.544,110] [0m<inf> radiant_api: SWEEP set=1 steer=0 dwell=198687/260000 adv=1 sweeps=0 win=1 ok=2 searching=0 carrier=255 | chunks=20 preempt=0 missed=0 ebusy=0 rej=0 | pumps=905 hk=904 | scan_us=1884000/20 track_us=24964/99 | end ok=0 abrt=4 miss=0 fail=0 deny=23 replan=0[0m
[00:22:09.349,049] [0m<inf> radiant_gate_mpsl: hi: acq=102 den=0 resv=0 pend=102 blk=0 grant=101[0m
[00:22:09.349,065] [0m<inf> radiant_gate_mpsl: seam: grant=105 nostage=0 prog=105/0 | sigrad=204 sigt0=303 isr=204 end=103 dis=0 term=20 | ramp=105/5 state=0 ev=0x13 rxen saved=0x80000014 cont=0x13f a=0x80000014 p=0x80000014 e=0x80000014 inten=0x00000140[0m
[00:22:09.349,074] [0m<inf> radiant_gate_mpsl: sw: n=101 wipe=0 ramp=101 wipe+ramp=0 rx=101 wipe+rx=0 | started=101 early=0/0us last=2635us | open lead=231us max=258us late=0 glen=4888 cc0=2888[0m
[00:22:09.349,109] [0m<inf> radiant_gate_mpsl: hiend: timer0=101 | lasted=2889us max=3485us | dur=2865us max=3463us short=0 | t0arm=31us stale=105[0m
[00:22:09.349,127] [0m<inf> radiant_gate_mpsl: gate: acq=129 in_grant=101/101 placed=127 granted=110 blocked=16 cancel=0 eagain=10 near=0 long=0 ext=198/4 dead=0 | den pend=3 anch=4 dist=0 degen=0 nosess=0 owed=0 | sent grant=1 dead=0 blk=16 supp=101 | end=110 (norm=110 rel=0 idle=0 late=0) | bad over=0 inval=0 unk=0 inl=16 | len=4888/4888 el=3500 skew=6055 brun=0 sig=7 g=0 hw=0 p=1 rel=0 end=1 boot=0 anchor=1 owes=1[0m
[00:22:09.593,116] [0m<inf> radiant_api: SWEEP set=1 steer=0 dwell=198687/260000 adv=1 sweeps=0 win=1 ok=2 searching=0 carrier=255 | chunks=20 preempt=0 missed=0 ebusy=0 rej=0 | pumps=930 hk=929 | scan_us=1884000/20 track_us=25780/103 | end ok=0 abrt=4 miss=0 fail=0 deny=23 replan=0[0m
[00:22:10.316,449] [0m<inf> thread_coex: thread load: role=2 sent=300 failed=0 interval=100ms payload=64B[0m
[00:22:10.316,459] [0m<inf> thread_coex: thread lat us: <64=0 64=0 128=295 256=5 512=0 1k=0 2k=0 4k=0 8k=0 16k=0 32k=0 64k=0 >=128k=0 max=431[0m
[00:22:10.316,467] [0m<inf> thread_coex: thread mac d: tx=200 retry=0 cca=0 abort=0 busy=0 | tot tx=731 retry=4 cca=0 abort=0 busy=0[0m
[00:22:10.349,197] [0m<inf> radiant_gate_mpsl: hi: acq=106 den=0 resv=0 pend=106 blk=0 grant=105[0m
[00:22:10.349,211] [0m<inf> radiant_gate_mpsl: seam: grant=109 nostage=0 prog=109/0 | sigrad=212 sigt0=307 isr=212 end=107 dis=0 term=20 | ramp=109/5 state=0 ev=0x13 rxen saved=0x80000014 cont=0x13f a=0x80000014 p=0x80000014 e=0x80000014 inten=0x00000140[0m
[00:22:10.349,221] [0m<inf> radiant_gate_mpsl: sw: n=105 wipe=0 ramp=105 wipe+ramp=0 rx=105 wipe+rx=0 | started=105 early=0/0us last=2634us | open lead=231us max=258us late=0 glen=4888 cc0=2888[0m
[00:22:10.349,253] [0m<inf> radiant_gate_mpsl: hiend: timer0=105 | lasted=2889us max=3485us | dur=2866us max=3463us short=0 | t0arm=31us stale=109[0m
[00:22:10.349,271] [0m<inf> radiant_gate_mpsl: gate: acq=133 in_grant=105/105 placed=131 granted=114 blocked=16 cancel=0 eagain=10 near=0 long=0 ext=198/4 dead=0 | den pend=3 anch=4 dist=0 degen=0 nosess=0 owed=0 | sent grant=1 dead=0 blk=16 supp=105 | end=114 (norm=114 rel=0 idle=0 late=0) | bad over=0 inval=0 unk=0 inl=16 | len=4888/4888 el=3500 skew=6055 brun=0 sig=7 g=0 hw=0 p=1 rel=0 end=1 boot=0 anchor=1 owes=1[0m
[00:22:10.640,970] [0m<inf> radiant_api: SWEEP set=1 steer=0 dwell=198687/260000 adv=1 sweeps=0 win=1 ok=2 searching=0 carrier=255 | chunks=20 preempt=0 missed=0 ebusy=0 rej=0 | pumps=955 hk=954 | scan_us=1884000/20 track_us=26800/108 | end ok=0 abrt=4 miss=0 fail=0 deny=23 replan=0[0m
[00:22:11.349,343] [0m<inf> radiant_gate_mpsl: hi: acq=110 den=0 resv=0 pend=110 blk=0 grant=109[0m
[00:22:11.349,354] [0m<inf> radiant_gate_mpsl: seam: grant=113 nostage=0 prog=113/0 | sigrad=220 sigt0=311 isr=220 end=111 dis=0 term=20 | ramp=113/5 state=0 ev=0x13 rxen saved=0x80000014 cont=0x13f a=0x80000014 p=0x80000014 e=0x80000014 inten=0x00000140[0m
[00:22:11.349,363] [0m<inf> radiant_gate_mpsl: sw: n=109 wipe=0 ramp=109 wipe+ramp=0 rx=109 wipe+rx=0 | started=109 early=0/0us last=2635us | open lead=230us max=258us late=0 glen=4888 cc0=2888[0m
[00:22:11.349,397] [0m<inf> radiant_gate_mpsl: hiend: timer0=109 | lasted=2889us max=3485us | dur=2866us max=3463us short=0 | t0arm=31us stale=113[0m
[00:22:11.349,416] [0m<inf> radiant_gate_mpsl: gate: acq=137 in_grant=109/109 placed=135 granted=118 blocked=16 cancel=0 eagain=10 near=0 long=0 ext=198/4 dead=0 | den pend=3 anch=4 dist=0 degen=0 nosess=0 owed=0 | sent grant=1 dead=0 blk=16 supp=109 | end=118 (norm=118 rel=0 idle=0 late=0) | bad over=0 inval=0 unk=0 inl=16 | len=4888/4888 el=3500 skew=6055 brun=0 sig=7 g=0 hw=0 p=1 rel=0 end=1 boot=0 anchor=1 owes=1[0m
[00:22:11.689,921] [0m<inf> radiant_api: SWEEP set=1 steer=0 dwell=198687/260000 adv=1 sweeps=0 win=1 ok=2 searching=0 carrier=255 | chunks=20 preempt=0 missed=0 ebusy=0 rej=0 | pumps=981 hk=980 | scan_us=1884000/20 track_us=27616/112 | end ok=0 abrt=4 miss=0 fail=0 deny=23 replan=0[0m
[00:22:12.349,505] [0m<inf> radiant_gate_mpsl: hi: acq=114 den=0 resv=0 pend=114 blk=0 grant=113[0m
[00:22:12.349,521] [0m<inf> radiant_gate_mpsl: seam: grant=117 nostage=0 prog=117/0 | sigrad=228 sigt0=315 isr=228 end=115 dis=0 term=20 | ramp=117/5 state=0 ev=0x13 rxen saved=0x80000014 cont=0x13f a=0x80000014 p=0x80000014 e=0x80000014 inten=0x00000140[0m
[00:22:12.349,530] [0m<inf> radiant_gate_mpsl: sw: n=113 wipe=0 ramp=113 wipe+ramp=0 rx=113 wipe+rx=0 | started=113 early=0/0us last=2635us | open lead=231us max=258us late=0 glen=4888 cc0=2888[0m
[00:22:12.349,565] [0m<inf> radiant_gate_mpsl: hiend: timer0=113 | lasted=2889us max=3485us | dur=2865us max=3463us short=0 | t0arm=31us stale=117[0m
[00:22:12.349,583] [0m<inf> radiant_gate_mpsl: gate: acq=141 in_grant=113/113 placed=139 granted=122 blocked=16 cancel=0 eagain=10 near=0 long=0 ext=198/4 dead=0 | den pend=3 anch=4 dist=0 degen=0 nosess=0 owed=0 | sent grant=1 dead=0 blk=16 supp=113 | end=122 (norm=122 rel=0 idle=0 late=0) | bad over=0 inval=0 unk=0 inl=16 | len=4888/4888 el=3500 skew=6055 brun=0 sig=7 g=0 hw=0 p=1 rel=0 end=1 boot=0 anchor=1 owes=1[0m
[00:22:12.738,884] [0m<inf> radiant_api: SWEEP set=1 steer=0 dwell=198687/260000 adv=1 sweeps=0 win=1 ok=2 searching=0 carrier=255 | chunks=20 preempt=0 missed=0 ebusy=0 rej=0 | pumps=1006 hk=1005 | scan_us=1884000/20 track_us=28432/116 | end ok=0 abrt=4 miss=0 fail=0 deny=23 replan=0[0m
[00:22:13.349,653] [0m<inf> radiant_gate_mpsl: hi: acq=118 den=0 resv=0 pend=118 blk=0 grant=117[0m
[00:22:13.349,665] [0m<inf> radiant_gate_mpsl: seam: grant=121 nostage=0 prog=121/0 | sigrad=236 sigt0=319 isr=236 end=119 dis=0 term=20 | ramp=121/5 state=0 ev=0x13 rxen saved=0x80000014 cont=0x13f a=0x80000014 p=0x80000014 e=0x80000014 inten=0x00000140[0m
[00:22:13.349,674] [0m<inf> radiant_gate_mpsl: sw: n=117 wipe=0 ramp=117 wipe+ramp=0 rx=117 wipe+rx=0 | started=117 early=0/0us last=2634us | open lead=231us max=258us late=0 glen=4888 cc0=2888[0m
[00:22:13.349,705] [0m<inf> radiant_gate_mpsl: hiend: timer0=117 | lasted=2889us max=3485us | dur=2866us max=3463us short=0 | t0arm=31us stale=121[0m
[00:22:13.349,726] [0m<inf> radiant_gate_mpsl: gate: acq=145 in_grant=117/117 placed=143 granted=126 blocked=16 cancel=0 eagain=10 near=0 long=0 ext=198/4 dead=0 | den pend=3 anch=4 dist=0 degen=0 nosess=0 owed=0 | sent grant=1 dead=0 blk=16 supp=117 | end=126 (norm=126 rel=0 idle=0 late=0) | bad over=0 inval=0 unk=0 inl=16 | len=4888/4888 el=3500 skew=6055 brun=0 sig=7 g=0 hw=0 p=1 rel=0 end=1 boot=0 anchor=1 owes=1[0m
[00:22:13.787,814] [0m<inf> radiant_api: SWEEP set=1 steer=0 dwell=198687/260000 adv=1 sweeps=0 win=1 ok=2 searching=0 carrier=255 | chunks=20 preempt=0 missed=0 ebusy=0 rej=0 | pumps=1031 hk=1030 | scan_us=1884000/20 track_us=29248/120 | end ok=0 abrt=4 miss=0 fail=0 deny=23 replan=0[0m
[00:22:14.349,817] [0m<inf> radiant_gate_mpsl: hi: acq=122 den=0 resv=0 pend=122 blk=0 grant=121[0m
[00:22:14.349,828] [0m<inf> radiant_gate_mpsl: seam: grant=125 nostage=0 prog=125/0 | sigrad=244 sigt0=323 isr=244 end=123 dis=0 term=20 | ramp=125/5 state=0 ev=0x13 rxen saved=0x80000014 cont=0x13f a=0x80000014 p=0x80000014 e=0x80000014 inten=0x00000140[0m
[00:22:14.349,837] [0m<inf> radiant_gate_mpsl: sw: n=121 wipe=0 ramp=121 wipe+ramp=0 rx=121 wipe+rx=0 | started=121 early=0/0us last=2635us | open lead=230us max=258us late=0 glen=4888 cc0=2888[0m
[00:22:14.349,871] [0m<inf> radiant_gate_mpsl: hiend: timer0=121 | lasted=2889us max=3485us | dur=2866us max=3463us short=0 | t0arm=32us stale=125[0m
[00:22:14.349,890] [0m<inf> radiant_gate_mpsl: gate: acq=149 in_grant=121/121 placed=147 granted=130 blocked=16 cancel=0 eagain=10 near=0 long=0 ext=198/4 dead=0 | den pend=3 anch=4 dist=0 degen=0 nosess=0 owed=0 | sent grant=1 dead=0 blk=16 supp=121 | end=130 (norm=130 rel=0 idle=0 late=0) | bad over=0 inval=0 unk=0 inl=16 | len=4888/4888 el=3500 skew=6055 brun=0 sig=7 g=0 hw=0 p=1 rel=0 end=1 boot=0 anchor=1 owes=1[0m
[00:22:14.836,829] [0m<inf> radiant_api: SWEEP set=1 steer=0 dwell=198687/260000 adv=1 sweeps=0 win=1 ok=2 searching=0 carrier=255 | chunks=20 preempt=0 missed=0 ebusy=0 rej=0 | pumps=1056 hk=1055 | scan_us=1884000/20 track_us=30064/124 | end ok=0 abrt=4 miss=0 fail=0 deny=23 replan=0[0m
[00:22:15.349,979] [0m<inf> radiant_gate_mpsl: hi: acq=126 den=0 resv=0 pend=126 blk=0 grant=125[0m
[00:22:15.349,995] [0m<inf> radiant_gate_mpsl: seam: grant=129 nostage=0 prog=129/0 | sigrad=252 sigt0=327 isr=252 end=127 dis=0 term=20 | ramp=129/5 state=0 ev=0x13 rxen saved=0x80000014 cont=0x13f a=0x80000014 p=0x80000014 e=0x80000014 inten=0x00000140[0m
[00:22:15.350,004] [0m<inf> radiant_gate_mpsl: sw: n=125 wipe=0 ramp=125 wipe+ramp=0 rx=125 wipe+rx=0 | started=125 early=0/0us last=2635us | open lead=231us max=258us late=0 glen=4888 cc0=2888[0m
[00:22:15.350,038] [0m<inf> radiant_gate_mpsl: hiend: timer0=125 | lasted=2889us max=3485us | dur=2865us max=3463us short=0 | t0arm=32us stale=129[0m
[00:22:15.350,056] [0m<inf> radiant_gate_mpsl: gate: acq=153 in_grant=125/125 placed=151 granted=134 blocked=16 cancel=0 eagain=10 near=0 long=0 ext=198/4 dead=0 | den pend=3 anch=4 dist=0 degen=0 nosess=0 owed=0 | sent grant=1 dead=0 blk=16 supp=125 | end=134 (norm=134 rel=0 idle=0 late=0) | bad over=0 inval=0 unk=0 inl=16 | len=4888/4888 el=3500 skew=6055 brun=0 sig=7 g=0 hw=0 p=1 rel=0 end=1 boot=0 anchor=1 owes=1[0m
[00:22:15.884,600] [0m<inf> radiant_api: SWEEP set=1 steer=0 dwell=198687/260000 adv=1 sweeps=0 win=1 ok=2 searching=0 carrier=255 | chunks=20 preempt=0 missed=0 ebusy=0 rej=0 | pumps=1081 hk=1080 | scan_us=1884000/20 track_us=31084/129 | end ok=0 abrt=4 miss=0 fail=0 deny=23 replan=0[0m
[00:22:16.350,117] [0m<inf> radiant_gate_mpsl: hi: acq=130 den=0 resv=0 pend=130 blk=0 grant=129[0m
[00:22:16.350,128] [0m<inf> radiant_gate_mpsl: seam: grant=133 nostage=0 prog=133/0 | sigrad=260 sigt0=331 isr=260 end=131 dis=0 term=20 | ramp=133/5 state=0 ev=0x13 rxen saved=0x80000014 cont=0x13f a=0x80000014 p=0x80000014 e=0x80000014 inten=0x00000140[0m
[00:22:16.350,137] [0m<inf> radiant_gate_mpsl: sw: n=129 wipe=0 ramp=129 wipe+ramp=0 rx=129 wipe+rx=0 | started=129 early=0/0us last=2634us | open lead=231us max=258us late=0 glen=4888 cc0=2888[0m
[00:22:16.350,169] [0m<inf> radiant_gate_mpsl: hiend: timer0=129 | lasted=2889us max=3485us | dur=2866us max=3463us short=0 | t0arm=32us stale=133[0m
[00:22:16.350,191] [0m<inf> radiant_gate_mpsl: gate: acq=157 in_grant=129/129 placed=155 granted=138 blocked=16 cancel=0 eagain=11 near=0 long=0 ext=198/4 dead=0 | den pend=3 anch=4 dist=0 degen=0 nosess=0 owed=0 | sent grant=1 dead=0 blk=16 supp=129 | end=138 (norm=138 rel=0 idle=0 late=0) | bad over=0 inval=0 unk=0 inl=16 | len=4888/4888 el=3500 skew=6055 brun=0 sig=7 g=0 hw=0 p=1 rel=0 end=1 boot=0 anchor=1 owes=1[0m
[00:22:16.933,700] [0m<inf> radiant_api: SWEEP set=1 steer=0 dwell=198687/260000 adv=1 sweeps=0 win=1 ok=2 searching=0 carrier=255 | chunks=20 preempt=0 missed=0 ebusy=0 rej=0 | pumps=1107 hk=1106 | scan_us=1884000/20 track_us=31900/133 | end ok=0 abrt=4 miss=0 fail=0 deny=23 replan=0[0m
[00:22:17.350,262] [0m<inf> radiant_gate_mpsl: hi: acq=134 den=0 resv=0 pend=134 blk=0 grant=133[0m
[00:22:17.350,274] [0m<inf> radiant_gate_mpsl: seam: grant=137 nostage=0 prog=137/0 | sigrad=268 sigt0=335 isr=268 end=135 dis=0 term=20 | ramp=137/5 state=0 ev=0x13 rxen saved=0x80000014 cont=0x13f a=0x80000014 p=0x80000014 e=0x80000014 inten=0x00000140[0m
[00:22:17.350,283] [0m<inf> radiant_gate_mpsl: sw: n=133 wipe=0 ramp=133 wipe+ramp=0 rx=133 wipe+rx=0 | started=133 early=0/0us last=2636us | open lead=231us max=258us late=0 glen=4888 cc0=2888[0m
[00:22:17.350,317] [0m<inf> radiant_gate_mpsl: hiend: timer0=133 | lasted=2890us max=3485us | dur=2867us max=3463us short=0 | t0arm=30us stale=137[0m
[00:22:17.350,335] [0m<inf> radiant_gate_mpsl: gate: acq=161 in_grant=133/133 placed=159 granted=142 blocked=16 cancel=0 eagain=13 near=0 long=0 ext=198/4 dead=0 | den pend=3 anch=4 dist=0 degen=0 nosess=0 owed=0 | sent grant=1 dead=0 blk=16 supp=133 | end=142 (norm=142 rel=0 idle=0 late=0) | bad over=0 inval=0 unk=0 inl=16 | len=4888/4888 el=3500 skew=6055 brun=0 sig=7 g=0 hw=0 p=1 rel=0 end=1 boot=0 anchor=1 owes=1[0m
[00:22:17.982,591] [0m<inf> radiant_api: SWEEP set=1 steer=0 dwell=198687/260000 adv=1 sweeps=0 win=1 ok=2 searching=0 carrier=255 | chunks=20 preempt=0 missed=0 ebusy=0 rej=0 | pumps=1132 hk=1131 | scan_us=1884000/20 track_us=32716/137 | end ok=0 abrt=4 miss=0 fail=0 deny=23 replan=0[0m
[00:22:18.350,415] [0m<inf> radiant_gate_mpsl: hi: acq=138 den=0 resv=0 pend=138 blk=0 grant=137[0m
[00:22:18.350,433] [0m<inf> radiant_gate_mpsl: seam: grant=141 nostage=0 prog=141/0 | sigrad=276 sigt0=339 isr=276 end=139 dis=0 term=20 | ramp=141/5 state=0 ev=0x13 rxen saved=0x80000014 cont=0x13f a=0x80000014 p=0x80000014 e=0x80000014 inten=0x00000140[0m
[00:22:18.350,442] [0m<inf> radiant_gate_mpsl: sw: n=137 wipe=0 ramp=137 wipe+ramp=0 rx=137 wipe+rx=0 | started=137 early=0/0us last=2636us | open lead=231us max=258us late=0 glen=4888 cc0=2888[0m
[00:22:18.350,476] [0m<inf> radiant_gate_mpsl: hiend: timer0=137 | lasted=2889us max=3485us | dur=2866us max=3463us short=0 | t0arm=31us stale=141[0m
[00:22:18.350,494] [0m<inf> radiant_gate_mpsl: gate: acq=165 in_grant=137/137 placed=163 granted=146 blocked=16 cancel=0 eagain=13 near=0 long=0 ext=198/4 dead=0 | den pend=3 anch=4 dist=0 degen=0 nosess=0 owed=0 | sent grant=1 dead=0 blk=16 supp=137 | end=146 (norm=146 rel=0 idle=0 late=0) | bad over=0 inval=0 unk=0 inl=16 | len=4888/4888 el=3500 skew=6055 brun=0 sig=7 g=0 hw=0 p=1 rel=0 end=1 boot=0 anchor=1 owes=1[0m
[00:22:19.031,590] [0m<inf> radiant_api: SWEEP set=1 steer=0 dwell=198687/260000 adv=1 sweeps=0 win=1 ok=2 searching=0 carrier=255 | chunks=20 preempt=0 missed=0 ebusy=0 rej=0 | pumps=1157 hk=1156 | scan_us=1884000/20 track_us=33532/141 | end ok=0 abrt=4 miss=0 fail=0 deny=23 replan=0[0m
[00:22:19.350,562] [0m<inf> radiant_gate_mpsl: hi: acq=142 den=0 resv=0 pend=142 blk=0 grant=141[0m
[00:22:19.350,573] [0m<inf> radiant_gate_mpsl: seam: grant=145 nostage=0 prog=145/0 | sigrad=284 sigt0=343 isr=284 end=143 dis=0 term=20 | ramp=145/5 state=0 ev=0x13 rxen saved=0x80000014 cont=0x13f a=0x80000014 p=0x80000014 e=0x80000014 inten=0x00000140[0m
[00:22:19.350,582] [0m<inf> radiant_gate_mpsl: sw: n=141 wipe=0 ramp=141 wipe+ramp=0 rx=141 wipe+rx=0 | started=141 early=0/0us last=2635us | open lead=231us max=258us late=0 glen=4888 cc0=2888[0m
[00:22:19.350,613] [0m<inf> radiant_gate_mpsl: hiend: timer0=141 | lasted=2889us max=3485us | dur=2867us max=3463us short=0 | t0arm=30us stale=145[0m
[00:22:19.350,635] [0m<inf> radiant_gate_mpsl: gate: acq=169 in_grant=141/141 placed=167 granted=150 blocked=16 cancel=0 eagain=13 near=0 long=0 ext=198/4 dead=0 | den pend=3 anch=4 dist=0 degen=0 nosess=0 owed=0 | sent grant=1 dead=0 blk=16 supp=141 | end=150 (norm=150 rel=0 idle=0 late=0) | bad over=0 inval=0 unk=0 inl=16 | len=4888/4888 el=3500 skew=6055 brun=0 sig=7 g=0 hw=0 p=1 rel=0 end=1 boot=0 anchor=1 owes=1[0m
[00:22:20.078,597] [0m<inf> radiant_api: SWEEP set=1 steer=0 dwell=198687/260000 adv=1 sweeps=0 win=1 ok=2 searching=0 carrier=255 | chunks=20 preempt=0 missed=0 ebusy=0 rej=0 | pumps=1182 hk=1181 | scan_us=1884000/20 track_us=34348/145 | end ok=0 abrt=4 miss=0 fail=0 deny=23 replan=0[0m
[00:22:20.339,961] [0m<inf> thread_coex: thread load: role=2 sent=400 failed=0 interval=100ms payload=64B[0m
[00:22:20.339,971] [0m<inf> thread_coex: thread lat us: <64=0 64=0 128=395 256=5 512=0 1k=0 2k=0 4k=0 8k=0 16k=0 32k=0 64k=0 >=128k=0 max=431[0m
[00:22:20.339,980] [0m<inf> thread_coex: thread mac d: tx=200 retry=2 cca=0 abort=0 busy=0 | tot tx=931 retry=6 cca=0 abort=0 busy=0[0m
[00:22:20.350,709] [0m<inf> radiant_gate_mpsl: hi: acq=146 den=0 resv=0 pend=146 blk=0 grant=145[0m
[00:22:20.350,721] [0m<inf> radiant_gate_mpsl: seam: grant=149 nostage=0 prog=149/0 | sigrad=292 sigt0=347 isr=292 end=147 dis=0 term=20 | ramp=149/5 state=0 ev=0x13 rxen saved=0x80000014 cont=0x13f a=0x80000014 p=0x80000014 e=0x80000014 inten=0x00000140[0m
[00:22:20.350,730] [0m<inf> radiant_gate_mpsl: sw: n=145 wipe=0 ramp=145 wipe+ramp=0 rx=145 wipe+rx=0 | started=145 early=0/0us last=2635us | open lead=231us max=258us late=0 glen=4888 cc0=2888[0m
[00:22:20.350,764] [0m<inf> radiant_gate_mpsl: hiend: timer0=145 | lasted=2889us max=3485us | dur=2865us max=3463us short=0 | t0arm=31us stale=149[0m
[00:22:20.350,782] [0m<inf> radiant_gate_mpsl: gate: acq=173 in_grant=145/145 placed=171 granted=154 blocked=16 cancel=0 eagain=14 near=0 long=0 ext=198/4 dead=0 | den pend=3 anch=4 dist=0 degen=0 nosess=0 owed=0 | sent grant=1 dead=0 blk=16 supp=145 | end=154 (norm=154 rel=0 idle=0 late=0) | bad over=0 inval=0 unk=0 inl=16 | len=4888/4888 el=3500 skew=6055 brun=0 sig=7 g=0 hw=0 p=1 rel=0 end=1 boot=0 anchor=1 owes=1[0m
[00:22:21.128,222] [0m<inf> radiant_api: SWEEP set=1 steer=0 dwell=198687/260000 adv=1 sweeps=0 win=1 ok=2 searching=0 carrier=255 | chunks=20 preempt=0 missed=0 ebusy=0 rej=0 | pumps=1207 hk=1206 | scan_us=1884000/20 track_us=35368/150 | end ok=0 abrt=4 miss=0 fail=0 deny=23 replan=0[0m
[00:22:21.350,889] [0m<inf> radiant_gate_mpsl: hi: acq=150 den=0 resv=0 pend=150 blk=0 grant=149[0m
[00:22:21.350,907] [0m<inf> radiant_gate_mpsl: seam: grant=153 nostage=0 prog=153/0 | sigrad=300 sigt0=351 isr=300 end=151 dis=0 term=20 | ramp=153/5 state=0 ev=0x13 rxen saved=0x80000014 cont=0x13f a=0x80000014 p=0x80000014 e=0x80000014 inten=0x00000140[0m
[00:22:21.350,916] [0m<inf> radiant_gate_mpsl: sw: n=149 wipe=0 ramp=149 wipe+ramp=0 rx=149 wipe+rx=0 | started=149 early=0/0us last=2635us | open lead=231us max=258us late=0 glen=4888 cc0=2888[0m
[00:22:21.350,950] [0m<inf> radiant_gate_mpsl: hiend: timer0=149 | lasted=2889us max=3485us | dur=2866us max=3463us short=0 | t0arm=31us stale=153[0m
[00:22:21.350,968] [0m<inf> radiant_gate_mpsl: gate: acq=177 in_grant=149/149 placed=175 granted=158 blocked=16 cancel=0 eagain=16 near=0 long=0 ext=198/4 dead=0 | den pend=3 anch=4 dist=0 degen=0 nosess=0 owed=0 | sent grant=1 dead=0 blk=16 supp=149 | end=158 (norm=158 rel=0 idle=0 late=0) | bad over=0 inval=0 unk=0 inl=16 | len=4888/4888 el=3500 skew=6055 brun=0 sig=7 g=0 hw=0 p=1 rel=0 end=1 boot=0 anchor=1 owes=1[0m
[00:22:22.177,405] [0m<inf> radiant_api: SWEEP set=1 steer=0 dwell=198687/260000 adv=1 sweeps=0 win=1 ok=2 searching=0 carrier=255 | chunks=20 preempt=0 missed=0 ebusy=0 rej=0 | pumps=1233 hk=1232 | scan_us=1884000/20 track_us=36184/154 | end ok=0 abrt=4 miss=0 fail=0 deny=23 replan=0[0m
[00:22:22.351,021] [0m<inf> radiant_gate_mpsl: hi: acq=154 den=0 resv=0 pend=154 blk=0 grant=153[0m
[00:22:22.351,032] [0m<inf> radiant_gate_mpsl: seam: grant=157 nostage=0 prog=157/0 | sigrad=308 sigt0=355 isr=308 end=155 dis=0 term=20 | ramp=157/5 state=0 ev=0x13 rxen saved=0x80000014 cont=0x13f a=0x80000014 p=0x80000014 e=0x80000014 inten=0x00000140[0m
[00:22:22.351,043] [0m<inf> radiant_gate_mpsl: sw: n=153 wipe=0 ramp=153 wipe+ramp=0 rx=153 wipe+rx=0 | started=153 early=0/0us last=2635us | open lead=231us max=258us late=0 glen=4888 cc0=2888[0m
[00:22:22.351,074] [0m<inf> radiant_gate_mpsl: hiend: timer0=153 | lasted=2889us max=3485us | dur=2866us max=3463us short=0 | t0arm=31us stale=157[0m
[00:22:22.351,095] [0m<inf> radiant_gate_mpsl: gate: acq=181 in_grant=153/153 placed=179 granted=162 blocked=16 cancel=0 eagain=17 near=0 long=0 ext=198/4 dead=0 | den pend=3 anch=4 dist=0 degen=0 nosess=0 owed=0 | sent grant=1 dead=0 blk=16 supp=153 | end=162 (norm=162 rel=0 idle=0 late=0) | bad over=0 inval=0 unk=0 inl=16 | len=4888/4888 el=3500 skew=6055 brun=0 sig=7 g=0 hw=0 p=1 rel=0 end=1 boot=0 anchor=1 owes=1[0m
[00:22:23.226,121] [0m<inf> radiant_api: SWEEP set=1 steer=0 dwell=198687/260000 adv=1 sweeps=0 win=1 ok=2 searching=0 carrier=255 | chunks=20 preempt=0 missed=0 ebusy=0 rej=0 | pumps=1258 hk=1257 | scan_us=1884000/20 track_us=37000/158 | end ok=0 abrt=4 miss=0 fail=0 deny=23 replan=0[0m
[00:22:23.351,161] [0m<inf> radiant_gate_mpsl: hi: acq=158 den=0 resv=0 pend=158 blk=0 grant=157[0m
[00:22:23.351,172] [0m<inf> radiant_gate_mpsl: seam: grant=161 nostage=0 prog=161/0 | sigrad=316 sigt0=359 isr=316 end=159 dis=0 term=20 | ramp=161/5 state=0 ev=0x13 rxen saved=0x80000014 cont=0x13f a=0x80000014 p=0x80000014 e=0x80000014 inten=0x00000140[0m
[00:22:23.351,181] [0m<inf> radiant_gate_mpsl: sw: n=157 wipe=0 ramp=157 wipe+ramp=0 rx=157 wipe+rx=0 | started=157 early=0/0us last=2635us | open lead=231us max=258us late=0 glen=4888 cc0=2888[0m
[00:22:23.351,215] [0m<inf> radiant_gate_mpsl: hiend: timer0=157 | lasted=2889us max=3485us | dur=2865us max=3463us short=0 | t0arm=31us stale=161[0m
[00:22:23.351,233] [0m<inf> radiant_gate_mpsl: gate: acq=185 in_grant=157/157 placed=183 granted=166 blocked=16 cancel=0 eagain=17 near=0 long=0 ext=198/4 dead=0 | den pend=3 anch=4 dist=0 degen=0 nosess=0 owed=0 | sent grant=1 dead=0 blk=16 supp=157 | end=166 (norm=166 rel=0 idle=0 late=0) | bad over=0 inval=0 unk=0 inl=16 | len=4888/4888 el=3500 skew=6055 brun=0 sig=7 g=0 hw=0 p=1 rel=0 end=1 boot=0 anchor=1 owes=1[0m
[00:22:24.275,053] [0m<inf> radiant_api: SWEEP set=1 steer=0 dwell=198687/260000 adv=1 sweeps=0 win=1 ok=2 searching=0 carrier=255 | chunks=20 preempt=0 missed=0 ebusy=0 rej=0 | pumps=1283 hk=1282 | scan_us=1884000/20 track_us=37816/162 | end ok=0 abrt=4 miss=0 fail=0 deny=23 replan=0[0m
[00:22:24.351,318] [0m<inf> radiant_gate_mpsl: hi: acq=162 den=0 resv=0 pend=162 blk=0 grant=161[0m
[00:22:24.351,329] [0m<inf> radiant_gate_mpsl: seam: grant=165 nostage=0 prog=165/0 | sigrad=324 sigt0=363 isr=324 end=163 dis=0 term=20 | ramp=165/5 state=0 ev=0x13 rxen saved=0x80000014 cont=0x13f a=0x80000014 p=0x80000014 e=0x80000014 inten=0x00000140[0m
[00:22:24.351,338] [0m<inf> radiant_gate_mpsl: sw: n=161 wipe=0 ramp=161 wipe+ramp=0 rx=161 wipe+rx=0 | started=161 early=0/0us last=2635us | open lead=230us max=258us late=0 glen=4888 cc0=2888[0m
[00:22:24.351,369] [0m<inf> radiant_gate_mpsl: hiend: timer0=161 | lasted=2889us max=3485us | dur=2866us max=3463us short=0 | t0arm=31us stale=165[0m
[00:22:24.351,388] [0m<inf> radiant_gate_mpsl: gate: acq=189 in_grant=161/161 placed=187 granted=170 blocked=16 cancel=0 eagain=17 near=0 long=0 ext=198/4 dead=0 | den pend=3 anch=4 dist=0 degen=0 nosess=0 owed=0 | sent grant=1 dead=0 blk=16 supp=161 | end=170 (norm=170 rel=0 idle=0 late=0) | bad over=0 inval=0 unk=0 inl=16 | len=4888/4888 el=3500 skew=6055 brun=0 sig=7 g=0 hw=0 p=1 rel=0 end=1 boot=0 anchor=1 owes=1[0m
[00:22:25.323,982] [0m<inf> radiant_api: SWEEP set=1 steer=0 dwell=198687/260000 adv=1 sweeps=0 win=1 ok=2 searching=0 carrier=255 | chunks=20 preempt=0 missed=0 ebusy=0 rej=0 | pumps=1308 hk=1307 | scan_us=1884000/20 track_us=38632/166 | end ok=0 abrt=4 miss=0 fail=0 deny=23 replan=0[0m
[00:22:25.351,494] [0m<inf> radiant_gate_mpsl: hi: acq=166 den=0 resv=0 pend=166 blk=0 grant=165[0m
[00:22:25.351,505] [0m<inf> radiant_gate_mpsl: seam: grant=169 nostage=0 prog=169/0 | sigrad=332 sigt0=367 isr=332 end=167 dis=0 term=20 | ramp=169/5 state=0 ev=0x13 rxen saved=0x80000014 cont=0x13f a=0x80000014 p=0x80000014 e=0x80000014 inten=0x00000140[0m
[00:22:25.351,513] [0m<inf> radiant_gate_mpsl: sw: n=165 wipe=0 ramp=165 wipe+ramp=0 rx=165 wipe+rx=0 | started=165 early=0/0us last=2635us | open lead=231us max=258us late=0 glen=4888 cc0=2888[0m
[00:22:25.351,557] [0m<inf> radiant_gate_mpsl: hiend: timer0=165 | lasted=2889us max=3485us | dur=2865us max=3463us short=0 | t0arm=31us stale=169[0m
[00:22:25.351,575] [0m<inf> radiant_gate_mpsl: gate: acq=193 in_grant=165/165 placed=191 granted=174 blocked=16 cancel=0 eagain=17 near=0 long=0 ext=198/4 dead=0 | den pend=3 anch=4 dist=0 degen=0 nosess=0 owed=0 | sent grant=1 dead=0 blk=16 supp=165 | end=174 (norm=174 rel=0 idle=0 late=0) | bad over=0 inval=0 unk=0 inl=16 | len=4888/4888 el=3500 skew=6055 brun=0 sig=7 g=0 hw=0 p=1 rel=0 end=1 boot=0 anchor=1 owes=1[0m
[00:22:26.351,643] [0m<inf> radiant_gate_mpsl: hi: acq=170 den=0 resv=0 pend=170 blk=0 grant=169[0m
[00:22:26.351,654] [0m<inf> radiant_gate_mpsl: seam: grant=173 nostage=0 prog=173/0 | sigrad=340 sigt0=371 isr=340 end=171 dis=0 term=20 | ramp=173/5 state=0 ev=0x13 rxen saved=0x80000014 cont=0x13f a=0x80000014 p=0x80000014 e=0x80000014 inten=0x00000140[0m
[00:22:26.351,663] [0m<inf> radiant_gate_mpsl: sw: n=169 wipe=0 ramp=169 wipe+ramp=0 rx=169 wipe+rx=0 | started=169 early=0/0us last=2635us | open lead=231us max=258us late=0 glen=4888 cc0=2888[0m
[00:22:26.351,693] [0m<inf> radiant_gate_mpsl: hiend: timer0=169 | lasted=2889us max=3485us | dur=2866us max=3463us short=0 | t0arm=31us stale=173[0m
[00:22:26.351,711] [0m<inf> radiant_gate_mpsl: gate: acq=197 in_grant=169/169 placed=195 granted=178 blocked=16 cancel=0 eagain=17 near=0 long=0 ext=198/4 dead=0 | den pend=3 anch=4 dist=0 degen=0 nosess=0 owed=0 | sent grant=1 dead=0 blk=16 supp=169 | end=178 (norm=178 rel=0 idle=0 late=0) | bad over=0 inval=0 unk=0 inl=16 | len=4888/4888 el=3500 skew=6055 brun=0 sig=7 g=0 hw=0 p=1 rel=0 end=1 boot=0 anchor=1 owes=1[0m
[00:22:26.371,852] [0m<inf> radiant_api: SWEEP set=1 steer=0 dwell=198687/260000 adv=1 sweeps=0 win=1 ok=2 searching=0 carrier=255 | chunks=20 preempt=0 missed=0 ebusy=0 rej=0 | pumps=1333 hk=1332 | scan_us=1884000/20 track_us=39652/171 | end ok=0 abrt=4 miss=0 fail=0 deny=23 replan=0[0m
[00:22:27.351,810] [0m<inf> radiant_gate_mpsl: hi: acq=174 den=0 resv=0 pend=174 blk=0 grant=173[0m
[00:22:27.351,826] [0m<inf> radiant_gate_mpsl: seam: grant=177 nostage=0 prog=177/0 | sigrad=348 sigt0=375 isr=348 end=175 dis=0 term=20 | ramp=177/5 state=0 ev=0x13 rxen saved=0x80000014 cont=0x13f a=0x80000014 p=0x80000014 e=0x80000014 inten=0x00000140[0m
[00:22:27.351,835] [0m<inf> radiant_gate_mpsl: sw: n=173 wipe=0 ramp=173 wipe+ramp=0 rx=173 wipe+rx=0 | started=173 early=0/0us last=2635us | open lead=230us max=258us late=0 glen=4888 cc0=2888[0m
[00:22:27.351,869] [0m<inf> radiant_gate_mpsl: hiend: timer0=173 | lasted=2889us max=3485us | dur=2866us max=3463us short=0 | t0arm=31us stale=177[0m
[00:22:27.351,888] [0m<inf> radiant_gate_mpsl: gate: acq=201 in_grant=173/173 placed=199 granted=182 blocked=16 cancel=0 eagain=17 near=0 long=0 ext=198/4 dead=0 | den pend=3 anch=4 dist=0 degen=0 nosess=0 owed=0 | sent grant=1 dead=0 blk=16 supp=173 | end=182 (norm=182 rel=0 idle=0 late=0) | bad over=0 inval=0 unk=0 inl=16 | len=4888/4888 el=3500 skew=6055 brun=0 sig=7 g=0 hw=0 p=1 rel=0 end=1 boot=0 anchor=1 owes=1[0m
[00:22:27.420,836] [0m<inf> radiant_api: SWEEP set=1 steer=0 dwell=198687/260000 adv=1 sweeps=0 win=1 ok=2 searching=0 carrier=255 | chunks=20 preempt=0 missed=0 ebusy=0 rej=0 | pumps=1359 hk=1358 | scan_us=1884000/20 track_us=40468/175 | end ok=0 abrt=4 miss=0 fail=0 deny=23 replan=0[0m
[00:22:28.351,935] [0m<inf> radiant_gate_mpsl: hi: acq=178 den=0 resv=0 pend=178 blk=0 grant=177[0m
[00:22:28.351,946] [0m<inf> radiant_gate_mpsl: seam: grant=181 nostage=0 prog=181/0 | sigrad=356 sigt0=379 isr=356 end=179 dis=0 term=20 | ramp=181/5 state=0 ev=0x13 rxen saved=0x80000014 cont=0x13f a=0x80000014 p=0x80000014 e=0x80000014 inten=0x00000140[0m
[00:22:28.351,955] [0m<inf> radiant_gate_mpsl: sw: n=177 wipe=0 ramp=177 wipe+ramp=0 rx=177 wipe+rx=0 | started=177 early=0/0us last=2635us | open lead=231us max=258us late=0 glen=4888 cc0=2888[0m
[00:22:28.351,986] [0m<inf> radiant_gate_mpsl: hiend: timer0=177 | lasted=2889us max=3485us | dur=2865us max=3463us short=0 | t0arm=31us stale=181[0m
[00:22:28.352,009] [0m<inf> radiant_gate_mpsl: gate: acq=205 in_grant=177/177 placed=203 granted=186 blocked=16 cancel=0 eagain=17 near=0 long=0 ext=198/4 dead=0 | den pend=3 anch=4 dist=0 degen=0 nosess=0 owed=0 | sent grant=1 dead=0 blk=16 supp=177 | end=186 (norm=186 rel=0 idle=0 late=0) | bad over=0 inval=0 unk=0 inl=16 | len=4888/4888 el=3500 skew=6055 brun=0 sig=7 g=0 hw=0 p=1 rel=0 end=1 boot=0 anchor=1 owes=1[0m
[00:22:28.469,853] [0m<inf> radiant_api: SWEEP set=1 steer=0 dwell=198687/260000 adv=1 sweeps=0 win=1 ok=2 searching=0 carrier=255 | chunks=20 preempt=0 missed=0 ebusy=0 rej=0 | pumps=1384 hk=1383 | scan_us=1884000/20 track_us=41284/179 | end ok=0 abrt=4 miss=0 fail=0 deny=23 replan=0[0m
[00:22:29.352,079] [0m<inf> radiant_gate_mpsl: hi: acq=182 den=0 resv=0 pend=182 blk=0 grant=181[0m
[00:22:29.352,095] [0m<inf> radiant_gate_mpsl: seam: grant=185 nostage=0 prog=185/0 | sigrad=364 sigt0=383 isr=364 end=183 dis=0 term=20 | ramp=185/5 state=0 ev=0x13 rxen saved=0x80000014 cont=0x13f a=0x80000014 p=0x80000014 e=0x80000014 inten=0x00000140[0m
[00:22:29.352,104] [0m<inf> radiant_gate_mpsl: sw: n=181 wipe=0 ramp=181 wipe+ramp=0 rx=181 wipe+rx=0 | started=181 early=0/0us last=2634us | open lead=231us max=258us late=0 glen=4888 cc0=2888[0m
[00:22:29.352,139] [0m<inf> radiant_gate_mpsl: hiend: timer0=181 | lasted=2889us max=3485us | dur=2866us max=3463us short=0 | t0arm=31us stale=185[0m
[00:22:29.352,157] [0m<inf> radiant_gate_mpsl: gate: acq=209 in_grant=181/181 placed=207 granted=190 blocked=16 cancel=0 eagain=17 near=0 long=0 ext=198/4 dead=0 | den pend=3 anch=4 dist=0 degen=0 nosess=0 owed=0 | sent grant=1 dead=0 blk=16 supp=181 | end=190 (norm=190 rel=0 idle=0 late=0) | bad over=0 inval=0 unk=0 inl=16 | len=4888/4888 el=3500 skew=6055 brun=0 sig=7 g=0 hw=0 p=1 rel=0 end=1 boot=0 anchor=1 owes=1[0m
[00:22:29.518,857] [0m<inf> radiant_api: SWEEP set=1 steer=0 dwell=198687/260000 adv=1 sweeps=0 win=1 ok=2 searching=0 carrier=255 | chunks=20 preempt=0 missed=0 ebusy=0 rej=0 | pumps=1409 hk=1408 | scan_us=1884000/20 track_us=42100/183 | end ok=0 abrt=4 miss=0 fail=0 deny=23 replan=0[0m
[00:22:30.352,228] [0m<inf> radiant_gate_mpsl: hi: acq=186 den=0 resv=0 pend=186 blk=0 grant=185[0m
[00:22:30.352,239] [0m<inf> radiant_gate_mpsl: seam: grant=189 nostage=0 prog=189/0 | sigrad=372 sigt0=387 isr=372 end=187 dis=0 term=20 | ramp=189/5 state=0 ev=0x13 rxen saved=0x80000014 cont=0x13f a=0x80000014 p=0x80000014 e=0x80000014 inten=0x00000140[0m
[00:22:30.352,248] [0m<inf> radiant_gate_mpsl: sw: n=185 wipe=0 ramp=185 wipe+ramp=0 rx=185 wipe+rx=0 | started=185 early=0/0us last=2634us | open lead=232us max=258us late=0 glen=4888 cc0=2888[0m
[00:22:30.352,279] [0m<inf> radiant_gate_mpsl: hiend: timer0=185 | lasted=2889us max=3485us | dur=2866us max=3463us short=0 | t0arm=31us stale=189[0m
[00:22:30.352,300] [0m<inf> radiant_gate_mpsl: gate: acq=213 in_grant=185/185 placed=211 granted=194 blocked=16 cancel=0 eagain=17 near=0 long=0 ext=198/4 dead=0 | den pend=3 anch=4 dist=0 degen=0 nosess=0 owed=0 | sent grant=1 dead=0 blk=16 supp=185 | end=194 (norm=194 rel=0 idle=0 late=0) | bad over=0 inval=0 unk=0 inl=16 | len=4888/4888 el=3500 skew=6055 brun=0 sig=7 g=0 hw=0 p=1 rel=0 end=1 boot=0 anchor=1 owes=1[0m
[00:22:30.363,564] [0m<inf> thread_coex: thread load: role=2 sent=500 failed=0 interval=100ms payload=64B[0m
[00:22:30.363,574] [0m<inf> thread_coex: thread lat us: <64=0 64=0 128=495 256=5 512=0 1k=0 2k=0 4k=0 8k=0 16k=0 32k=0 64k=0 >=128k=0 max=431[0m
[00:22:30.363,582] [0m<inf> thread_coex: thread mac d: tx=200 retry=3 cca=0 abort=0 busy=0 | tot tx=1131 retry=9 cca=0 abort=0 busy=0[0m
[00:22:30.566,399] [0m<inf> radiant_api: SWEEP set=1 steer=0 dwell=198687/260000 adv=1 sweeps=0 win=1 ok=2 searching=0 carrier=255 | chunks=20 preempt=0 missed=0 ebusy=0 rej=0 | pumps=1434 hk=1433 | scan_us=1884000/20 track_us=42916/187 | end ok=0 abrt=4 miss=0 fail=0 deny=23 replan=0[0m
[00:22:31.352,372] [0m<inf> radiant_gate_mpsl: hi: acq=190 den=0 resv=0 pend=190 blk=0 grant=189[0m
[00:22:31.352,388] [0m<inf> radiant_gate_mpsl: seam: grant=193 nostage=0 prog=193/0 | sigrad=380 sigt0=391 isr=380 end=191 dis=0 term=20 | ramp=193/5 state=0 ev=0x13 rxen saved=0x80000014 cont=0x13f a=0x80000014 p=0x80000014 e=0x80000014 inten=0x00000140[0m
[00:22:31.352,397] [0m<inf> radiant_gate_mpsl: sw: n=189 wipe=0 ramp=189 wipe+ramp=0 rx=189 wipe+rx=0 | started=189 early=0/0us last=2635us | open lead=231us max=258us late=0 glen=4888 cc0=2888[0m
[00:22:31.352,431] [0m<inf> radiant_gate_mpsl: hiend: timer0=189 | lasted=2889us max=3485us | dur=2866us max=3463us short=0 | t0arm=31us stale=193[0m
[00:22:31.352,450] [0m<inf> radiant_gate_mpsl: gate: acq=217 in_grant=189/189 placed=215 granted=198 blocked=16 cancel=0 eagain=19 near=0 long=0 ext=198/4 dead=0 | den pend=3 anch=4 dist=0 degen=0 nosess=0 owed=0 | sent grant=1 dead=0 blk=16 supp=189 | end=198 (norm=198 rel=0 idle=0 late=0) | bad over=0 inval=0 unk=0 inl=16 | len=4888/4888 el=3500 skew=6055 brun=0 sig=7 g=0 hw=0 p=1 rel=0 end=1 boot=0 anchor=1 owes=1[0m
[00:22:31.567,191] [0m<inf> radiant_api: SWEEP set=1 steer=0 dwell=198687/260000 adv=1 sweeps=0 win=1 ok=2 searching=0 carrier=255 | chunks=20 preempt=0 missed=0 ebusy=0 rej=0 | pumps=1458 hk=1457 | scan_us=1884000/20 track_us=43732/191 | end ok=0 abrt=4 miss=0 fail=0 deny=23 replan=0[0m
[00:22:32.352,528] [0m<inf> radiant_gate_mpsl: hi: acq=194 den=0 resv=0 pend=194 blk=0 grant=193[0m
[00:22:32.352,539] [0m<inf> radiant_gate_mpsl: seam: grant=197 nostage=0 prog=197/0 | sigrad=388 sigt0=395 isr=388 end=195 dis=0 term=20 | ramp=197/5 state=0 ev=0x13 rxen saved=0x80000014 cont=0x13f a=0x80000014 p=0x80000014 e=0x80000014 inten=0x00000140[0m
[00:22:32.352,548] [0m<inf> radiant_gate_mpsl: sw: n=193 wipe=0 ramp=193 wipe+ramp=0 rx=193 wipe+rx=0 | started=193 early=0/0us last=2635us | open lead=230us max=258us late=0 glen=4888 cc0=2888[0m
[00:22:32.352,579] [0m<inf> radiant_gate_mpsl: hiend: timer0=193 | lasted=2889us max=3485us | dur=2866us max=3463us short=0 | t0arm=31us stale=197[0m
[00:22:32.352,600] [0m<inf> radiant_gate_mpsl: gate: acq=221 in_grant=193/193 placed=219 granted=202 blocked=16 cancel=0 eagain=19 near=0 long=0 ext=198/4 dead=0 | den pend=3 anch=4 dist=0 degen=0 nosess=0 owed=0 | sent grant=1 dead=0 blk=16 supp=193 | end=202 (norm=202 rel=0 idle=0 late=0) | bad over=0 inval=0 unk=0 inl=16 | len=4888/4888 el=3500 skew=6055 brun=0 sig=7 g=0 hw=0 p=1 rel=0 end=1 boot=0 anchor=1 owes=1[0m
[00:22:32.614,278] [0m<inf> radiant_api: SWEEP set=1 steer=0 dwell=198687/260000 adv=1 sweeps=0 win=1 ok=2 searching=0 carrier=255 | chunks=20 preempt=0 missed=0 ebusy=0 rej=0 | pumps=1483 hk=1482 | scan_us=1884000/20 track_us=44752/196 | end ok=0 abrt=4 miss=0 fail=0 deny=23 replan=0[0m
[00:22:33.352,671] [0m<inf> radiant_gate_mpsl: hi: acq=198 den=0 resv=0 pend=198 blk=0 grant=197[0m
[00:22:33.352,682] [0m<inf> radiant_gate_mpsl: seam: grant=201 nostage=0 prog=201/0 | sigrad=396 sigt0=399 isr=396 end=199 dis=0 term=20 | ramp=201/5 state=0 ev=0x13 rxen saved=0x80000014 cont=0x13f a=0x80000014 p=0x80000014 e=0x80000014 inten=0x00000140[0m
[00:22:33.352,691] [0m<inf> radiant_gate_mpsl: sw: n=197 wipe=0 ramp=197 wipe+ramp=0 rx=197 wipe+rx=0 | started=197 early=0/0us last=2635us | open lead=231us max=258us late=0 glen=4888 cc0=2888[0m
[00:22:33.352,725] [0m<inf> radiant_gate_mpsl: hiend: timer0=197 | lasted=2889us max=3485us | dur=2865us max=3463us short=0 | t0arm=31us stale=201[0m
[00:22:33.352,743] [0m<inf> radiant_gate_mpsl: gate: acq=225 in_grant=197/197 placed=223 granted=206 blocked=16 cancel=0 eagain=19 near=0 long=0 ext=198/4 dead=0 | den pend=3 anch=4 dist=0 degen=0 nosess=0 owed=0 | sent grant=1 dead=0 blk=16 supp=197 | end=206 (norm=206 rel=0 idle=0 late=0) | bad over=0 inval=0 unk=0 inl=16 | len=4888/4888 el=3500 skew=6055 brun=0 sig=7 g=0 hw=0 p=1 rel=0 end=1 boot=0 anchor=1 owes=1[0m
[00:22:33.663,244] [0m<inf> radiant_api: SWEEP set=1 steer=0 dwell=198687/260000 adv=1 sweeps=0 win=1 ok=2 searching=0 carrier=255 | chunks=20 preempt=0 missed=0 ebusy=0 rej=0 | pumps=1509 hk=1508 | scan_us=1884000/20 track_us=45568/200 | end ok=0 abrt=4 miss=0 fail=0 deny=23 replan=0[0m
[00:22:34.352,833] [0m<inf> radiant_gate_mpsl: hi: acq=202 den=0 resv=0 pend=202 blk=0 grant=201[0m
[00:22:34.352,849] [0m<inf> radiant_gate_mpsl: seam: grant=205 nostage=0 prog=205/0 | sigrad=404 sigt0=403 isr=404 end=203 dis=0 term=20 | ramp=205/5 state=0 ev=0x13 rxen saved=0x80000014 cont=0x13f a=0x80000014 p=0x80000014 e=0x80000014 inten=0x00000140[0m
[00:22:34.352,860] [0m<inf> radiant_gate_mpsl: sw: n=201 wipe=0 ramp=201 wipe+ramp=0 rx=201 wipe+rx=0 | started=201 early=0/0us last=2634us | open lead=231us max=258us late=0 glen=4888 cc0=2888[0m
[00:22:34.352,894] [0m<inf> radiant_gate_mpsl: hiend: timer0=201 | lasted=2889us max=3485us | dur=2866us max=3463us short=0 | t0arm=31us stale=205[0m
[00:22:34.352,912] [0m<inf> radiant_gate_mpsl: gate: acq=229 in_grant=201/201 placed=227 granted=210 blocked=16 cancel=0 eagain=19 near=0 long=0 ext=198/4 dead=0 | den pend=3 anch=4 dist=0 degen=0 nosess=0 owed=0 | sent grant=1 dead=0 blk=16 supp=201 | end=210 (norm=210 rel=0 idle=0 late=0) | bad over=0 inval=0 unk=0 inl=16 | len=4888/4888 el=3500 skew=6055 brun=0 sig=7 g=0 hw=0 p=1 rel=0 end=1 boot=0 anchor=1 owes=1[0m
[00:22:34.712,197] [0m<inf> radiant_api: SWEEP set=1 steer=0 dwell=198687/260000 adv=1 sweeps=0 win=1 ok=2 searching=0 carrier=255 | chunks=20 preempt=0 missed=0 ebusy=0 rej=0 | pumps=1534 hk=1533 | scan_us=1884000/20 track_us=46384/204 | end ok=0 abrt=4 miss=0 fail=0 deny=23 replan=0[0m
[00:22:35.352,983] [0m<inf> radiant_gate_mpsl: hi: acq=206 den=0 resv=0 pend=206 blk=0 grant=205[0m
[00:22:35.352,994] [0m<inf> radiant_gate_mpsl: seam: grant=209 nostage=0 prog=209/0 | sigrad=412 sigt0=407 isr=412 end=207 dis=0 term=20 | ramp=209/5 state=0 ev=0x13 rxen saved=0x80000014 cont=0x13f a=0x80000014 p=0x80000014 e=0x80000014 inten=0x00000140[0m
[00:22:35.353,003] [0m<inf> radiant_gate_mpsl: sw: n=205 wipe=0 ramp=205 wipe+ramp=0 rx=205 wipe+rx=0 | started=205 early=0/0us last=2635us | open lead=231us max=258us late=0 glen=4888 cc0=2888[0m
[00:22:35.353,034] [0m<inf> radiant_gate_mpsl: hiend: timer0=205 | lasted=2889us max=3485us | dur=2866us max=3463us short=0 | t0arm=31us stale=209[0m
[00:22:35.353,056] [0m<inf> radiant_gate_mpsl: gate: acq=233 in_grant=205/205 placed=231 granted=214 blocked=16 cancel=0 eagain=19 near=0 long=0 ext=198/4 dead=0 | den pend=3 anch=4 dist=0 degen=0 nosess=0 owed=0 | sent grant=1 dead=0 blk=16 supp=205 | end=214 (norm=214 rel=0 idle=0 late=0) | bad over=0 inval=0 unk=0 inl=16 | len=4888/4888 el=3500 skew=6055 brun=0 sig=7 g=0 hw=0 p=1 rel=0 end=1 boot=0 anchor=1 owes=1[0m
[00:22:35.761,121] [0m<inf> radiant_api: SWEEP set=1 steer=0 dwell=198687/260000 adv=1 sweeps=0 win=1 ok=2 searching=0 carrier=255 | chunks=20 preempt=0 missed=0 ebusy=0 rej=0 | pumps=1559 hk=1558 | scan_us=1884000/20 track_us=47200/208 | end ok=0 abrt=4 miss=0 fail=0 deny=23 replan=0[0m
[00:22:36.353,159] [0m<inf> radiant_gate_mpsl: hi: acq=210 den=0 resv=0 pend=210 blk=0 grant=209[0m
[00:22:36.353,170] [0m<inf> radiant_gate_mpsl: seam: grant=213 nostage=0 prog=213/0 | sigrad=420 sigt0=411 isr=420 end=211 dis=0 term=20 | ramp=213/5 state=0 ev=0x13 rxen saved=0x80000014 cont=0x13f a=0x80000014 p=0x80000014 e=0x80000014 inten=0x00000140[0m
[00:22:36.353,179] [0m<inf> radiant_gate_mpsl: sw: n=209 wipe=0 ramp=209 wipe+ramp=0 rx=209 wipe+rx=0 | started=209 early=0/0us last=2635us | open lead=231us max=258us late=0 glen=4888 cc0=2888[0m
[00:22:36.353,213] [0m<inf> radiant_gate_mpsl: hiend: timer0=209 | lasted=2889us max=3485us | dur=2866us max=3463us short=0 | t0arm=31us stale=213[0m
[00:22:36.353,232] [0m<inf> radiant_gate_mpsl: gate: acq=237 in_grant=209/209 placed=235 granted=218 blocked=16 cancel=0 eagain=19 near=0 long=0 ext=198/4 dead=0 | den pend=3 anch=4 dist=0 degen=0 nosess=0 owed=0 | sent grant=1 dead=0 blk=16 supp=209 | end=218 (norm=218 rel=0 idle=0 late=0) | bad over=0 inval=0 unk=0 inl=16 | len=4888/4888 el=3500 skew=6055 brun=0 sig=7 g=0 hw=0 p=1 rel=0 end=1 boot=0 anchor=1 owes=1[0m
[00:22:36.810,038] [0m<inf> radiant_api: SWEEP set=1 steer=0 dwell=198687/260000 adv=1 sweeps=0 win=1 ok=2 searching=0 carrier=255 | chunks=20 preempt=0 missed=0 ebusy=0 rej=0 | pumps=1584 hk=1583 | scan_us=1884000/20 track_us=48016/212 | end ok=0 abrt=4 miss=0 fail=0 deny=23 replan=0[0m
[00:22:37.353,305] [0m<inf> radiant_gate_mpsl: hi: acq=214 den=0 resv=0 pend=214 blk=0 grant=213[0m
[00:22:37.353,321] [0m<inf> radiant_gate_mpsl: seam: grant=217 nostage=0 prog=217/0 | sigrad=428 sigt0=415 isr=428 end=215 dis=0 term=20 | ramp=217/5 state=0 ev=0x13 rxen saved=0x80000014 cont=0x13f a=0x80000014 p=0x80000014 e=0x80000014 inten=0x00000140[0m
[00:22:37.353,330] [0m<inf> radiant_gate_mpsl: sw: n=213 wipe=0 ramp=213 wipe+ramp=0 rx=213 wipe+rx=0 | started=213 early=0/0us last=2634us | open lead=231us max=258us late=0 glen=4888 cc0=2888[0m
[00:22:37.353,365] [0m<inf> radiant_gate_mpsl: hiend: timer0=213 | lasted=2889us max=3485us | dur=2866us max=3463us short=0 | t0arm=31us stale=217[0m
[00:22:37.353,383] [0m<inf> radiant_gate_mpsl: gate: acq=241 in_grant=213/213 placed=239 granted=222 blocked=16 cancel=0 eagain=19 near=0 long=0 ext=198/4 dead=0 | den pend=3 anch=4 dist=0 degen=0 nosess=0 owed=0 | sent grant=1 dead=0 blk=16 supp=213 | end=222 (norm=222 rel=0 idle=0 late=0) | bad over=0 inval=0 unk=0 inl=16 | len=4888/4888 el=3500 skew=6055 brun=0 sig=7 g=0 hw=0 p=1 rel=0 end=1 boot=0 anchor=1 owes=1[0m
[00:22:37.857,907] [0m<inf> radiant_api: SWEEP set=1 steer=0 dwell=198687/260000 adv=1 sweeps=0 win=1 ok=2 searching=0 carrier=255 | chunks=20 preempt=0 missed=0 ebusy=0 rej=0 | pumps=1609 hk=1608 | scan_us=1884000/20 track_us=49036/217 | end ok=0 abrt=4 miss=0 fail=0 deny=23 replan=0[0m
[00:22:38.353,455] [0m<inf> radiant_gate_mpsl: hi: acq=218 den=0 resv=0 pend=218 blk=0 grant=217[0m
[00:22:38.353,466] [0m<inf> radiant_gate_mpsl: seam: grant=221 nostage=0 prog=221/0 | sigrad=436 sigt0=419 isr=436 end=219 dis=0 term=20 | ramp=221/5 state=0 ev=0x13 rxen saved=0x80000014 cont=0x13f a=0x80000014 p=0x80000014 e=0x80000014 inten=0x00000140[0m
[00:22:38.353,475] [0m<inf> radiant_gate_mpsl: sw: n=217 wipe=0 ramp=217 wipe+ramp=0 rx=217 wipe+rx=0 | started=217 early=0/0us last=2635us | open lead=231us max=258us late=0 glen=4888 cc0=2888[0m
[00:22:38.353,506] [0m<inf> radiant_gate_mpsl: hiend: timer0=217 | lasted=2889us max=3485us | dur=2865us max=3463us short=0 | t0arm=31us stale=221[0m
[00:22:38.353,528] [0m<inf> radiant_gate_mpsl: gate: acq=245 in_grant=217/217 placed=243 granted=226 blocked=16 cancel=0 eagain=19 near=0 long=0 ext=198/4 dead=0 | den pend=3 anch=4 dist=0 degen=0 nosess=0 owed=0 | sent grant=1 dead=0 blk=16 supp=217 | end=226 (norm=226 rel=0 idle=0 late=0) | bad over=0 inval=0 unk=0 inl=16 | len=4888/4888 el=3500 skew=6055 brun=0 sig=7 g=0 hw=0 p=1 rel=0 end=1 boot=0 anchor=1 owes=1[0m
[00:22:38.905,633] [0m<inf> radiant_api: SWEEP set=1 steer=0 dwell=198687/260000 adv=1 sweeps=0 win=1 ok=2 searching=0 carrier=255 | chunks=20 preempt=0 missed=0 ebusy=0 rej=0 | pumps=1635 hk=1634 | scan_us=1884000/20 track_us=49852/221 | end ok=0 abrt=4 miss=0 fail=0 deny=23 replan=0[0m
[00:22:39.353,697] [0m<inf> radiant_gate_mpsl: hi: acq=223 den=0 resv=0 pend=223 blk=0 grant=222[0m
[00:22:39.353,709] [0m<inf> radiant_gate_mpsl: seam: grant=226 nostage=0 prog=226/0 | sigrad=446 sigt0=423 isr=446 end=224 dis=0 term=20 | ramp=225/5 state=0 ev=0x13 rxen saved=0x80000014 cont=0x13f a=0x80000014 p=0x80000014 e=0x80000014 inten=0x00000140[0m
[00:22:39.353,717] [0m<inf> radiant_gate_mpsl: sw: n=221 wipe=0 ramp=221 wipe+ramp=0 rx=221 wipe+rx=0 | started=221 early=0/0us last=2635us | open lead=231us max=258us late=0 glen=4888 cc0=2888[0m
[00:22:39.353,752] [0m<inf> radiant_gate_mpsl: hiend: timer0=221 | lasted=2889us max=3485us | dur=2866us max=3463us short=0 | t0arm=30us stale=226[0m
[00:22:39.353,770] [0m<inf> radiant_gate_mpsl: gate: acq=250 in_grant=222/222 placed=247 granted=231 blocked=16 cancel=0 eagain=22 near=0 long=0 ext=198/4 dead=0 | den pend=3 anch=4 dist=0 degen=0 nosess=0 owed=0 | sent grant=1 dead=0 blk=16 supp=221 | end=230 (norm=230 rel=0 idle=0 late=0) | bad over=0 inval=0 unk=0 inl=16 | len=4888/4888 el=3500 skew=6055 brun=0 sig=2 g=1 hw=1 p=1 rel=0 end=0 boot=0 anchor=1 owes=0[0m
[00:22:39.905,710] [0m<inf> radiant_api: SWEEP set=1 steer=0 dwell=198687/260000 adv=1 sweeps=0 win=1 ok=2 searching=0 carrier=255 | chunks=20 preempt=0 missed=0 ebusy=0 rej=0 | pumps=1659 hk=1658 | scan_us=1884000/20 track_us=50668/225 | end ok=0 abrt=4 miss=0 fail=0 deny=23 replan=0[0m
[00:22:40.353,850] [0m<inf> radiant_gate_mpsl: hi: acq=227 den=0 resv=0 pend=227 blk=0 grant=226[0m
[00:22:40.353,867] [0m<inf> radiant_gate_mpsl: seam: grant=230 nostage=0 prog=230/0 | sigrad=454 sigt0=427 isr=454 end=228 dis=0 term=20 | ramp=229/5 state=0 ev=0x13 rxen saved=0x80000014 cont=0x13f a=0x80000014 p=0x80000014 e=0x80000014 inten=0x00000140[0m
[00:22:40.353,876] [0m<inf> radiant_gate_mpsl: sw: n=225 wipe=0 ramp=225 wipe+ramp=0 rx=225 wipe+rx=0 | started=225 early=0/0us last=2635us | open lead=232us max=258us late=0 glen=4888 cc0=2888[0m
[00:22:40.353,912] [0m<inf> radiant_gate_mpsl: hiend: timer0=225 | lasted=2889us max=3485us | dur=2866us max=3463us short=0 | t0arm=30us stale=230[0m
[00:22:40.353,930] [0m<inf> radiant_gate_mpsl: gate: acq=254 in_grant=226/226 placed=251 granted=235 blocked=16 cancel=0 eagain=23 near=0 long=0 ext=198/4 dead=0 | den pend=3 anch=4 dist=0 degen=0 nosess=0 owed=0 | sent grant=1 dead=0 blk=16 supp=225 | end=234 (norm=234 rel=0 idle=0 late=0) | bad over=0 inval=0 unk=0 inl=16 | len=4888/4888 el=3500 skew=6055 brun=0 sig=2 g=1 hw=1 p=1 rel=0 end=0 boot=0 anchor=1 owes=0[0m
[00:22:40.386,988] [0m<inf> thread_coex: thread load: role=2 sent=600 failed=0 interval=100ms payload=64B[0m
[00:22:40.386,998] [0m<inf> thread_coex: thread lat us: <64=0 64=0 128=595 256=5 512=0 1k=0 2k=0 4k=0 8k=0 16k=0 32k=0 64k=0 >=128k=0 max=431[0m
[00:22:40.387,007] [0m<inf> thread_coex: thread mac d: tx=200 retry=2 cca=0 abort=0 busy=0 | tot tx=1331 retry=11 cca=0 abort=0 busy=0[0m
[00:22:40.954,596] [0m<inf> radiant_api: SWEEP set=1 steer=0 dwell=198687/260000 adv=1 sweeps=0 win=1 ok=2 searching=0 carrier=255 | chunks=20 preempt=0 missed=0 ebusy=0 rej=0 | pumps=1684 hk=1683 | scan_us=1884000/20 track_us=51484/229 | end ok=0 abrt=4 miss=0 fail=0 deny=23 replan=0[0m
[00:22:41.354,001] [0m<inf> radiant_gate_mpsl: hi: acq=231 den=0 resv=0 pend=231 blk=0 grant=230[0m
[00:22:41.354,014] [0m<inf> radiant_gate_mpsl: seam: grant=234 nostage=0 prog=234/0 | sigrad=462 sigt0=432 isr=462 end=232 dis=0 term=20 | ramp=234/5 state=0 ev=0x13 rxen saved=0x80000014 cont=0x13f a=0x80000014 p=0x80000014 e=0x80000014 inten=0x00000140[0m
[00:22:41.354,023] [0m<inf> radiant_gate_mpsl: sw: n=230 wipe=0 ramp=230 wipe+ramp=0 rx=230 wipe+rx=0 | started=230 early=0/0us last=2635us | open lead=231us max=258us late=0 glen=4888 cc0=2888[0m
[00:22:41.354,055] [0m<inf> radiant_gate_mpsl: hiend: timer0=230 | lasted=2889us max=3485us | dur=2867us max=3463us short=0 | t0arm=30us stale=234[0m
[00:22:41.354,073] [0m<inf> radiant_gate_mpsl: gate: acq=258 in_grant=230/230 placed=256 granted=239 blocked=16 cancel=0 eagain=23 near=0 long=0 ext=198/4 dead=0 | den pend=3 anch=4 dist=0 degen=0 nosess=0 owed=0 | sent grant=1 dead=0 blk=16 supp=230 | end=239 (norm=239 rel=0 idle=0 late=0) | bad over=0 inval=0 unk=0 inl=16 | len=4888/4888 el=3500 skew=6055 brun=0 sig=7 g=0 hw=0 p=1 rel=0 end=1 boot=0 anchor=1 owes=1[0m
[00:22:42.003,496] [0m<inf> radiant_api: SWEEP set=1 steer=0 dwell=198687/260000 adv=1 sweeps=0 win=1 ok=2 searching=0 carrier=255 | chunks=20 preempt=0 missed=0 ebusy=0 rej=0 | pumps=1709 hk=1708 | scan_us=1884000/20 track_us=52300/233 | end ok=0 abrt=4 miss=0 fail=0 deny=23 replan=0[0m
[00:22:42.354,157] [0m<inf> radiant_gate_mpsl: hi: acq=235 den=0 resv=0 pend=235 blk=0 grant=234[0m
[00:22:42.354,169] [0m<inf> radiant_gate_mpsl: seam: grant=238 nostage=0 prog=238/0 | sigrad=470 sigt0=436 isr=470 end=236 dis=0 term=20 | ramp=238/5 state=0 ev=0x13 rxen saved=0x80000014 cont=0x13f a=0x80000014 p=0x80000014 e=0x80000014 inten=0x00000140[0m
[00:22:42.354,178] [0m<inf> radiant_gate_mpsl: sw: n=234 wipe=0 ramp=234 wipe+ramp=0 rx=234 wipe+rx=0 | started=234 early=0/0us last=2636us | open lead=231us max=258us late=0 glen=4888 cc0=2888[0m
[00:22:42.354,212] [0m<inf> radiant_gate_mpsl: hiend: timer0=234 | lasted=2889us max=3485us | dur=2866us max=3463us short=0 | t0arm=30us stale=238[0m
[00:22:42.354,230] [0m<inf> radiant_gate_mpsl: gate: acq=262 in_grant=234/234 placed=260 granted=243 blocked=16 cancel=0 eagain=23 near=0 long=0 ext=198/4 dead=0 | den pend=3 anch=4 dist=0 degen=0 nosess=0 owed=0 | sent grant=1 dead=0 blk=16 supp=234 | end=243 (norm=243 rel=0 idle=0 late=0) | bad over=0 inval=0 unk=0 inl=16 | len=4888/4888 el=3500 skew=6055 brun=0 sig=7 g=0 hw=0 p=1 rel=0 end=1 boot=0 anchor=1 owes=1[0m
[00:22:43.052,450] [0m<inf> radiant_api: SWEEP set=1 steer=0 dwell=198687/260000 adv=1 sweeps=0 win=1 ok=2 searching=0 carrier=255 | chunks=20 preempt=0 missed=0 ebusy=0 rej=0 | pumps=1734 hk=1733 | scan_us=1884000/20 track_us=53116/237 | end ok=0 abrt=4 miss=0 fail=0 deny=23 replan=0[0m
[00:22:43.354,288] [0m<inf> radiant_gate_mpsl: hi: acq=239 den=0 resv=0 pend=239 blk=0 grant=238[0m
[00:22:43.354,305] [0m<inf> radiant_gate_mpsl: seam: grant=242 nostage=0 prog=242/0 | sigrad=478 sigt0=440 isr=478 end=240 dis=0 term=20 | ramp=242/5 state=0 ev=0x13 rxen saved=0x80000014 cont=0x13f a=0x80000014 p=0x80000014 e=0x80000014 inten=0x00000140[0m
[00:22:43.354,314] [0m<inf> radiant_gate_mpsl: sw: n=238 wipe=0 ramp=238 wipe+ramp=0 rx=238 wipe+rx=0 | started=238 early=0/0us last=2634us | open lead=232us max=258us late=0 glen=4888 cc0=2888[0m
[00:22:43.354,348] [0m<inf> radiant_gate_mpsl: hiend: timer0=238 | lasted=2889us max=3485us | dur=2867us max=3463us short=0 | t0arm=30us stale=242[0m
[00:22:43.354,367] [0m<inf> radiant_gate_mpsl: gate: acq=266 in_grant=238/238 placed=264 granted=247 blocked=16 cancel=0 eagain=23 near=0 long=0 ext=198/4 dead=0 | den pend=3 anch=4 dist=0 degen=0 nosess=0 owed=0 | sent grant=1 dead=0 blk=16 supp=238 | end=247 (norm=247 rel=0 idle=0 late=0) | bad over=0 inval=0 unk=0 inl=16 | len=4888/4888 el=3500 skew=6055 brun=0 sig=7 g=0 hw=0 p=1 rel=0 end=1 boot=0 anchor=1 owes=1[0m
[00:22:44.100,435] [0m<inf> radiant_api: SWEEP set=1 steer=0 dwell=198687/260000 adv=1 sweeps=0 win=1 ok=2 searching=0 carrier=255 | chunks=20 preempt=0 missed=0 ebusy=0 rej=0 | pumps=1759 hk=1758 | scan_us=1884000/20 track_us=54136/242 | end ok=0 abrt=4 miss=0 fail=0 deny=23 replan=0[0m
[00:22:44.354,435] [0m<inf> radiant_gate_mpsl: hi: acq=243 den=0 resv=0 pend=243 blk=0 grant=242[0m
[00:22:44.354,446] [0m<inf> radiant_gate_mpsl: seam: grant=246 nostage=0 prog=246/0 | sigrad=486 sigt0=444 isr=486 end=244 dis=0 term=20 | ramp=246/5 state=0 ev=0x13 rxen saved=0x80000014 cont=0x13f a=0x80000014 p=0x80000014 e=0x80000014 inten=0x00000140[0m
[00:22:44.354,455] [0m<inf> radiant_gate_mpsl: sw: n=242 wipe=0 ramp=242 wipe+ramp=0 rx=242 wipe+rx=0 | started=242 early=0/0us last=2635us | open lead=231us max=258us late=0 glen=4888 cc0=2888[0m
[00:22:44.354,486] [0m<inf> radiant_gate_mpsl: hiend: timer0=242 | lasted=2888us max=3485us | dur=2865us max=3463us short=0 | t0arm=31us stale=246[0m
[00:22:44.354,507] [0m<inf> radiant_gate_mpsl: gate: acq=270 in_grant=242/242 placed=268 granted=251 blocked=16 cancel=0 eagain=23 near=0 long=0 ext=198/4 dead=0 | den pend=3 anch=4 dist=0 degen=0 nosess=0 owed=0 | sent grant=1 dead=0 blk=16 supp=242 | end=251 (norm=251 rel=0 idle=0 late=0) | bad over=0 inval=0 unk=0 inl=16 | len=4888/4888 el=3500 skew=6055 brun=0 sig=7 g=0 hw=0 p=1 rel=0 end=1 boot=0 anchor=1 owes=1[0m
[00:22:45.149,547] [0m<inf> radiant_api: SWEEP set=1 steer=0 dwell=198687/260000 adv=1 sweeps=0 win=1 ok=2 searching=0 carrier=255 | chunks=20 preempt=0 missed=0 ebusy=0 rej=0 | pumps=1785 hk=1784 | scan_us=1884000/20 track_us=54952/246 | end ok=0 abrt=4 miss=0 fail=0 deny=23 replan=0[0m
[00:22:45.354,582] [0m<inf> radiant_gate_mpsl: hi: acq=247 den=0 resv=0 pend=247 blk=0 grant=246[0m
[00:22:45.354,594] [0m<inf> radiant_gate_mpsl: seam: grant=250 nostage=0 prog=250/0 | sigrad=494 sigt0=448 isr=494 end=248 dis=0 term=20 | ramp=250/5 state=0 ev=0x13 rxen saved=0x80000014 cont=0x13f a=0x80000014 p=0x80000014 e=0x80000014 inten=0x00000140[0m
[00:22:45.354,603] [0m<inf> radiant_gate_mpsl: sw: n=246 wipe=0 ramp=246 wipe+ramp=0 rx=246 wipe+rx=0 | started=246 early=0/0us last=2636us | open lead=230us max=258us late=0 glen=4888 cc0=2888[0m
[00:22:45.354,637] [0m<inf> radiant_gate_mpsl: hiend: timer0=246 | lasted=2889us max=3485us | dur=2866us max=3463us short=0 | t0arm=31us stale=250[0m
[00:22:45.354,655] [0m<inf> radiant_gate_mpsl: gate: acq=274 in_grant=246/246 placed=272 granted=255 blocked=16 cancel=0 eagain=25 near=0 long=0 ext=198/4 dead=0 | den pend=3 anch=4 dist=0 degen=0 nosess=0 owed=0 | sent grant=1 dead=0 blk=16 supp=246 | end=255 (norm=255 rel=0 idle=0 late=0) | bad over=0 inval=0 unk=0 inl=16 | len=4888/4888 el=3500 skew=6055 brun=0 sig=7 g=0 hw=0 p=1 rel=0 end=1 boot=0 anchor=1 owes=1[0m
[00:22:46.198,322] [0m<inf> radiant_api: SWEEP set=1 steer=0 dwell=198687/260000 adv=1 sweeps=0 win=1 ok=2 searching=0 carrier=255 | chunks=20 preempt=0 missed=0 ebusy=0 rej=0 | pumps=1810 hk=1809 | scan_us=1884000/20 track_us=55768/250 | end ok=0 abrt=4 miss=0 fail=0 deny=23 replan=0[0m
[00:22:46.354,745] [0m<inf> radiant_gate_mpsl: hi: acq=251 den=0 resv=0 pend=251 blk=0 grant=250[0m
[00:22:46.354,762] [0m<inf> radiant_gate_mpsl: seam: grant=254 nostage=0 prog=254/0 | sigrad=502 sigt0=452 isr=502 end=252 dis=0 term=20 | ramp=254/5 state=0 ev=0x13 rxen saved=0x80000014 cont=0x13f a=0x80000014 p=0x80000014 e=0x80000014 inten=0x00000140[0m
[00:22:46.354,772] [0m<inf> radiant_gate_mpsl: sw: n=250 wipe=0 ramp=250 wipe+ramp=0 rx=250 wipe+rx=0 | started=250 early=0/0us last=2635us | open lead=230us max=258us late=0 glen=4888 cc0=2888[0m
[00:22:46.354,807] [0m<inf> radiant_gate_mpsl: hiend: timer0=250 | lasted=2889us max=3485us | dur=2866us max=3463us short=0 | t0arm=31us stale=254[0m
[00:22:46.354,825] [0m<inf> radiant_gate_mpsl: gate: acq=278 in_grant=250/250 placed=276 granted=259 blocked=16 cancel=0 eagain=25 near=0 long=0 ext=198/4 dead=0 | den pend=3 anch=4 dist=0 degen=0 nosess=0 owed=0 | sent grant=1 dead=0 blk=16 supp=250 | end=259 (norm=259 rel=0 idle=0 late=0) | bad over=0 inval=0 unk=0 inl=16 | len=4888/4888 el=3500 skew=6055 brun=0 sig=7 g=0 hw=0 p=1 rel=0 end=1 boot=0 anchor=1 owes=1[0m
[00:22:47.244,949] [0m<inf> radiant_api: SWEEP set=1 steer=0 dwell=198687/260000 adv=1 sweeps=0 win=1 ok=2 searching=0 carrier=255 | chunks=20 preempt=0 missed=0 ebusy=0 rej=0 | pumps=1835 hk=1834 | scan_us=1884000/20 track_us=56584/254 | end ok=0 abrt=4 miss=0 fail=0 deny=23 replan=0[0m
[00:22:47.354,891] [0m<inf> radiant_gate_mpsl: hi: acq=255 den=0 resv=0 pend=255 blk=0 grant=254[0m
[00:22:47.354,902] [0m<inf> radiant_gate_mpsl: seam: grant=258 nostage=0 prog=258/0 | sigrad=510 sigt0=456 isr=510 end=256 dis=0 term=20 | ramp=258/5 state=0 ev=0x13 rxen saved=0x80000014 cont=0x13f a=0x80000014 p=0x80000014 e=0x80000014 inten=0x00000140[0m
[00:22:47.354,911] [0m<inf> radiant_gate_mpsl: sw: n=254 wipe=0 ramp=254 wipe+ramp=0 rx=254 wipe+rx=0 | started=254 early=0/0us last=2635us | open lead=231us max=258us late=0 glen=4888 cc0=2888[0m
[00:22:47.354,942] [0m<inf> radiant_gate_mpsl: hiend: timer0=254 | lasted=2889us max=3485us | dur=2865us max=3463us short=0 | t0arm=31us stale=258[0m
[00:22:47.354,963] [0m<inf> radiant_gate_mpsl: gate: acq=282 in_grant=254/254 placed=280 granted=263 blocked=16 cancel=0 eagain=26 near=0 long=0 ext=198/4 dead=0 | den pend=3 anch=4 dist=0 degen=0 nosess=0 owed=0 | sent grant=1 dead=0 blk=16 supp=254 | end=263 (norm=263 rel=0 idle=0 late=0) | bad over=0 inval=0 unk=0 inl=16 | len=4888/4888 el=3500 skew=6055 brun=0 sig=7 g=0 hw=0 p=1 rel=0 end=1 boot=0 anchor=1 owes=1[0m
[00:22:48.294,012] [0m<inf> radiant_api: SWEEP set=1 steer=0 dwell=198687/260000 adv=1 sweeps=0 win=1 ok=2 searching=0 carrier=255 | chunks=20 preempt=0 missed=0 ebusy=0 rej=0 | pumps=1860 hk=1859 | scan_us=1884000/20 track_us=57400/258 | end ok=0 abrt=4 miss=0 fail=0 deny=23 replan=0[0m
[00:22:48.355,038] [0m<inf> radiant_gate_mpsl: hi: acq=259 den=0 resv=0 pend=259 blk=0 grant=258[0m
[00:22:48.355,050] [0m<inf> radiant_gate_mpsl: seam: grant=262 nostage=0 prog=262/0 | sigrad=518 sigt0=460 isr=518 end=260 dis=0 term=20 | ramp=262/5 state=0 ev=0x13 rxen saved=0x80000014 cont=0x13f a=0x80000014 p=0x80000014 e=0x80000014 inten=0x00000140[0m
[00:22:48.355,059] [0m<inf> radiant_gate_mpsl: sw: n=258 wipe=0 ramp=258 wipe+ramp=0 rx=258 wipe+rx=0 | started=258 early=0/0us last=2635us | open lead=230us max=258us late=0 glen=4888 cc0=2888[0m
[00:22:48.355,093] [0m<inf> radiant_gate_mpsl: hiend: timer0=258 | lasted=2889us max=3485us | dur=2866us max=3463us short=0 | t0arm=31us stale=262[0m
[00:22:48.355,111] [0m<inf> radiant_gate_mpsl: gate: acq=286 in_grant=258/258 placed=284 granted=267 blocked=16 cancel=0 eagain=28 near=0 long=0 ext=198/4 dead=0 | den pend=3 anch=4 dist=0 degen=0 nosess=0 owed=0 | sent grant=1 dead=0 blk=16 supp=258 | end=267 (norm=267 rel=0 idle=0 late=0) | bad over=0 inval=0 unk=0 inl=16 | len=4888/4888 el=3500 skew=6055 brun=0 sig=7 g=0 hw=0 p=1 rel=0 end=1 boot=0 anchor=1 owes=1[0m
[00:22:49.295,055] [0m<inf> radiant_api: SWEEP set=1 steer=0 dwell=198687/260000 adv=1 sweeps=0 win=1 ok=2 searching=0 carrier=255 | chunks=20 preempt=0 missed=0 ebusy=0 rej=0 | pumps=1884 hk=1883 | scan_us=1884000/20 track_us=58216/262 | end ok=0 abrt=4 miss=0 fail=0 deny=23 replan=0[0m
[00:22:49.355,187] [0m<inf> radiant_gate_mpsl: hi: acq=263 den=0 resv=0 pend=263 blk=0 grant=262[0m
[00:22:49.355,199] [0m<inf> radiant_gate_mpsl: seam: grant=266 nostage=0 prog=266/0 | sigrad=526 sigt0=464 isr=526 end=264 dis=0 term=20 | ramp=266/5 state=0 ev=0x13 rxen saved=0x80000014 cont=0x13f a=0x80000014 p=0x80000014 e=0x80000014 inten=0x00000140[0m
[00:22:49.355,207] [0m<inf> radiant_gate_mpsl: sw: n=262 wipe=0 ramp=262 wipe+ramp=0 rx=262 wipe+rx=0 | started=262 early=0/0us last=2636us | open lead=230us max=258us late=0 glen=4888 cc0=2888[0m
[00:22:49.355,237] [0m<inf> radiant_gate_mpsl: hiend: timer0=262 | lasted=2889us max=3485us | dur=2866us max=3463us short=0 | t0arm=31us stale=266[0m
[00:22:49.355,256] [0m<inf> radiant_gate_mpsl: gate: acq=290 in_grant=262/262 placed=288 granted=271 blocked=16 cancel=0 eagain=29 near=0 long=0 ext=198/4 dead=0 | den pend=3 anch=4 dist=0 degen=0 nosess=0 owed=0 | sent grant=1 dead=0 blk=16 supp=262 | end=271 (norm=271 rel=0 idle=0 late=0) | bad over=0 inval=0 unk=0 inl=16 | len=4888/4888 el=3500 skew=6055 brun=0 sig=7 g=0 hw=0 p=1 rel=0 end=1 boot=0 anchor=1 owes=1[0m
[00:22:50.342,731] [0m<inf> radiant_api: SWEEP set=1 steer=0 dwell=198687/260000 adv=1 sweeps=0 win=1 ok=2 searching=0 carrier=255 | chunks=20 preempt=0 missed=0 ebusy=0 rej=0 | pumps=1909 hk=1908 | scan_us=1884000/20 track_us=59236/267 | end ok=0 abrt=4 miss=0 fail=0 deny=23 replan=0[0m
[00:22:50.355,330] [0m<inf> radiant_gate_mpsl: hi: acq=267 den=0 resv=0 pend=267 blk=0 grant=266[0m
[00:22:50.355,341] [0m<inf> radiant_gate_mpsl: seam: grant=270 nostage=0 prog=270/0 | sigrad=534 sigt0=468 isr=534 end=268 dis=0 term=20 | ramp=270/5 state=0 ev=0x13 rxen saved=0x80000014 cont=0x13f a=0x80000014 p=0x80000014 e=0x80000014 inten=0x00000140[0m
[00:22:50.355,350] [0m<inf> radiant_gate_mpsl: sw: n=266 wipe=0 ramp=266 wipe+ramp=0 rx=266 wipe+rx=0 | started=266 early=0/0us last=2635us | open lead=231us max=258us late=0 glen=4888 cc0=2888[0m
[00:22:50.355,384] [0m<inf> radiant_gate_mpsl: hiend: timer0=266 | lasted=2889us max=3485us | dur=2866us max=3463us short=0 | t0arm=31us stale=270[0m
[00:22:50.355,402] [0m<inf> radiant_gate_mpsl: gate: acq=294 in_grant=266/266 placed=292 granted=275 blocked=16 cancel=0 eagain=29 near=0 long=0 ext=198/4 dead=0 | den pend=3 anch=4 dist=0 degen=0 nosess=0 owed=0 | sent grant=1 dead=0 blk=16 supp=266 | end=275 (norm=275 rel=0 idle=0 late=0) | bad over=0 inval=0 unk=0 inl=16 | len=4888/4888 el=3500 skew=6055 brun=0 sig=7 g=0 hw=0 p=1 rel=0 end=1 boot=0 anchor=1 owes=1[0m
[00:22:50.410,987] [0m<inf> thread_coex: thread load: role=2 sent=700 failed=0 interval=100ms payload=64B[0m
[00:22:50.410,997] [0m<inf> thread_coex: thread lat us: <64=0 64=0 128=693 256=7 512=0 1k=0 2k=0 4k=0 8k=0 16k=0 32k=0 64k=0 >=128k=0 max=431[0m
[00:22:50.411,006] [0m<inf> thread_coex: thread mac d: tx=201 retry=1 cca=0 abort=0 busy=0 | tot tx=1532 retry=12 cca=0 abort=0 busy=0[0m
[00:22:51.355,480] [0m<inf> radiant_gate_mpsl: hi: acq=271 den=0 resv=0 pend=271 blk=0 grant=270[0m
[00:22:51.355,493] [0m<inf> radiant_gate_mpsl: seam: grant=274 nostage=0 prog=274/0 | sigrad=542 sigt0=472 isr=542 end=272 dis=0 term=20 | ramp=274/5 state=0 ev=0x13 rxen saved=0x80000014 cont=0x13f a=0x80000014 p=0x80000014 e=0x80000014 inten=0x00000140[0m
[00:22:51.355,502] [0m<inf> radiant_gate_mpsl: sw: n=270 wipe=0 ramp=270 wipe+ramp=0 rx=270 wipe+rx=0 | started=270 early=0/0us last=2635us | open lead=230us max=258us late=0 glen=4888 cc0=2888[0m
[00:22:51.355,532] [0m<inf> radiant_gate_mpsl: hiend: timer0=270 | lasted=2889us max=3485us | dur=2866us max=3463us short=0 | t0arm=31us stale=274[0m
[00:22:51.355,550] [0m<inf> radiant_gate_mpsl: gate: acq=298 in_grant=270/270 placed=296 granted=279 blocked=16 cancel=0 eagain=29 near=0 long=0 ext=198/4 dead=0 | den pend=3 anch=4 dist=0 degen=0 nosess=0 owed=0 | sent grant=1 dead=0 blk=16 supp=270 | end=279 (norm=279 rel=0 idle=0 late=0) | bad over=0 inval=0 unk=0 inl=16 | len=4888/4888 el=3500 skew=6055 brun=0 sig=7 g=0 hw=0 p=1 rel=0 end=1 boot=0 anchor=1 owes=1[0m
[00:22:51.391,692] [0m<inf> radiant_api: SWEEP set=1 steer=0 dwell=198687/260000 adv=1 sweeps=0 win=1 ok=2 searching=0 carrier=255 | chunks=20 preempt=0 missed=0 ebusy=0 rej=0 | pumps=1935 hk=1934 | scan_us=1884000/20 track_us=60052/271 | end ok=0 abrt=4 miss=0 fail=0 deny=23 replan=0[0m
[00:22:52.355,657] [0m<inf> radiant_gate_mpsl: hi: acq=275 den=0 resv=0 pend=275 blk=0 grant=274[0m
[00:22:52.355,674] [0m<inf> radiant_gate_mpsl: seam: grant=278 nostage=0 prog=278/0 | sigrad=550 sigt0=476 isr=550 end=276 dis=0 term=20 | ramp=278/5 state=0 ev=0x13 rxen saved=0x80000014 cont=0x13f a=0x80000014 p=0x80000014 e=0x80000014 inten=0x00000140[0m
[00:22:52.355,684] [0m<inf> radiant_gate_mpsl: sw: n=274 wipe=0 ramp=274 wipe+ramp=0 rx=274 wipe+rx=0 | started=274 early=0/0us last=2635us | open lead=231us max=258us late=0 glen=4888 cc0=2888[0m
[00:22:52.355,719] [0m<inf> radiant_gate_mpsl: hiend: timer0=274 | lasted=2889us max=3485us | dur=2865us max=3463us short=0 | t0arm=31us stale=278[0m
[00:22:52.355,737] [0m<inf> radiant_gate_mpsl: gate: acq=302 in_grant=274/274 placed=300 granted=283 blocked=16 cancel=0 eagain=29 near=0 long=0 ext=198/4 dead=0 | den pend=3 anch=4 dist=0 degen=0 nosess=0 owed=0 | sent grant=1 dead=0 blk=16 supp=274 | end=283 (norm=283 rel=0 idle=0 late=0) | bad over=0 inval=0 unk=0 inl=16 | len=4888/4888 el=3500 skew=6055 brun=0 sig=7 g=0 hw=0 p=1 rel=0 end=1 boot=0 anchor=1 owes=1[0m
[00:22:52.440,649] [0m<inf> radiant_api: SWEEP set=1 steer=0 dwell=198687/260000 adv=1 sweeps=0 win=1 ok=2 searching=0 carrier=255 | chunks=20 preempt=0 missed=0 ebusy=0 rej=0 | pumps=1960 hk=1959 | scan_us=1884000/20 track_us=60868/275 | end ok=0 abrt=4 miss=0 fail=0 deny=23 replan=0[0m
[00:22:53.355,804] [0m<inf> radiant_gate_mpsl: hi: acq=279 den=0 resv=0 pend=279 blk=0 grant=278[0m
[00:22:53.355,815] [0m<inf> radiant_gate_mpsl: seam: grant=282 nostage=0 prog=282/0 | sigrad=558 sigt0=480 isr=558 end=280 dis=0 term=20 | ramp=282/5 state=0 ev=0x13 rxen saved=0x80000014 cont=0x13f a=0x80000014 p=0x80000014 e=0x80000014 inten=0x00000140[0m
[00:22:53.355,824] [0m<inf> radiant_gate_mpsl: sw: n=278 wipe=0 ramp=278 wipe+ramp=0 rx=278 wipe+rx=0 | started=278 early=0/0us last=2635us | open lead=230us max=258us late=0 glen=4888 cc0=2888[0m
[00:22:53.355,855] [0m<inf> radiant_gate_mpsl: hiend: timer0=278 | lasted=2889us max=3485us | dur=2866us max=3463us short=0 | t0arm=31us stale=282[0m
[00:22:53.355,876] [0m<inf> radiant_gate_mpsl: gate: acq=306 in_grant=278/278 placed=304 granted=287 blocked=16 cancel=0 eagain=29 near=0 long=0 ext=198/4 dead=0 | den pend=3 anch=4 dist=0 degen=0 nosess=0 owed=0 | sent grant=1 dead=0 blk=16 supp=278 | end=287 (norm=287 rel=0 idle=0 late=0) | bad over=0 inval=0 unk=0 inl=16 | len=4888/4888 el=3500 skew=6055 brun=0 sig=7 g=0 hw=0 p=1 rel=0 end=1 boot=0 anchor=1 owes=1[0m
[00:22:53.489,542] [0m<inf> radiant_api: SWEEP set=1 steer=0 dwell=198687/260000 adv=1 sweeps=0 win=1 ok=2 searching=0 carrier=255 | chunks=20 preempt=0 missed=0 ebusy=0 rej=0 | pumps=1985 hk=1984 | scan_us=1884000/20 track_us=61684/279 | end ok=0 abrt=4 miss=0 fail=0 deny=23 replan=0[0m
[00:22:54.355,979] [0m<inf> radiant_gate_mpsl: hi: acq=283 den=0 resv=0 pend=283 blk=0 grant=282[0m
[00:22:54.355,995] [0m<inf> radiant_gate_mpsl: seam: grant=286 nostage=0 prog=286/0 | sigrad=566 sigt0=484 isr=566 end=284 dis=0 term=20 | ramp=286/5 state=0 ev=0x13 rxen saved=0x80000014 cont=0x13f a=0x80000014 p=0x80000014 e=0x80000014 inten=0x00000140[0m
[00:22:54.356,004] [0m<inf> radiant_gate_mpsl: sw: n=282 wipe=0 ramp=282 wipe+ramp=0 rx=282 wipe+rx=0 | started=282 early=0/0us last=2635us | open lead=231us max=258us late=0 glen=4888 cc0=2888[0m
[00:22:54.356,038] [0m<inf> radiant_gate_mpsl: hiend: timer0=282 | lasted=2888us max=3485us | dur=2865us max=3463us short=0 | t0arm=31us stale=286[0m
[00:22:54.356,057] [0m<inf> radiant_gate_mpsl: gate: acq=310 in_grant=282/282 placed=308 granted=291 blocked=16 cancel=0 eagain=29 near=0 long=0 ext=198/4 dead=0 | den pend=3 anch=4 dist=0 degen=0 nosess=0 owed=0 | sent grant=1 dead=0 blk=16 supp=282 | end=291 (norm=291 rel=0 idle=0 late=0) | bad over=0 inval=0 unk=0 inl=16 | len=4888/4888 el=3500 skew=6055 brun=0 sig=7 g=0 hw=0 p=1 rel=0 end=1 boot=0 anchor=1 owes=1[0m
[00:22:54.538,480] [0m<inf> radiant_api: SWEEP set=1 steer=0 dwell=198687/260000 adv=1 sweeps=0 win=1 ok=2 searching=0 carrier=255 | chunks=20 preempt=0 missed=0 ebusy=0 rej=0 | pumps=2010 hk=2009 | scan_us=1884000/20 track_us=62500/283 | end ok=0 abrt=4 miss=0 fail=0 deny=23 replan=0[0m
[00:22:55.356,124] [0m<inf> radiant_gate_mpsl: hi: acq=287 den=0 resv=0 pend=287 blk=0 grant=286[0m
[00:22:55.356,135] [0m<inf> radiant_gate_mpsl: seam: grant=290 nostage=0 prog=290/0 | sigrad=574 sigt0=488 isr=574 end=288 dis=0 term=20 | ramp=290/5 state=0 ev=0x13 rxen saved=0x80000014 cont=0x13f a=0x80000014 p=0x80000014 e=0x80000014 inten=0x00000140[0m
[00:22:55.356,144] [0m<inf> radiant_gate_mpsl: sw: n=286 wipe=0 ramp=286 wipe+ramp=0 rx=286 wipe+rx=0 | started=286 early=0/0us last=2635us | open lead=231us max=258us late=0 glen=4888 cc0=2888[0m
[00:22:55.356,175] [0m<inf> radiant_gate_mpsl: hiend: timer0=286 | lasted=2889us max=3485us | dur=2866us max=3463us short=0 | t0arm=31us stale=290[0m
[00:22:55.356,196] [0m<inf> radiant_gate_mpsl: gate: acq=314 in_grant=286/286 placed=312 granted=295 blocked=16 cancel=0 eagain=29 near=0 long=0 ext=198/4 dead=0 | den pend=3 anch=4 dist=0 degen=0 nosess=0 owed=0 | sent grant=1 dead=0 blk=16 supp=286 | end=295 (norm=295 rel=0 idle=0 late=0) | bad over=0 inval=0 unk=0 inl=16 | len=4888/4888 el=3500 skew=6055 brun=0 sig=7 g=0 hw=0 p=1 rel=0 end=1 boot=0 anchor=1 owes=1[0m
[00:22:55.586,361] [0m<inf> radiant_api: SWEEP set=1 steer=0 dwell=198687/260000 adv=1 sweeps=0 win=1 ok=2 searching=0 carrier=255 | chunks=20 preempt=0 missed=0 ebusy=0 rej=0 | pumps=2035 hk=2034 | scan_us=1884000/20 track_us=63520/288 | end ok=0 abrt=4 miss=0 fail=0 deny=23 replan=0[0m
[00:22:56.356,269] [0m<inf> radiant_gate_mpsl: hi: acq=291 den=0 resv=0 pend=291 blk=0 grant=290[0m
[00:22:56.356,281] [0m<inf> radiant_gate_mpsl: seam: grant=294 nostage=0 prog=294/0 | sigrad=582 sigt0=492 isr=582 end=292 dis=0 term=20 | ramp=294/5 state=0 ev=0x13 rxen saved=0x80000014 cont=0x13f a=0x80000014 p=0x80000014 e=0x80000014 inten=0x00000140[0m
[00:22:56.356,290] [0m<inf> radiant_gate_mpsl: sw: n=290 wipe=0 ramp=290 wipe+ramp=0 rx=290 wipe+rx=0 | started=290 early=0/0us last=2634us | open lead=231us max=258us late=0 glen=4888 cc0=2888[0m
[00:22:56.356,324] [0m<inf> radiant_gate_mpsl: hiend: timer0=290 | lasted=2889us max=3485us | dur=2866us max=3463us short=0 | t0arm=32us stale=294[0m
[00:22:56.356,342] [0m<inf> radiant_gate_mpsl: gate: acq=318 in_grant=290/290 placed=316 granted=299 blocked=16 cancel=0 eagain=29 near=0 long=0 ext=198/4 dead=0 | den pend=3 anch=4 dist=0 degen=0 nosess=0 owed=0 | sent grant=1 dead=0 blk=16 supp=290 | end=299 (norm=299 rel=0 idle=0 late=0) | bad over=0 inval=0 unk=0 inl=16 | len=4888/4888 el=3500 skew=6055 brun=0 sig=7 g=0 hw=0 p=1 rel=0 end=1 boot=0 anchor=1 owes=1[0m
[00:22:56.635,351] [0m<inf> radiant_api: SWEEP set=1 steer=0 dwell=198687/260000 adv=1 sweeps=0 win=1 ok=2 searching=0 carrier=255 | chunks=20 preempt=0 missed=0 ebusy=0 rej=0 | pumps=2061 hk=2060 | scan_us=1884000/20 track_us=64336/292 | end ok=0 abrt=4 miss=0 fail=0 deny=23 replan=0[0m
[00:22:57.356,401] [0m<inf> radiant_gate_mpsl: hi: acq=295 den=0 resv=0 pend=295 blk=0 grant=294[0m
[00:22:57.356,418] [0m<inf> radiant_gate_mpsl: seam: grant=298 nostage=0 prog=298/0 | sigrad=590 sigt0=496 isr=590 end=296 dis=0 term=20 | ramp=298/5 state=0 ev=0x13 rxen saved=0x80000014 cont=0x13f a=0x80000014 p=0x80000014 e=0x80000014 inten=0x00000140[0m
[00:22:57.356,427] [0m<inf> radiant_gate_mpsl: sw: n=294 wipe=0 ramp=294 wipe+ramp=0 rx=294 wipe+rx=0 | started=294 early=0/0us last=2635us | open lead=230us max=258us late=0 glen=4888 cc0=2888[0m
[00:22:57.356,461] [0m<inf> radiant_gate_mpsl: hiend: timer0=294 | lasted=2888us max=3485us | dur=2865us max=3463us short=0 | t0arm=32us stale=298[0m
[00:22:57.356,479] [0m<inf> radiant_gate_mpsl: gate: acq=322 in_grant=294/294 placed=320 granted=303 blocked=16 cancel=0 eagain=29 near=0 long=0 ext=198/4 dead=0 | den pend=3 anch=4 dist=0 degen=0 nosess=0 owed=0 | sent grant=1 dead=0 blk=16 supp=294 | end=303 (norm=303 rel=0 idle=0 late=0) | bad over=0 inval=0 unk=0 inl=16 | len=4888/4888 el=3500 skew=6055 brun=0 sig=7 g=0 hw=0 p=1 rel=0 end=1 boot=0 anchor=1 owes=1[0m
[00:22:57.684,272] [0m<inf> radiant_api: SWEEP set=1 steer=0 dwell=198687/260000 adv=1 sweeps=0 win=1 ok=2 searching=0 carrier=255 | chunks=20 preempt=0 missed=0 ebusy=0 rej=0 | pumps=2086 hk=2085 | scan_us=1884000/20 track_us=65152/296 | end ok=0 abrt=4 miss=0 fail=0 deny=23 replan=0[0m
[00:22:58.356,563] [0m<inf> radiant_gate_mpsl: hi: acq=299 den=0 resv=0 pend=299 blk=0 grant=298[0m
[00:22:58.356,574] [0m<inf> radiant_gate_mpsl: seam: grant=302 nostage=0 prog=302/0 | sigrad=598 sigt0=500 isr=598 end=300 dis=0 term=20 | ramp=302/5 state=0 ev=0x13 rxen saved=0x80000014 cont=0x13f a=0x80000014 p=0x80000014 e=0x80000014 inten=0x00000140[0m
[00:22:58.356,583] [0m<inf> radiant_gate_mpsl: sw: n=298 wipe=0 ramp=298 wipe+ramp=0 rx=298 wipe+rx=0 | started=298 early=0/0us last=2635us | open lead=231us max=258us late=0 glen=4888 cc0=2888[0m
[00:22:58.356,615] [0m<inf> radiant_gate_mpsl: hiend: timer0=298 | lasted=2889us max=3485us | dur=2865us max=3463us short=0 | t0arm=32us stale=302[0m
[00:22:58.356,637] [0m<inf> radiant_gate_mpsl: gate: acq=326 in_grant=298/298 placed=324 granted=307 blocked=16 cancel=0 eagain=30 near=0 long=0 ext=198/4 dead=0 | den pend=3 anch=4 dist=0 degen=0 nosess=0 owed=0 | sent grant=1 dead=0 blk=16 supp=298 | end=307 (norm=307 rel=0 idle=0 late=0) | bad over=0 inval=0 unk=0 inl=16 | len=4888/4888 el=3500 skew=6055 brun=0 sig=7 g=0 hw=0 p=1 rel=0 end=1 boot=0 anchor=1 owes=1[0m
[00:22:58.733,196] [0m<inf> radiant_api: SWEEP set=1 steer=0 dwell=198687/260000 adv=1 sweeps=0 win=1 ok=2 searching=0 carrier=255 | chunks=20 preempt=0 missed=0 ebusy=0 rej=0 | pumps=2111 hk=2110 | scan_us=1884000/20 track_us=65968/300 | end ok=0 abrt=4 miss=0 fail=0 deny=23 replan=0[0m
[00:22:59.356,738] [0m<inf> radiant_gate_mpsl: hi: acq=303 den=0 resv=0 pend=303 blk=0 grant=302[0m
[00:22:59.356,749] [0m<inf> radiant_gate_mpsl: seam: grant=306 nostage=0 prog=306/0 | sigrad=606 sigt0=504 isr=606 end=304 dis=0 term=20 | ramp=306/5 state=0 ev=0x13 rxen saved=0x80000014 cont=0x13f a=0x80000014 p=0x80000014 e=0x80000014 inten=0x00000140[0m
[00:22:59.356,758] [0m<inf> radiant_gate_mpsl: sw: n=302 wipe=0 ramp=302 wipe+ramp=0 rx=302 wipe+rx=0 | started=302 early=0/0us last=2635us | open lead=231us max=258us late=0 glen=4888 cc0=2888[0m
[00:22:59.356,792] [0m<inf> radiant_gate_mpsl: hiend: timer0=302 | lasted=2888us max=3485us | dur=2865us max=3463us short=0 | t0arm=31us stale=306[0m
[00:22:59.356,810] [0m<inf> radiant_gate_mpsl: gate: acq=330 in_grant=302/302 placed=328 granted=311 blocked=16 cancel=0 eagain=32 near=0 long=0 ext=198/4 dead=0 | den pend=3 anch=4 dist=0 degen=0 nosess=0 owed=0 | sent grant=1 dead=0 blk=16 supp=302 | end=311 (norm=311 rel=0 idle=0 late=0) | bad over=0 inval=0 unk=0 inl=16 | len=4888/4888 el=3500 skew=6055 brun=0 sig=7 g=0 hw=0 p=1 rel=0 end=1 boot=0 anchor=1 owes=1[0m
[00:22:59.782,125] [0m<inf> radiant_api: SWEEP set=1 steer=0 dwell=198687/260000 adv=1 sweeps=0 win=1 ok=2 searching=0 carrier=255 | chunks=20 preempt=0 missed=0 ebusy=0 rej=0 | pumps=2136 hk=2135 | scan_us=1884000/20 track_us=66784/304 | end ok=0 abrt=4 miss=0 fail=0 deny=23 replan=0[0m
[00:23:00.356,895] [0m<inf> radiant_gate_mpsl: hi: acq=307 den=0 resv=0 pend=307 blk=0 grant=306[0m
[00:23:00.356,912] [0m<inf> radiant_gate_mpsl: seam: grant=310 nostage=0 prog=310/0 | sigrad=614 sigt0=508 isr=614 end=308 dis=0 term=20 | ramp=310/5 state=0 ev=0x13 rxen saved=0x80000014 cont=0x13f a=0x80000014 p=0x80000014 e=0x80000014 inten=0x00000140[0m
[00:23:00.356,921] [0m<inf> radiant_gate_mpsl: sw: n=306 wipe=0 ramp=306 wipe+ramp=0 rx=306 wipe+rx=0 | started=306 early=0/0us last=2635us | open lead=231us max=258us late=0 glen=4888 cc0=2888[0m
[00:23:00.356,955] [0m<inf> radiant_gate_mpsl: hiend: timer0=306 | lasted=2889us max=3485us | dur=2866us max=3463us short=0 | t0arm=31us stale=310[0m
[00:23:00.356,973] [0m<inf> radiant_gate_mpsl: gate: acq=334 in_grant=306/306 placed=332 granted=315 blocked=16 cancel=0 eagain=32 near=0 long=0 ext=198/4 dead=0 | den pend=3 anch=4 dist=0 degen=0 nosess=0 owed=0 | sent grant=1 dead=0 blk=16 supp=306 | end=315 (norm=315 rel=0 idle=0 late=0) | bad over=0 inval=0 unk=0 inl=16 | len=4888/4888 el=3500 skew=6055 brun=0 sig=7 g=0 hw=0 p=1 rel=0 end=1 boot=0 anchor=1 owes=1[0m
[00:23:00.434,404] [0m<inf> thread_coex: thread load: role=2 sent=800 failed=0 interval=100ms payload=64B[0m
[00:23:00.434,414] [0m<inf> thread_coex: thread lat us: <64=0 64=0 128=793 256=7 512=0 1k=0 2k=0 4k=0 8k=0 16k=0 32k=0 64k=0 >=128k=0 max=431[0m
[00:23:00.434,423] [0m<inf> thread_coex: thread mac d: tx=200 retry=2 cca=0 abort=0 busy=0 | tot tx=1732 retry=14 cca=0 abort=0 busy=0[0m
[00:23:00.829,990] [0m<inf> radiant_api: SWEEP set=1 steer=0 dwell=198687/260000 adv=1 sweeps=0 win=1 ok=2 searching=0 carrier=255 | chunks=20 preempt=0 missed=0 ebusy=0 rej=0 | pumps=2161 hk=2160 | scan_us=1884000/20 track_us=67804/309 | end ok=0 abrt=4 miss=0 fail=0 deny=23 replan=0[0m
[00:23:01.357,040] [0m<inf> radiant_gate_mpsl: hi: acq=311 den=0 resv=0 pend=311 blk=0 grant=310[0m
[00:23:01.357,054] [0m<inf> radiant_gate_mpsl: seam: grant=314 nostage=0 prog=314/0 | sigrad=622 sigt0=512 isr=622 end=312 dis=0 term=20 | ramp=314/5 state=0 ev=0x13 rxen saved=0x80000014 cont=0x13f a=0x80000014 p=0x80000014 e=0x80000014 inten=0x00000140[0m
[00:23:01.357,062] [0m<inf> radiant_gate_mpsl: sw: n=310 wipe=0 ramp=310 wipe+ramp=0 rx=310 wipe+rx=0 | started=310 early=0/0us last=2635us | open lead=230us max=258us late=0 glen=4888 cc0=2888[0m
[00:23:01.357,094] [0m<inf> radiant_gate_mpsl: hiend: timer0=310 | lasted=2889us max=3485us | dur=2866us max=3463us short=0 | t0arm=31us stale=314[0m
[00:23:01.357,112] [0m<inf> radiant_gate_mpsl: gate: acq=338 in_grant=310/310 placed=336 granted=319 blocked=16 cancel=0 eagain=32 near=0 long=0 ext=198/4 dead=0 | den pend=3 anch=4 dist=0 degen=0 nosess=0 owed=0 | sent grant=1 dead=0 blk=16 supp=310 | end=319 (norm=319 rel=0 idle=0 late=0) | bad over=0 inval=0 unk=0 inl=16 | len=4888/4888 el=3500 skew=6055 brun=0 sig=7 g=0 hw=0 p=1 rel=0 end=1 boot=0 anchor=1 owes=1[0m
[00:23:01.878,975] [0m<inf> radiant_api: SWEEP set=1 steer=0 dwell=198687/260000 adv=1 sweeps=0 win=1 ok=2 searching=0 carrier=255 | chunks=20 preempt=0 missed=0 ebusy=0 rej=0 | pumps=2187 hk=2186 | scan_us=1884000/20 track_us=68620/313 | end ok=0 abrt=4 miss=0 fail=0 deny=23 replan=0[0m
[00:23:02.357,188] [0m<inf> radiant_gate_mpsl: hi: acq=315 den=0 resv=0 pend=315 blk=0 grant=314[0m
[00:23:02.357,199] [0m<inf> radiant_gate_mpsl: seam: grant=318 nostage=0 prog=318/0 | sigrad=630 sigt0=516 isr=630 end=316 dis=0 term=20 | ramp=318/5 state=0 ev=0x13 rxen saved=0x80000014 cont=0x13f a=0x80000014 p=0x80000014 e=0x80000014 inten=0x00000140[0m
[00:23:02.357,208] [0m<inf> radiant_gate_mpsl: sw: n=314 wipe=0 ramp=314 wipe+ramp=0 rx=314 wipe+rx=0 | started=314 early=0/0us last=2635us | open lead=231us max=258us late=0 glen=4888 cc0=2888[0m
[00:23:02.357,242] [0m<inf> radiant_gate_mpsl: hiend: timer0=314 | lasted=2889us max=3485us | dur=2865us max=3463us short=0 | t0arm=31us stale=318[0m
[00:23:02.357,260] [0m<inf> radiant_gate_mpsl: gate: acq=342 in_grant=314/314 placed=340 granted=323 blocked=16 cancel=0 eagain=32 near=0 long=0 ext=198/4 dead=0 | den pend=3 anch=4 dist=0 degen=0 nosess=0 owed=0 | sent grant=1 dead=0 blk=16 supp=314 | end=323 (norm=323 rel=0 idle=0 late=0) | bad over=0 inval=0 unk=0 inl=16 | len=4888/4888 el=3500 skew=6055 brun=0 sig=7 g=0 hw=0 p=1 rel=0 end=1 boot=0 anchor=1 owes=1[0m
[00:23:02.927,871] [0m<inf> radiant_api: SWEEP set=1 steer=0 dwell=198687/260000 adv=1 sweeps=0 win=1 ok=2 searching=0 carrier=255 | chunks=20 preempt=0 missed=0 ebusy=0 rej=0 | pumps=2212 hk=2211 | scan_us=1884000/20 track_us=69436/317 | end ok=0 abrt=4 miss=0 fail=0 deny=23 replan=0[0m
[00:23:03.357,351] [0m<inf> radiant_gate_mpsl: hi: acq=319 den=0 resv=0 pend=319 blk=0 grant=318[0m
[00:23:03.357,368] [0m<inf> radiant_gate_mpsl: seam: grant=322 nostage=0 prog=322/0 | sigrad=638 sigt0=520 isr=638 end=320 dis=0 term=20 | ramp=322/5 state=0 ev=0x13 rxen saved=0x80000014 cont=0x13f a=0x80000014 p=0x80000014 e=0x80000014 inten=0x00000140[0m
[00:23:03.357,377] [0m<inf> radiant_gate_mpsl: sw: n=318 wipe=0 ramp=318 wipe+ramp=0 rx=318 wipe+rx=0 | started=318 early=0/0us last=2635us | open lead=231us max=258us late=0 glen=4888 cc0=2888[0m
[00:23:03.357,411] [0m<inf> radiant_gate_mpsl: hiend: timer0=318 | lasted=2889us max=3485us | dur=2866us max=3463us short=0 | t0arm=31us stale=322[0m
[00:23:03.357,429] [0m<inf> radiant_gate_mpsl: gate: acq=346 in_grant=318/318 placed=344 granted=327 blocked=16 cancel=0 eagain=32 near=0 long=0 ext=198/4 dead=0 | den pend=3 anch=4 dist=0 degen=0 nosess=0 owed=0 | sent grant=1 dead=0 blk=16 supp=318 | end=327 (norm=327 rel=0 idle=0 late=0) | bad over=0 inval=0 unk=0 inl=16 | len=4888/4888 el=3500 skew=6055 brun=0 sig=7 g=0 hw=0 p=1 rel=0 end=1 boot=0 anchor=1 owes=1[0m
[00:23:03.976,832] [0m<inf> radiant_api: SWEEP set=1 steer=0 dwell=198687/260000 adv=1 sweeps=0 win=1 ok=2 searching=0 carrier=255 | chunks=20 preempt=0 missed=0 ebusy=0 rej=0 | pumps=2237 hk=2236 | scan_us=1884000/20 track_us=70252/321 | end ok=0 abrt=4 miss=0 fail=0 deny=23 replan=0[0m
[00:23:04.357,492] [0m<inf> radiant_gate_mpsl: hi: acq=323 den=0 resv=0 pend=323 blk=0 grant=322[0m
[00:23:04.357,503] [0m<inf> radiant_gate_mpsl: seam: grant=326 nostage=0 prog=326/0 | sigrad=646 sigt0=524 isr=646 end=324 dis=0 term=20 | ramp=326/5 state=0 ev=0x13 rxen saved=0x80000014 cont=0x13f a=0x80000014 p=0x80000014 e=0x80000014 inten=0x00000140[0m
[00:23:04.357,514] [0m<inf> radiant_gate_mpsl: sw: n=322 wipe=0 ramp=322 wipe+ramp=0 rx=322 wipe+rx=0 | started=322 early=0/0us last=2635us | open lead=230us max=258us late=0 glen=4888 cc0=2888[0m
[00:23:04.357,545] [0m<inf> radiant_gate_mpsl: hiend: timer0=322 | lasted=2889us max=3485us | dur=2866us max=3463us short=0 | t0arm=31us stale=326[0m
[00:23:04.357,566] [0m<inf> radiant_gate_mpsl: gate: acq=350 in_grant=322/322 placed=348 granted=331 blocked=16 cancel=0 eagain=32 near=0 long=0 ext=198/4 dead=0 | den pend=3 anch=4 dist=0 degen=0 nosess=0 owed=0 | sent grant=1 dead=0 blk=16 supp=322 | end=331 (norm=331 rel=0 idle=0 late=0) | bad over=0 inval=0 unk=0 inl=16 | len=4888/4888 el=3500 skew=6055 brun=0 sig=7 g=0 hw=0 p=1 rel=0 end=1 boot=0 anchor=1 owes=1[0m
[00:23:05.025,758] [0m<inf> radiant_api: SWEEP set=1 steer=0 dwell=198687/260000 adv=1 sweeps=0 win=1 ok=2 searching=0 carrier=255 | chunks=20 preempt=0 missed=0 ebusy=0 rej=0 | pumps=2262 hk=2261 | scan_us=1884000/20 track_us=71068/325 | end ok=0 abrt=4 miss=0 fail=0 deny=23 replan=0[0m
[00:23:05.357,653] [0m<inf> radiant_gate_mpsl: hi: acq=327 den=0 resv=0 pend=327 blk=0 grant=326[0m
[00:23:05.357,664] [0m<inf> radiant_gate_mpsl: seam: grant=330 nostage=0 prog=330/0 | sigrad=654 sigt0=528 isr=654 end=328 dis=0 term=20 | ramp=330/5 state=0 ev=0x13 rxen saved=0x80000014 cont=0x13f a=0x80000014 p=0x80000014 e=0x80000014 inten=0x00000140[0m
[00:23:05.357,673] [0m<inf> radiant_gate_mpsl: sw: n=326 wipe=0 ramp=326 wipe+ramp=0 rx=326 wipe+rx=0 | started=326 early=0/0us last=2635us | open lead=231us max=258us late=0 glen=4888 cc0=2888[0m
[00:23:05.357,707] [0m<inf> radiant_gate_mpsl: hiend: timer0=326 | lasted=2889us max=3485us | dur=2865us max=3463us short=0 | t0arm=31us stale=330[0m
[00:23:05.357,725] [0m<inf> radiant_gate_mpsl: gate: acq=354 in_grant=326/326 placed=352 granted=335 blocked=16 cancel=0 eagain=32 near=0 long=0 ext=198/4 dead=0 | den pend=3 anch=4 dist=0 degen=0 nosess=0 owed=0 | sent grant=1 dead=0 blk=16 supp=326 | end=335 (norm=335 rel=0 idle=0 late=0) | bad over=0 inval=0 unk=0 inl=16 | len=4888/4888 el=3500 skew=6055 brun=0 sig=7 g=0 hw=0 p=1 rel=0 end=1 boot=0 anchor=1 owes=1[0m
[00:23:06.071,533] [0m<inf> radiant_api: SWEEP set=1 steer=0 dwell=198687/260000 adv=1 sweeps=0 win=1 ok=2 searching=0 carrier=255 | chunks=20 preempt=0 missed=0 ebusy=0 rej=0 | pumps=2287 hk=2286 | scan_us=1884000/20 track_us=72138/330 | end ok=0 abrt=4 miss=0 fail=0 deny=23 replan=0[0m
[00:23:06.357,814] [0m<inf> radiant_gate_mpsl: hi: acq=331 den=0 resv=0 pend=331 blk=0 grant=330[0m
[00:23:06.357,831] [0m<inf> radiant_gate_mpsl: seam: grant=334 nostage=0 prog=334/0 | sigrad=661 sigt0=531 isr=661 end=331 dis=1 term=21 | ramp=334/5 state=0 ev=0x13 rxen saved=0x80000014 cont=0x13f a=0x80000014 p=0x80000014 e=0x80000014 inten=0x00000140[0m
[00:23:06.357,840] [0m<inf> radiant_gate_mpsl: sw: n=330 wipe=0 ramp=330 wipe+ramp=0 rx=329 wipe+rx=0 | started=330 early=0/0us last=2684us | open lead=231us max=258us late=0 glen=4938 cc0=2938[0m
[00:23:06.357,881] [0m<inf> radiant_gate_mpsl: hiend: timer0=329 rel=1 | lasted=2939us max=3485us | dur=2916us max=3463us short=1 | t0arm=31us stale=334[0m
[00:23:06.357,899] [0m<inf> radiant_gate_mpsl: gate: acq=358 in_grant=329/329 placed=356 granted=339 blocked=16 cancel=0 eagain=32 near=0 long=0 ext=198/4 dead=0 | den pend=3 anch=4 dist=0 degen=0 nosess=0 owed=0 | sent grant=1 dead=0 blk=16 supp=330 | end=339 (norm=338 rel=1 idle=0 late=0) | bad over=0 inval=0 unk=0 inl=16 | len=4888/4888 el=3500 skew=6055 brun=0 sig=7 g=0 hw=0 p=1 rel=0 end=1 boot=0 anchor=1 owes=1[0m
[00:23:07.072,419] [0m<inf> radiant_api: SWEEP set=1 steer=0 dwell=198687/260000 adv=1 sweeps=0 win=1 ok=2 searching=0 carrier=255 | chunks=20 preempt=0 missed=0 ebusy=0 rej=0 | pumps=2311 hk=2310 | scan_us=1884000/20 track_us=72954/334 | end ok=0 abrt=4 miss=0 fail=0 deny=23 replan=0[0m
[00:23:07.357,961] [0m<inf> radiant_gate_mpsl: hi: acq=335 den=0 resv=0 pend=335 blk=0 grant=334[0m
[00:23:07.357,972] [0m<inf> radiant_gate_mpsl: seam: grant=338 nostage=0 prog=338/0 | sigrad=669 sigt0=535 isr=669 end=335 dis=1 term=21 | ramp=338/5 state=0 ev=0x13 rxen saved=0x80000014 cont=0x13f a=0x80000014 p=0x80000014 e=0x80000014 inten=0x00000140[0m
[00:23:07.357,981] [0m<inf> radiant_gate_mpsl: sw: n=334 wipe=0 ramp=334 wipe+ramp=0 rx=333 wipe+rx=0 | started=334 early=0/0us last=2635us | open lead=231us max=258us late=0 glen=4888 cc0=2888[0m
[00:23:07.358,019] [0m<inf> radiant_gate_mpsl: hiend: timer0=333 rel=1 | lasted=2889us max=3485us | dur=2865us max=3463us short=1 | t0arm=31us stale=338[0m
[00:23:07.358,040] [0m<inf> radiant_gate_mpsl: gate: acq=362 in_grant=333/333 placed=360 granted=343 blocked=16 cancel=0 eagain=32 near=0 long=0 ext=198/4 dead=0 | den pend=3 anch=4 dist=0 degen=0 nosess=0 owed=0 | sent grant=1 dead=0 blk=16 supp=334 | end=343 (norm=342 rel=1 idle=0 late=0) | bad over=0 inval=0 unk=0 inl=16 | len=4888/4888 el=3500 skew=6055 brun=0 sig=7 g=0 hw=0 p=1 rel=0 end=1 boot=0 anchor=1 owes=1[0m
[00:23:08.121,404] [0m<inf> radiant_api: SWEEP set=1 steer=0 dwell=198687/260000 adv=1 sweeps=0 win=1 ok=2 searching=0 carrier=255 | chunks=20 preempt=0 missed=0 ebusy=0 rej=0 | pumps=2337 hk=2336 | scan_us=1884000/20 track_us=73770/338 | end ok=0 abrt=4 miss=0 fail=0 deny=23 replan=0[0m
[00:23:08.358,098] [0m<inf> radiant_gate_mpsl: hi: acq=339 den=0 resv=0 pend=339 blk=0 grant=338[0m
[00:23:08.358,109] [0m<inf> radiant_gate_mpsl: seam: grant=342 nostage=0 prog=342/0 | sigrad=677 sigt0=539 isr=677 end=339 dis=1 term=21 | ramp=342/5 state=0 ev=0x13 rxen saved=0x80000014 cont=0x13f a=0x80000014 p=0x80000014 e=0x80000014 inten=0x00000140[0m
[00:23:08.358,118] [0m<inf> radiant_gate_mpsl: sw: n=338 wipe=0 ramp=338 wipe+ramp=0 rx=337 wipe+rx=0 | started=338 early=0/0us last=2635us | open lead=231us max=258us late=0 glen=4888 cc0=2888[0m
[00:23:08.358,159] [0m<inf> radiant_gate_mpsl: hiend: timer0=337 rel=1 | lasted=2889us max=3485us | dur=2866us max=3463us short=1 | t0arm=31us stale=342[0m
[00:23:08.358,177] [0m<inf> radiant_gate_mpsl: gate: acq=366 in_grant=337/337 placed=364 granted=347 blocked=16 cancel=0 eagain=32 near=0 long=0 ext=198/4 dead=0 | den pend=3 anch=4 dist=0 degen=0 nosess=0 owed=0 | sent grant=1 dead=0 blk=16 supp=338 | end=347 (norm=346 rel=1 idle=0 late=0) | bad over=0 inval=0 unk=0 inl=16 | len=4888/4888 el=3500 skew=6055 brun=0 sig=7 g=0 hw=0 p=1 rel=0 end=1 boot=0 anchor=1 owes=1[0m
[00:23:09.170,303] [0m<inf> radiant_api: SWEEP set=1 steer=0 dwell=198687/260000 adv=1 sweeps=0 win=1 ok=2 searching=0 carrier=255 | chunks=20 preempt=0 missed=0 ebusy=0 rej=0 | pumps=2362 hk=2361 | scan_us=1884000/20 track_us=74586/342 | end ok=0 abrt=4 miss=0 fail=0 deny=23 replan=0[0m
[00:23:09.358,261] [0m<inf> radiant_gate_mpsl: hi: acq=343 den=0 resv=0 pend=343 blk=0 grant=342[0m
[00:23:09.358,278] [0m<inf> radiant_gate_mpsl: seam: grant=346 nostage=0 prog=346/0 | sigrad=685 sigt0=543 isr=685 end=343 dis=1 term=21 | ramp=346/5 state=0 ev=0x13 rxen saved=0x80000014 cont=0x13f a=0x80000014 p=0x80000014 e=0x80000014 inten=0x00000140[0m
[00:23:09.358,287] [0m<inf> radiant_gate_mpsl: sw: n=342 wipe=0 ramp=342 wipe+ramp=0 rx=341 wipe+rx=0 | started=342 early=0/0us last=2635us | open lead=230us max=258us late=0 glen=4888 cc0=2888[0m
[00:23:09.358,328] [0m<inf> radiant_gate_mpsl: hiend: timer0=341 rel=1 | lasted=2889us max=3485us | dur=2866us max=3463us short=1 | t0arm=31us stale=346[0m
[00:23:09.358,346] [0m<inf> radiant_gate_mpsl: gate: acq=370 in_grant=341/341 placed=368 granted=351 blocked=16 cancel=0 eagain=32 near=0 long=0 ext=198/4 dead=0 | den pend=3 anch=4 dist=0 degen=0 nosess=0 owed=0 | sent grant=1 dead=0 blk=16 supp=342 | end=351 (norm=350 rel=1 idle=0 late=0) | bad over=0 inval=0 unk=0 inl=16 | len=4888/4888 el=3500 skew=6055 brun=0 sig=7 g=0 hw=0 p=1 rel=0 end=1 boot=0 anchor=1 owes=1[0m
[00:23:10.219,397] [0m<inf> radiant_api: SWEEP set=1 steer=0 dwell=198687/260000 adv=1 sweeps=0 win=1 ok=2 searching=0 carrier=255 | chunks=20 preempt=0 missed=0 ebusy=0 rej=0 | pumps=2387 hk=2386 | scan_us=1884000/20 track_us=75402/346 | end ok=0 abrt=4 miss=0 fail=0 deny=23 replan=0[0m
[00:23:10.358,424] [0m<inf> radiant_gate_mpsl: hi: acq=347 den=0 resv=0 pend=347 blk=0 grant=346[0m
[00:23:10.358,436] [0m<inf> radiant_gate_mpsl: seam: grant=350 nostage=0 prog=350/0 | sigrad=693 sigt0=547 isr=693 end=347 dis=1 term=21 | ramp=350/5 state=0 ev=0x13 rxen saved=0x80000014 cont=0x13f a=0x80000014 p=0x80000014 e=0x80000014 inten=0x00000140[0m
[00:23:10.358,446] [0m<inf> radiant_gate_mpsl: sw: n=346 wipe=0 ramp=346 wipe+ramp=0 rx=345 wipe+rx=0 | started=346 early=0/0us last=2610us | open lead=256us max=258us late=0 glen=4888 cc0=2888[0m
[00:23:10.358,557] [0m<inf> radiant_gate_mpsl: hiend: timer0=345 rel=1 | lasted=2889us max=3485us | dur=2865us max=3463us short=1 | t0arm=31us stale=350[0m
[00:23:10.358,580] [0m<inf> radiant_gate_mpsl: gate: acq=374 in_grant=345/345 placed=372 granted=355 blocked=16 cancel=0 eagain=32 near=0 long=0 ext=198/4 dead=0 | den pend=3 anch=4 dist=0 degen=0 nosess=0 owed=0 | sent grant=1 dead=0 blk=16 supp=346 | end=355 (norm=354 rel=1 idle=0 late=0) | bad over=0 inval=0 unk=0 inl=16 | len=4888/4888 el=3500 skew=6055 brun=0 sig=7 g=0 hw=0 p=1 rel=0 end=1 boot=0 anchor=1 owes=1[0m
[00:23:10.457,340] [0m<inf> thread_coex: thread load: role=2 sent=900 failed=0 interval=100ms payload=64B[0m
[00:23:10.457,350] [0m<inf> thread_coex: thread lat us: <64=0 64=0 128=893 256=7 512=0 1k=0 2k=0 4k=0 8k=0 16k=0 32k=0 64k=0 >=128k=0 max=431[0m
[00:23:10.457,358] [0m<inf> thread_coex: thread mac d: tx=200 retry=2 cca=0 abort=0 busy=0 | tot tx=1932 retry=16 cca=0 abort=0 busy=0[0m
[00:23:11.268,318] [0m<inf> radiant_api: SWEEP set=1 steer=0 dwell=198687/260000 adv=1 sweeps=0 win=1 ok=2 searching=0 carrier=255 | chunks=20 preempt=0 missed=0 ebusy=0 rej=0 | pumps=2412 hk=2411 | scan_us=1884000/20 track_us=76218/350 | end ok=0 abrt=4 miss=0 fail=0 deny=23 replan=0[0m
[00:23:11.358,661] [0m<inf> radiant_gate_mpsl: hi: acq=351 den=0 resv=0 pend=351 blk=0 grant=350[0m
[00:23:11.358,672] [0m<inf> radiant_gate_mpsl: seam: grant=354 nostage=0 prog=354/0 | sigrad=701 sigt0=551 isr=701 end=351 dis=1 term=21 | ramp=354/5 state=0 ev=0x13 rxen saved=0x80000014 cont=0x13f a=0x80000014 p=0x80000014 e=0x80000014 inten=0x00000140[0m
[00:23:11.358,681] [0m<inf> radiant_gate_mpsl: sw: n=350 wipe=0 ramp=350 wipe+ramp=0 rx=349 wipe+rx=0 | started=350 early=0/0us last=2634us | open lead=231us max=258us late=0 glen=4888 cc0=2888[0m
[00:23:11.358,722] [0m<inf> radiant_gate_mpsl: hiend: timer0=349 rel=1 | lasted=2889us max=3485us | dur=2866us max=3463us short=1 | t0arm=31us stale=354[0m
[00:23:11.358,740] [0m<inf> radiant_gate_mpsl: gate: acq=378 in_grant=349/349 placed=376 granted=359 blocked=16 cancel=0 eagain=32 near=0 long=0 ext=198/4 dead=0 | den pend=3 anch=4 dist=0 degen=0 nosess=0 owed=0 | sent grant=1 dead=0 blk=16 supp=350 | end=359 (norm=358 rel=1 idle=0 late=0) | bad over=0 inval=0 unk=0 inl=16 | len=4888/4888 el=3500 skew=6055 brun=0 sig=7 g=0 hw=0 p=1 rel=0 end=1 boot=0 anchor=1 owes=1[0m
[00:23:12.316,163] [0m<inf> radiant_api: SWEEP set=1 steer=0 dwell=198687/260000 adv=1 sweeps=0 win=1 ok=2 searching=0 carrier=255 | chunks=20 preempt=0 missed=0 ebusy=0 rej=0 | pumps=2437 hk=2436 | scan_us=1884000/20 track_us=77238/355 | end ok=0 abrt=4 miss=0 fail=0 deny=23 replan=0[0m
[00:23:12.358,783] [0m<inf> radiant_gate_mpsl: hi: acq=355 den=0 resv=0 pend=355 blk=0 grant=354[0m
[00:23:12.358,794] [0m<inf> radiant_gate_mpsl: seam: grant=358 nostage=0 prog=358/0 | sigrad=709 sigt0=555 isr=709 end=355 dis=1 term=21 | ramp=358/5 state=0 ev=0x13 rxen saved=0x80000014 cont=0x13f a=0x80000014 p=0x80000014 e=0x80000014 inten=0x00000140[0m
[00:23:12.358,803] [0m<inf> radiant_gate_mpsl: sw: n=354 wipe=0 ramp=354 wipe+ramp=0 rx=353 wipe+rx=0 | started=354 early=0/0us last=2635us | open lead=231us max=258us late=0 glen=4888 cc0=2888[0m
[00:23:12.358,840] [0m<inf> radiant_gate_mpsl: hiend: timer0=353 rel=1 | lasted=2889us max=3485us | dur=2865us max=3463us short=1 | t0arm=31us stale=358[0m
[00:23:12.358,858] [0m<inf> radiant_gate_mpsl: gate: acq=382 in_grant=353/353 placed=380 granted=363 blocked=16 cancel=0 eagain=32 near=0 long=0 ext=198/4 dead=0 | den pend=3 anch=4 dist=0 degen=0 nosess=0 owed=0 | sent grant=1 dead=0 blk=16 supp=354 | end=363 (norm=362 rel=1 idle=0 late=0) | bad over=0 inval=0 unk=0 inl=16 | len=4888/4888 el=3500 skew=6055 brun=0 sig=7 g=0 hw=0 p=1 rel=0 end=1 boot=0 anchor=1 owes=1[0m
[00:23:13.358,940] [0m<inf> radiant_gate_mpsl: hi: acq=359 den=0 resv=0 pend=359 blk=0 grant=358[0m
[00:23:13.358,957] [0m<inf> radiant_gate_mpsl: seam: grant=362 nostage=0 prog=362/0 | sigrad=717 sigt0=559 isr=717 end=359 dis=1 term=21 | ramp=362/5 state=0 ev=0x13 rxen saved=0x80000014 cont=0x13f a=0x80000014 p=0x80000014 e=0x80000014 inten=0x00000140[0m
[00:23:13.358,966] [0m<inf> radiant_gate_mpsl: sw: n=358 wipe=0 ramp=358 wipe+ramp=0 rx=357 wipe+rx=0 | started=358 early=0/0us last=2635us | open lead=231us max=258us late=0 glen=4888 cc0=2888[0m
[00:23:13.359,007] [0m<inf> radiant_gate_mpsl: hiend: timer0=357 rel=1 | lasted=2889us max=3485us | dur=2865us max=3463us short=1 | t0arm=32us stale=362[0m
[00:23:13.359,026] [0m<inf> radiant_gate_mpsl: gate: acq=386 in_grant=357/357 placed=384 granted=367 blocked=16 cancel=0 eagain=34 near=0 long=0 ext=198/4 dead=0 | den pend=3 anch=4 dist=0 degen=0 nosess=0 owed=0 | sent grant=1 dead=0 blk=16 supp=358 | end=367 (norm=366 rel=1 idle=0 late=0) | bad over=0 inval=0 unk=0 inl=16 | len=4888/4888 el=3500 skew=6055 brun=0 sig=7 g=0 hw=0 p=1 rel=0 end=1 boot=0 anchor=1 owes=1[0m
[00:23:13.365,199] [0m<inf> radiant_api: SWEEP set=1 steer=0 dwell=198687/260000 adv=1 sweeps=0 win=1 ok=2 searching=0 carrier=255 | chunks=20 preempt=0 missed=0 ebusy=0 rej=0 | pumps=2463 hk=2462 | scan_us=1884000/20 track_us=78054/359 | end ok=0 abrt=4 miss=0 fail=0 deny=23 replan=0[0m
[00:23:14.359,087] [0m<inf> radiant_gate_mpsl: hi: acq=363 den=0 resv=0 pend=363 blk=0 grant=362[0m
[00:23:14.359,098] [0m<inf> radiant_gate_mpsl: seam: grant=366 nostage=0 prog=366/0 | sigrad=725 sigt0=563 isr=725 end=363 dis=1 term=21 | ramp=366/5 state=0 ev=0x13 rxen saved=0x80000014 cont=0x13f a=0x80000014 p=0x80000014 e=0x80000014 inten=0x00000140[0m
[00:23:14.359,107] [0m<inf> radiant_gate_mpsl: sw: n=362 wipe=0 ramp=362 wipe+ramp=0 rx=361 wipe+rx=0 | started=362 early=0/0us last=2634us | open lead=231us max=258us late=0 glen=4888 cc0=2888[0m
[00:23:14.359,145] [0m<inf> radiant_gate_mpsl: hiend: timer0=361 rel=1 | lasted=2889us max=3485us | dur=2866us max=3463us short=1 | t0arm=32us stale=366[0m
[00:23:14.359,166] [0m<inf> radiant_gate_mpsl: gate: acq=390 in_grant=361/361 placed=388 granted=371 blocked=16 cancel=0 eagain=35 near=0 long=0 ext=198/4 dead=0 | den pend=3 anch=4 dist=0 degen=0 nosess=0 owed=0 | sent grant=1 dead=0 blk=16 supp=362 | end=371 (norm=370 rel=1 idle=0 late=0) | bad over=0 inval=0 unk=0 inl=16 | len=4888/4888 el=3500 skew=6055 brun=0 sig=7 g=0 hw=0 p=1 rel=0 end=1 boot=0 anchor=1 owes=1[0m
[00:23:14.414,066] [0m<inf> radiant_api: SWEEP set=1 steer=0 dwell=198687/260000 adv=1 sweeps=0 win=1 ok=2 searching=0 carrier=255 | chunks=20 preempt=0 missed=0 ebusy=0 rej=0 | pumps=2488 hk=2487 | scan_us=1884000/20 track_us=78870/363 | end ok=0 abrt=4 miss=0 fail=0 deny=23 replan=0[0m
[00:23:15.359,265] [0m<inf> radiant_gate_mpsl: hi: acq=367 den=0 resv=0 pend=367 blk=0 grant=366[0m
[00:23:15.359,282] [0m<inf> radiant_gate_mpsl: seam: grant=370 nostage=0 prog=370/0 | sigrad=733 sigt0=567 isr=733 end=367 dis=1 term=21 | ramp=370/5 state=0 ev=0x13 rxen saved=0x80000014 cont=0x13f a=0x80000014 p=0x80000014 e=0x80000014 inten=0x00000140[0m
[00:23:15.359,291] [0m<inf> radiant_gate_mpsl: sw: n=366 wipe=0 ramp=366 wipe+ramp=0 rx=365 wipe+rx=0 | started=366 early=0/0us last=2635us | open lead=230us max=258us late=0 glen=4888 cc0=2888[0m
[00:23:15.359,333] [0m<inf> radiant_gate_mpsl: hiend: timer0=365 rel=1 | lasted=2889us max=3485us | dur=2866us max=3463us short=1 | t0arm=32us stale=370[0m
[00:23:15.359,351] [0m<inf> radiant_gate_mpsl: gate: acq=394 in_grant=365/365 placed=392 granted=375 blocked=16 cancel=0 eagain=35 near=0 long=0 ext=198/4 dead=0 | den pend=3 anch=4 dist=0 degen=0 nosess=0 owed=0 | sent grant=1 dead=0 blk=16 supp=366 | end=375 (norm=374 rel=1 idle=0 late=0) | bad over=0 inval=0 unk=0 inl=16 | len=4888/4888 el=3500 skew=6055 brun=0 sig=7 g=0 hw=0 p=1 rel=0 end=1 boot=0 anchor=1 owes=1[0m
[00:23:15.463,002] [0m<inf> radiant_api: SWEEP set=1 steer=0 dwell=198687/260000 adv=1 sweeps=0 win=1 ok=2 searching=0 carrier=255 | chunks=20 preempt=0 missed=0 ebusy=0 rej=0 | pumps=2513 hk=2512 | scan_us=1884000/20 track_us=79686/367 | end ok=0 abrt=4 miss=0 fail=0 deny=23 replan=0[0m
[00:23:16.359,396] [0m<inf> radiant_gate_mpsl: hi: acq=371 den=0 resv=0 pend=371 blk=0 grant=370[0m
[00:23:16.359,407] [0m<inf> radiant_gate_mpsl: seam: grant=374 nostage=0 prog=374/0 | sigrad=741 sigt0=571 isr=741 end=371 dis=1 term=21 | ramp=374/5 state=0 ev=0x13 rxen saved=0x80000014 cont=0x13f a=0x80000014 p=0x80000014 e=0x80000014 inten=0x00000140[0m
[00:23:16.359,417] [0m<inf> radiant_gate_mpsl: sw: n=370 wipe=0 ramp=370 wipe+ramp=0 rx=369 wipe+rx=0 | started=370 early=0/0us last=2636us | open lead=230us max=258us late=0 glen=4888 cc0=2888[0m
[00:23:16.359,455] [0m<inf> radiant_gate_mpsl: hiend: timer0=369 rel=1 | lasted=2889us max=3485us | dur=2866us max=3463us short=1 | t0arm=31us stale=374[0m
[00:23:16.359,487] [0m<inf> radiant_gate_mpsl: gate: acq=398 in_grant=369/369 placed=396 granted=379 blocked=16 cancel=0 eagain=36 near=0 long=0 ext=198/4 dead=0 | den pend=3 anch=4 dist=0 degen=0 nosess=0 owed=0 | sent grant=1 dead=0 blk=16 supp=370 | end=379 (norm=378 rel=1 idle=0 late=0) | bad over=0 inval=0 unk=0 inl=16 | len=4888/4888 el=3500 skew=6055 brun=0 sig=7 g=0 hw=0 p=1 rel=0 end=1 boot=0 anchor=1 owes=1[0m
[00:23:16.509,967] [0m<inf> radiant_api: SWEEP set=1 steer=0 dwell=198687/260000 adv=1 sweeps=0 win=1 ok=2 searching=0 carrier=255 | chunks=20 preempt=0 missed=0 ebusy=0 rej=0 | pumps=2538 hk=2537 | scan_us=1884000/20 track_us=80502/371 | end ok=0 abrt=4 miss=0 fail=0 deny=23 replan=0[0m
[00:23:17.359,578] [0m<inf> radiant_gate_mpsl: hi: acq=375 den=0 resv=0 pend=375 blk=0 grant=374[0m
[00:23:17.359,594] [0m<inf> radiant_gate_mpsl: seam: grant=378 nostage=0 prog=378/0 | sigrad=749 sigt0=575 isr=749 end=375 dis=1 term=21 | ramp=378/5 state=0 ev=0x13 rxen saved=0x80000014 cont=0x13f a=0x80000014 p=0x80000014 e=0x80000014 inten=0x00000140[0m
[00:23:17.359,603] [0m<inf> radiant_gate_mpsl: sw: n=374 wipe=0 ramp=374 wipe+ramp=0 rx=373 wipe+rx=0 | started=374 early=0/0us last=2636us | open lead=231us max=258us late=0 glen=4888 cc0=2888[0m
[00:23:17.359,644] [0m<inf> radiant_gate_mpsl: hiend: timer0=373 rel=1 | lasted=2889us max=3485us | dur=2866us max=3463us short=1 | t0arm=31us stale=378[0m
[00:23:17.359,662] [0m<inf> radiant_gate_mpsl: gate: acq=402 in_grant=373/373 placed=400 granted=383 blocked=16 cancel=0 eagain=38 near=0 long=0 ext=198/4 dead=0 | den pend=3 anch=4 dist=0 degen=0 nosess=0 owed=0 | sent grant=1 dead=0 blk=16 supp=374 | end=383 (norm=382 rel=1 idle=0 late=0) | bad over=0 inval=0 unk=0 inl=16 | len=4888/4888 el=3500 skew=6055 brun=0 sig=7 g=0 hw=0 p=1 rel=0 end=1 boot=0 anchor=1 owes=1[0m
[00:23:17.510,077] [0m<inf> radiant_api: SWEEP set=1 steer=0 dwell=198687/260000 adv=1 sweeps=0 win=1 ok=2 searching=0 carrier=255 | chunks=20 preempt=0 missed=0 ebusy=0 rej=0 | pumps=2562 hk=2561 | scan_us=1884000/20 track_us=81318/375 | end ok=0 abrt=4 miss=0 fail=0 deny=23 replan=0[0m
[00:23:18.359,724] [0m<inf> radiant_gate_mpsl: hi: acq=379 den=0 resv=0 pend=379 blk=0 grant=378[0m
[00:23:18.359,735] [0m<inf> radiant_gate_mpsl: seam: grant=382 nostage=0 prog=382/0 | sigrad=757 sigt0=579 isr=757 end=379 dis=1 term=21 | ramp=382/5 state=0 ev=0x13 rxen saved=0x80000014 cont=0x13f a=0x80000014 p=0x80000014 e=0x80000014 inten=0x00000140[0m
[00:23:18.359,744] [0m<inf> radiant_gate_mpsl: sw: n=378 wipe=0 ramp=378 wipe+ramp=0 rx=377 wipe+rx=0 | started=378 early=0/0us last=2635us | open lead=231us max=258us late=0 glen=4888 cc0=2888[0m
[00:23:18.359,782] [0m<inf> radiant_gate_mpsl: hiend: timer0=377 rel=1 | lasted=2889us max=3485us | dur=2866us max=3463us short=1 | t0arm=31us stale=382[0m
[00:23:18.359,803] [0m<inf> radiant_gate_mpsl: gate: acq=406 in_grant=377/377 placed=404 granted=387 blocked=16 cancel=0 eagain=38 near=0 long=0 ext=198/4 dead=0 | den pend=3 anch=4 dist=0 degen=0 nosess=0 owed=0 | sent grant=1 dead=0 blk=16 supp=378 | end=387 (norm=386 rel=1 idle=0 late=0) | bad over=0 inval=0 unk=0 inl=16 | len=4888/4888 el=3500 skew=6055 brun=0 sig=7 g=0 hw=0 p=1 rel=0 end=1 boot=0 anchor=1 owes=1[0m
[00:23:18.558,458] [0m<inf> radiant_api: SWEEP set=1 steer=0 dwell=198687/260000 adv=1 sweeps=0 win=1 ok=2 searching=0 carrier=255 | chunks=20 preempt=0 missed=0 ebusy=0 rej=0 | pumps=2587 hk=2586 | scan_us=1884000/20 track_us=82338/380 | end ok=0 abrt=4 miss=0 fail=0 deny=23 replan=0[0m
[00:23:19.359,855] [0m<inf> radiant_gate_mpsl: hi: acq=383 den=0 resv=0 pend=383 blk=0 grant=382[0m
[00:23:19.359,871] [0m<inf> radiant_gate_mpsl: seam: grant=386 nostage=0 prog=386/0 | sigrad=765 sigt0=583 isr=765 end=383 dis=1 term=21 | ramp=386/5 state=0 ev=0x13 rxen saved=0x80000014 cont=0x13f a=0x80000014 p=0x80000014 e=0x80000014 inten=0x00000140[0m
[00:23:19.359,880] [0m<inf> radiant_gate_mpsl: sw: n=382 wipe=0 ramp=382 wipe+ramp=0 rx=381 wipe+rx=0 | started=382 early=0/0us last=2635us | open lead=230us max=258us late=0 glen=4888 cc0=2888[0m
[00:23:19.359,922] [0m<inf> radiant_gate_mpsl: hiend: timer0=381 rel=1 | lasted=2889us max=3485us | dur=2866us max=3463us short=1 | t0arm=31us stale=386[0m
[00:23:19.359,940] [0m<inf> radiant_gate_mpsl: gate: acq=410 in_grant=381/381 placed=408 granted=391 blocked=16 cancel=0 eagain=38 near=0 long=0 ext=198/4 dead=0 | den pend=3 anch=4 dist=0 degen=0 nosess=0 owed=0 | sent grant=1 dead=0 blk=16 supp=382 | end=391 (norm=390 rel=1 idle=0 late=0) | bad over=0 inval=0 unk=0 inl=16 | len=4888/4888 el=3500 skew=6055 brun=0 sig=7 g=0 hw=0 p=1 rel=0 end=1 boot=0 anchor=1 owes=1[0m
[00:23:19.607,450] [0m<inf> radiant_api: SWEEP set=1 steer=0 dwell=198687/260000 adv=1 sweeps=0 win=1 ok=2 searching=0 carrier=255 | chunks=20 preempt=0 missed=0 ebusy=0 rej=0 | pumps=2613 hk=2612 | scan_us=1884000/20 track_us=83154/384 | end ok=0 abrt=4 miss=0 fail=0 deny=23 replan=0[0m
[00:23:20.360,005] [0m<inf> radiant_gate_mpsl: hi: acq=387 den=0 resv=0 pend=387 blk=0 grant=386[0m
[00:23:20.360,016] [0m<inf> radiant_gate_mpsl: seam: grant=390 nostage=0 prog=390/0 | sigrad=773 sigt0=587 isr=773 end=387 dis=1 term=21 | ramp=390/5 state=0 ev=0x13 rxen saved=0x80000014 cont=0x13f a=0x80000014 p=0x80000014 e=0x80000014 inten=0x00000140[0m
[00:23:20.360,025] [0m<inf> radiant_gate_mpsl: sw: n=386 wipe=0 ramp=386 wipe+ramp=0 rx=385 wipe+rx=0 | started=386 early=0/0us last=2635us | open lead=231us max=258us late=0 glen=4888 cc0=2888[0m
[00:23:20.360,063] [0m<inf> radiant_gate_mpsl: hiend: timer0=385 rel=1 | lasted=2888us max=3485us | dur=2865us max=3463us short=1 | t0arm=31us stale=390[0m
[00:23:20.360,084] [0m<inf> radiant_gate_mpsl: gate: acq=414 in_grant=385/385 placed=412 granted=395 blocked=16 cancel=0 eagain=38 near=0 long=0 ext=198/4 dead=0 | den pend=3 anch=4 dist=0 degen=0 nosess=0 owed=0 | sent grant=1 dead=0 blk=16 supp=386 | end=395 (norm=394 rel=1 idle=0 late=0) | bad over=0 inval=0 unk=0 inl=16 | len=4888/4888 el=3500 skew=6055 brun=0 sig=7 g=0 hw=0 p=1 rel=0 end=1 boot=0 anchor=1 owes=1[0m
[00:23:20.480,898] [0m<inf> thread_coex: thread load: role=2 sent=1000 failed=0 interval=100ms payload=64B[0m
[00:23:20.480,908] [0m<inf> thread_coex: thread lat us: <64=0 64=0 128=993 256=7 512=0 1k=0 2k=0 4k=0 8k=0 16k=0 32k=0 64k=0 >=128k=0 max=431[0m
[00:23:20.480,916] [0m<inf> thread_coex: thread mac d: tx=200 retry=2 cca=0 abort=0 busy=0 | tot tx=2132 retry=18 cca=0 abort=0 busy=0[0m
[00:23:20.656,365] [0m<inf> radiant_api: SWEEP set=1 steer=0 dwell=198687/260000 adv=1 sweeps=0 win=1 ok=2 searching=0 carrier=255 | chunks=20 preempt=0 missed=0 ebusy=0 rej=0 | pumps=2638 hk=2637 | scan_us=1884000/20 track_us=83970/388 | end ok=0 abrt=4 miss=0 fail=0 deny=23 replan=0[0m
[00:23:21.360,149] [0m<inf> radiant_gate_mpsl: hi: acq=391 den=0 resv=0 pend=391 blk=0 grant=390[0m
[00:23:21.360,161] [0m<inf> radiant_gate_mpsl: seam: grant=394 nostage=0 prog=394/0 | sigrad=781 sigt0=591 isr=781 end=391 dis=1 term=21 | ramp=394/5 state=0 ev=0x13 rxen saved=0x80000014 cont=0x13f a=0x80000014 p=0x80000014 e=0x80000014 inten=0x00000140[0m
[00:23:21.360,169] [0m<inf> radiant_gate_mpsl: sw: n=390 wipe=0 ramp=390 wipe+ramp=0 rx=389 wipe+rx=0 | started=390 early=0/0us last=2635us | open lead=231us max=258us late=0 glen=4888 cc0=2888[0m
[00:23:21.360,210] [0m<inf> radiant_gate_mpsl: hiend: timer0=389 rel=1 | lasted=2889us max=3485us | dur=2866us max=3463us short=1 | t0arm=31us stale=394[0m
[00:23:21.360,229] [0m<inf> radiant_gate_mpsl: gate: acq=418 in_grant=389/389 placed=416 granted=399 blocked=16 cancel=0 eagain=38 near=0 long=0 ext=198/4 dead=0 | den pend=3 anch=4 dist=0 degen=0 nosess=0 owed=0 | sent grant=1 dead=0 blk=16 supp=390 | end=399 (norm=398 rel=1 idle=0 late=0) | bad over=0 inval=0 unk=0 inl=16 | len=4888/4888 el=3500 skew=6055 brun=0 sig=7 g=0 hw=0 p=1 rel=0 end=1 boot=0 anchor=1 owes=1[0m
[00:23:21.705,303] [0m<inf> radiant_api: SWEEP set=1 steer=0 dwell=198687/260000 adv=1 sweeps=0 win=1 ok=2 searching=0 carrier=255 | chunks=20 preempt=0 missed=0 ebusy=0 rej=0 | pumps=2663 hk=2662 | scan_us=1884000/20 track_us=84786/392 | end ok=0 abrt=4 miss=0 fail=0 deny=23 replan=0[0m
[00:23:22.360,314] [0m<inf> radiant_gate_mpsl: hi: acq=395 den=0 resv=0 pend=395 blk=0 grant=394[0m
[00:23:22.360,330] [0m<inf> radiant_gate_mpsl: seam: grant=398 nostage=0 prog=398/0 | sigrad=789 sigt0=595 isr=789 end=395 dis=1 term=21 | ramp=398/5 state=0 ev=0x13 rxen saved=0x80000014 cont=0x13f a=0x80000014 p=0x80000014 e=0x80000014 inten=0x00000140[0m
[00:23:22.360,339] [0m<inf> radiant_gate_mpsl: sw: n=394 wipe=0 ramp=394 wipe+ramp=0 rx=393 wipe+rx=0 | started=394 early=0/0us last=2635us | open lead=230us max=258us late=0 glen=4888 cc0=2888[0m
[00:23:22.360,380] [0m<inf> radiant_gate_mpsl: hiend: timer0=393 rel=1 | lasted=2889us max=3485us | dur=2866us max=3463us short=1 | t0arm=31us stale=398[0m
[00:23:22.360,398] [0m<inf> radiant_gate_mpsl: gate: acq=422 in_grant=393/393 placed=420 granted=403 blocked=16 cancel=0 eagain=38 near=0 long=0 ext=198/4 dead=0 | den pend=3 anch=4 dist=0 degen=0 nosess=0 owed=0 | sent grant=1 dead=0 blk=16 supp=394 | end=403 (norm=402 rel=1 idle=0 late=0) | bad over=0 inval=0 unk=0 inl=16 | len=4888/4888 el=3500 skew=6055 brun=0 sig=7 g=0 hw=0 p=1 rel=0 end=1 boot=0 anchor=1 owes=1[0m
[00:23:22.754,242] [0m<inf> radiant_api: SWEEP set=1 steer=0 dwell=198687/260000 adv=1 sweeps=0 win=1 ok=2 searching=0 carrier=255 | chunks=20 preempt=0 missed=0 ebusy=0 rej=0 | pumps=2688 hk=2687 | scan_us=1884000/20 track_us=85602/396 | end ok=0 abrt=4 miss=0 fail=0 deny=23 replan=0[0m
[00:23:23.360,461] [0m<inf> radiant_gate_mpsl: hi: acq=399 den=0 resv=0 pend=399 blk=0 grant=398[0m
[00:23:23.360,472] [0m<inf> radiant_gate_mpsl: seam: grant=402 nostage=0 prog=402/0 | sigrad=797 sigt0=599 isr=797 end=399 dis=1 term=21 | ramp=402/5 state=0 ev=0x13 rxen saved=0x80000014 cont=0x13f a=0x80000014 p=0x80000014 e=0x80000014 inten=0x00000140[0m
[00:23:23.360,481] [0m<inf> radiant_gate_mpsl: sw: n=398 wipe=0 ramp=398 wipe+ramp=0 rx=397 wipe+rx=0 | started=398 early=0/0us last=2635us | open lead=231us max=258us late=0 glen=4888 cc0=2888[0m
[00:23:23.360,519] [0m<inf> radiant_gate_mpsl: hiend: timer0=397 rel=1 | lasted=2889us max=3485us | dur=2865us max=3463us short=1 | t0arm=31us stale=402[0m
[00:23:23.360,540] [0m<inf> radiant_gate_mpsl: gate: acq=426 in_grant=397/397 placed=424 granted=407 blocked=16 cancel=0 eagain=38 near=0 long=0 ext=198/4 dead=0 | den pend=3 anch=4 dist=0 degen=0 nosess=0 owed=0 | sent grant=1 dead=0 blk=16 supp=398 | end=407 (norm=406 rel=1 idle=0 late=0) | bad over=0 inval=0 unk=0 inl=16 | len=4888/4888 el=3500 skew=6055 brun=0 sig=7 g=0 hw=0 p=1 rel=0 end=1 boot=0 anchor=1 owes=1[0m
[00:23:23.802,085] [0m<inf> radiant_api: SWEEP set=1 steer=0 dwell=198687/260000 adv=1 sweeps=0 win=1 ok=2 searching=0 carrier=255 | chunks=20 preempt=0 missed=0 ebusy=0 rej=0 | pumps=2713 hk=2712 | scan_us=1884000/20 track_us=86622/401 | end ok=0 abrt=4 miss=0 fail=0 deny=23 replan=0[0m
[00:23:24.360,637] [0m<inf> radiant_gate_mpsl: hi: acq=403 den=0 resv=0 pend=403 blk=0 grant=402[0m
[00:23:24.360,649] [0m<inf> radiant_gate_mpsl: seam: grant=406 nostage=0 prog=406/0 | sigrad=805 sigt0=603 isr=805 end=403 dis=1 term=21 | ramp=406/5 state=0 ev=0x13 rxen saved=0x80000014 cont=0x13f a=0x80000014 p=0x80000014 e=0x80000014 inten=0x00000140[0m
[00:23:24.360,657] [0m<inf> radiant_gate_mpsl: sw: n=402 wipe=0 ramp=402 wipe+ramp=0 rx=401 wipe+rx=0 | started=402 early=0/0us last=2660us | open lead=205us max=258us late=0 glen=4888 cc0=2888[0m
[00:23:24.360,699] [0m<inf> radiant_gate_mpsl: hiend: timer0=401 rel=1 | lasted=2889us max=3485us | dur=2865us max=3463us short=1 | t0arm=32us stale=406[0m
[00:23:24.360,717] [0m<inf> radiant_gate_mpsl: gate: acq=430 in_grant=401/401 placed=428 granted=411 blocked=16 cancel=0 eagain=38 near=0 long=0 ext=198/4 dead=0 | den pend=3 anch=4 dist=0 degen=0 nosess=0 owed=0 | sent grant=1 dead=0 blk=16 supp=402 | end=411 (norm=410 rel=1 idle=0 late=0) | bad over=0 inval=0 unk=0 inl=16 | len=4888/4888 el=3500 skew=6055 brun=0 sig=7 g=0 hw=0 p=1 rel=0 end=1 boot=0 anchor=1 owes=1[0m
[00:23:24.851,169] [0m<inf> radiant_api: SWEEP set=1 steer=0 dwell=198687/260000 adv=1 sweeps=0 win=1 ok=2 searching=0 carrier=255 | chunks=20 preempt=0 missed=0 ebusy=0 rej=0 | pumps=2739 hk=2738 | scan_us=1884000/20 track_us=87438/405 | end ok=0 abrt=4 miss=0 fail=0 deny=23 replan=0[0m
[00:23:25.360,800] [0m<inf> radiant_gate_mpsl: hi: acq=407 den=0 resv=0 pend=407 blk=0 grant=406[0m
[00:23:25.360,816] [0m<inf> radiant_gate_mpsl: seam: grant=410 nostage=0 prog=410/0 | sigrad=813 sigt0=607 isr=813 end=407 dis=1 term=21 | ramp=410/5 state=0 ev=0x13 rxen saved=0x80000014 cont=0x13f a=0x80000014 p=0x80000014 e=0x80000014 inten=0x00000140[0m
[00:23:25.360,825] [0m<inf> radiant_gate_mpsl: sw: n=406 wipe=0 ramp=406 wipe+ramp=0 rx=405 wipe+rx=0 | started=406 early=0/0us last=2634us | open lead=231us max=258us late=0 glen=4888 cc0=2888[0m
[00:23:25.360,867] [0m<inf> radiant_gate_mpsl: hiend: timer0=405 rel=1 | lasted=2889us max=3485us | dur=2866us max=3463us short=1 | t0arm=32us stale=410[0m
[00:23:25.360,885] [0m<inf> radiant_gate_mpsl: gate: acq=434 in_grant=405/405 placed=432 granted=415 blocked=16 cancel=0 eagain=38 near=0 long=0 ext=198/4 dead=0 | den pend=3 anch=4 dist=0 degen=0 nosess=0 owed=0 | sent grant=1 dead=0 blk=16 supp=406 | end=415 (norm=414 rel=1 idle=0 late=0) | bad over=0 inval=0 unk=0 inl=16 | len=4888/4888 el=3500 skew=6055 brun=0 sig=7 g=0 hw=0 p=1 rel=0 end=1 boot=0 anchor=1 owes=1[0m
[00:23:25.900,118] [0m<inf> radiant_api: SWEEP set=1 steer=0 dwell=198687/260000 adv=1 sweeps=0 win=1 ok=2 searching=0 carrier=255 | chunks=20 preempt=0 missed=0 ebusy=0 rej=0 | pumps=2764 hk=2763 | scan_us=1884000/20 track_us=88254/409 | end ok=0 abrt=4 miss=0 fail=0 deny=23 replan=0[0m
[00:23:26.360,949] [0m<inf> radiant_gate_mpsl: hi: acq=411 den=0 resv=0 pend=411 blk=0 grant=410[0m
[00:23:26.360,960] [0m<inf> radiant_gate_mpsl: seam: grant=414 nostage=0 prog=414/0 | sigrad=821 sigt0=611 isr=821 end=411 dis=1 term=21 | ramp=414/5 state=0 ev=0x13 rxen saved=0x80000014 cont=0x13f a=0x80000014 p=0x80000014 e=0x80000014 inten=0x00000140[0m
[00:23:26.360,969] [0m<inf> radiant_gate_mpsl: sw: n=410 wipe=0 ramp=410 wipe+ramp=0 rx=409 wipe+rx=0 | started=410 early=0/0us last=2634us | open lead=231us max=258us late=0 glen=4888 cc0=2888[0m
[00:23:26.361,007] [0m<inf> radiant_gate_mpsl: hiend: timer0=409 rel=1 | lasted=2889us max=3485us | dur=2865us max=3463us short=1 | t0arm=32us stale=414[0m
[00:23:26.361,028] [0m<inf> radiant_gate_mpsl: gate: acq=438 in_grant=409/409 placed=436 granted=419 blocked=16 cancel=0 eagain=38 near=0 long=0 ext=198/4 dead=0 | den pend=3 anch=4 dist=0 degen=0 nosess=0 owed=0 | sent grant=1 dead=0 blk=16 supp=410 | end=419 (norm=418 rel=1 idle=0 late=0) | bad over=0 inval=0 unk=0 inl=16 | len=4888/4888 el=3500 skew=6055 brun=0 sig=7 g=0 hw=0 p=1 rel=0 end=1 boot=0 anchor=1 owes=1[0m
[00:23:26.947,013] [0m<inf> radiant_api: SWEEP set=1 steer=0 dwell=198687/260000 adv=1 sweeps=0 win=1 ok=2 searching=0 carrier=255 | chunks=20 preempt=0 missed=0 ebusy=0 rej=0 | pumps=2789 hk=2788 | scan_us=1884000/20 track_us=89070/413 | end ok=0 abrt=4 miss=0 fail=0 deny=23 replan=0[0m
[00:23:27.361,115] [0m<inf> radiant_gate_mpsl: hi: acq=415 den=0 resv=0 pend=415 blk=0 grant=414[0m
[00:23:27.361,126] [0m<inf> radiant_gate_mpsl: seam: grant=418 nostage=0 prog=418/0 | sigrad=829 sigt0=615 isr=829 end=415 dis=1 term=21 | ramp=418/5 state=0 ev=0x13 rxen saved=0x80000014 cont=0x13f a=0x80000014 p=0x80000014 e=0x80000014 inten=0x00000140[0m
[00:23:27.361,135] [0m<inf> radiant_gate_mpsl: sw: n=414 wipe=0 ramp=414 wipe+ramp=0 rx=413 wipe+rx=0 | started=414 early=0/0us last=2636us | open lead=231us max=258us late=0 glen=4888 cc0=2888[0m
[00:23:27.361,176] [0m<inf> radiant_gate_mpsl: hiend: timer0=413 rel=1 | lasted=2890us max=3485us | dur=2867us max=3463us short=1 | t0arm=30us stale=418[0m
[00:23:27.361,195] [0m<inf> radiant_gate_mpsl: gate: acq=442 in_grant=413/413 placed=440 granted=423 blocked=16 cancel=0 eagain=40 near=0 long=0 ext=198/4 dead=0 | den pend=3 anch=4 dist=0 degen=0 nosess=0 owed=0 | sent grant=1 dead=0 blk=16 supp=414 | end=423 (norm=422 rel=1 idle=0 late=0) | bad over=0 inval=0 unk=0 inl=16 | len=4888/4888 el=3500 skew=6055 brun=0 sig=7 g=0 hw=0 p=1 rel=0 end=1 boot=0 anchor=1 owes=1[0m
[00:23:27.947,648] [0m<inf> radiant_api: SWEEP set=1 steer=0 dwell=198687/260000 adv=1 sweeps=0 win=1 ok=2 searching=0 carrier=255 | chunks=20 preempt=0 missed=0 ebusy=0 rej=0 | pumps=2813 hk=2812 | scan_us=1884000/20 track_us=89886/417 | end ok=0 abrt=4 miss=0 fail=0 deny=23 replan=0[0m
[00:23:28.361,288] [0m<inf> radiant_gate_mpsl: hi: acq=419 den=0 resv=0 pend=419 blk=0 grant=418[0m
[00:23:28.361,306] [0m<inf> radiant_gate_mpsl: seam: grant=422 nostage=0 prog=422/0 | sigrad=837 sigt0=619 isr=837 end=419 dis=1 term=21 | ramp=422/5 state=0 ev=0x13 rxen saved=0x80000014 cont=0x13f a=0x80000014 p=0x80000014 e=0x80000014 inten=0x00000140[0m
[00:23:28.361,315] [0m<inf> radiant_gate_mpsl: sw: n=418 wipe=0 ramp=418 wipe+ramp=0 rx=417 wipe+rx=0 | started=418 early=0/0us last=2634us | open lead=233us max=258us late=0 glen=4888 cc0=2888[0m
[00:23:28.361,356] [0m<inf> radiant_gate_mpsl: hiend: timer0=417 rel=1 | lasted=2889us max=3485us | dur=2866us max=3463us short=1 | t0arm=30us stale=422[0m
[00:23:28.361,375] [0m<inf> radiant_gate_mpsl: gate: acq=446 in_grant=417/417 placed=444 granted=427 blocked=16 cancel=0 eagain=40 near=0 long=0 ext=198/4 dead=0 | den pend=3 anch=4 dist=0 degen=0 nosess=0 owed=0 | sent grant=1 dead=0 blk=16 supp=418 | end=427 (norm=426 rel=1 idle=0 late=0) | bad over=0 inval=0 unk=0 inl=16 | len=4888/4888 el=3500 skew=6055 brun=0 sig=7 g=0 hw=0 p=1 rel=0 end=1 boot=0 anchor=1 owes=1[0m
[00:23:28.996,676] [0m<inf> radiant_api: SWEEP set=1 steer=0 dwell=198687/260000 adv=1 sweeps=0 win=1 ok=2 searching=0 carrier=255 | chunks=20 preempt=0 missed=0 ebusy=0 rej=0 | pumps=2838 hk=2837 | scan_us=1884000/20 track_us=90702/421 | end ok=0 abrt=4 miss=0 fail=0 deny=23 replan=0[0m
[00:23:29.361,469] [0m<inf> radiant_gate_mpsl: hi: acq=423 den=0 resv=0 pend=423 blk=0 grant=422[0m
[00:23:29.361,480] [0m<inf> radiant_gate_mpsl: seam: grant=426 nostage=0 prog=426/0 | sigrad=845 sigt0=623 isr=845 end=423 dis=1 term=21 | ramp=426/5 state=0 ev=0x13 rxen saved=0x80000014 cont=0x13f a=0x80000014 p=0x80000014 e=0x80000014 inten=0x00000140[0m
[00:23:29.361,489] [0m<inf> radiant_gate_mpsl: sw: n=422 wipe=0 ramp=422 wipe+ramp=0 rx=421 wipe+rx=0 | started=422 early=0/0us last=2635us | open lead=232us max=258us late=0 glen=4888 cc0=2888[0m
[00:23:29.361,527] [0m<inf> radiant_gate_mpsl: hiend: timer0=421 rel=1 | lasted=2889us max=3485us | dur=2867us max=3463us short=1 | t0arm=30us stale=426[0m
[00:23:29.361,548] [0m<inf> radiant_gate_mpsl: gate: acq=450 in_grant=421/421 placed=448 granted=431 blocked=16 cancel=0 eagain=40 near=0 long=0 ext=198/4 dead=0 | den pend=3 anch=4 dist=0 degen=0 nosess=0 owed=0 | sent grant=1 dead=0 blk=16 supp=422 | end=431 (norm=430 rel=1 idle=0 late=0) | bad over=0 inval=0 unk=0 inl=16 | len=4888/4888 el=3500 skew=6055 brun=0 sig=7 g=0 hw=0 p=1 rel=0 end=1 boot=0 anchor=1 owes=1[0m
[00:23:30.044,514] [0m<inf> radiant_api: SWEEP set=1 steer=0 dwell=198687/260000 adv=1 sweeps=0 win=1 ok=2 searching=0 carrier=255 | chunks=20 preempt=0 missed=0 ebusy=0 rej=0 | pumps=2863 hk=2862 | scan_us=1884000/20 track_us=91722/426 | end ok=0 abrt=4 miss=0 fail=0 deny=23 replan=0[0m
[00:23:30.361,613] [0m<inf> radiant_gate_mpsl: hi: acq=427 den=0 resv=0 pend=427 blk=0 grant=426[0m
[00:23:30.361,624] [0m<inf> radiant_gate_mpsl: seam: grant=430 nostage=0 prog=430/0 | sigrad=853 sigt0=627 isr=853 end=427 dis=1 term=21 | ramp=430/5 state=0 ev=0x13 rxen saved=0x80000014 cont=0x13f a=0x80000014 p=0x80000014 e=0x80000014 inten=0x00000140[0m
[00:23:30.361,633] [0m<inf> radiant_gate_mpsl: sw: n=426 wipe=0 ramp=426 wipe+ramp=0 rx=425 wipe+rx=0 | started=426 early=0/0us last=2634us | open lead=232us max=258us late=0 glen=4888 cc0=2888[0m
[00:23:30.361,674] [0m<inf> radiant_gate_mpsl: hiend: timer0=425 rel=1 | lasted=2889us max=3485us | dur=2867us max=3463us short=1 | t0arm=30us stale=430[0m
[00:23:30.361,692] [0m<inf> radiant_gate_mpsl: gate: acq=454 in_grant=425/425 placed=452 granted=435 blocked=16 cancel=0 eagain=40 near=0 long=0 ext=198/4 dead=0 | den pend=3 anch=4 dist=0 degen=0 nosess=0 owed=0 | sent grant=1 dead=0 blk=16 supp=426 | end=435 (norm=434 rel=1 idle=0 late=0) | bad over=0 inval=0 unk=0 inl=16 | len=4888/4888 el=3500 skew=6055 brun=0 sig=7 g=0 hw=0 p=1 rel=0 end=1 boot=0 anchor=1 owes=1[0m
[00:23:30.504,154] [0m<inf> thread_coex: thread load: role=2 sent=1100 failed=0 interval=100ms payload=64B[0m
[00:23:30.504,164] [0m<inf> thread_coex: thread lat us: <64=0 64=0 128=1093 256=7 512=0 1k=0 2k=0 4k=0 8k=0 16k=0 32k=0 64k=0 >=128k=0 max=431[0m
[00:23:30.504,173] [0m<inf> thread_coex: thread mac d: tx=200 retry=0 cca=0 abort=0 busy=0 | tot tx=2332 retry=18 cca=0 abort=0 busy=0[0m
[00:23:31.093,482] [0m<inf> radiant_api: SWEEP set=1 steer=0 dwell=198687/260000 adv=1 sweeps=0 win=1 ok=2 searching=0 carrier=255 | chunks=20 preempt=0 missed=0 ebusy=0 rej=0 | pumps=2889 hk=2888 | scan_us=1884000/20 track_us=92538/430 | end ok=0 abrt=4 miss=0 fail=0 deny=23 replan=0[0m
[00:23:31.361,776] [0m<inf> radiant_gate_mpsl: hi: acq=431 den=0 resv=0 pend=431 blk=0 grant=430[0m
[00:23:31.361,792] [0m<inf> radiant_gate_mpsl: seam: grant=434 nostage=0 prog=434/0 | sigrad=861 sigt0=631 isr=861 end=431 dis=1 term=21 | ramp=434/5 state=0 ev=0x13 rxen saved=0x80000014 cont=0x13f a=0x80000014 p=0x80000014 e=0x80000014 inten=0x00000140[0m
[00:23:31.361,801] [0m<inf> radiant_gate_mpsl: sw: n=430 wipe=0 ramp=430 wipe+ramp=0 rx=429 wipe+rx=0 | started=430 early=0/0us last=2634us | open lead=232us max=258us late=0 glen=4888 cc0=2888[0m
[00:23:31.361,842] [0m<inf> radiant_gate_mpsl: hiend: timer0=429 rel=1 | lasted=2890us max=3485us | dur=2867us max=3463us short=1 | t0arm=30us stale=434[0m
[00:23:31.361,861] [0m<inf> radiant_gate_mpsl: gate: acq=458 in_grant=429/429 placed=456 granted=439 blocked=16 cancel=0 eagain=40 near=0 long=0 ext=198/4 dead=0 | den pend=3 anch=4 dist=0 degen=0 nosess=0 owed=0 | sent grant=1 dead=0 blk=16 supp=430 | end=439 (norm=438 rel=1 idle=0 late=0) | bad over=0 inval=0 unk=0 inl=16 | len=4888/4888 el=3500 skew=6055 brun=0 sig=7 g=0 hw=0 p=1 rel=0 end=1 boot=0 anchor=1 owes=1[0m
[00:23:32.142,433] [0m<inf> radiant_api: SWEEP set=1 steer=0 dwell=198687/260000 adv=1 sweeps=0 win=1 ok=2 searching=0 carrier=255 | chunks=20 preempt=0 missed=0 ebusy=0 rej=0 | pumps=2914 hk=2913 | scan_us=1884000/20 track_us=93354/434 | end ok=0 abrt=4 miss=0 fail=0 deny=23 replan=0[0m
[00:23:32.361,925] [0m<inf> radiant_gate_mpsl: hi: acq=435 den=0 resv=0 pend=435 blk=0 grant=434[0m
[00:23:32.361,936] [0m<inf> radiant_gate_mpsl: seam: grant=438 nostage=0 prog=438/0 | sigrad=869 sigt0=635 isr=869 end=435 dis=1 term=21 | ramp=438/5 state=0 ev=0x13 rxen saved=0x80000014 cont=0x13f a=0x80000014 p=0x80000014 e=0x80000014 inten=0x00000140[0m
[00:23:32.361,945] [0m<inf> radiant_gate_mpsl: sw: n=434 wipe=0 ramp=434 wipe+ramp=0 rx=433 wipe+rx=0 | started=434 early=0/0us last=2635us | open lead=231us max=258us late=0 glen=4888 cc0=2888[0m
[00:23:32.361,983] [0m<inf> radiant_gate_mpsl: hiend: timer0=433 rel=1 | lasted=2889us max=3485us | dur=2867us max=3463us short=1 | t0arm=30us stale=438[0m
[00:23:32.362,004] [0m<inf> radiant_gate_mpsl: gate: acq=462 in_grant=433/433 placed=460 granted=443 blocked=16 cancel=0 eagain=40 near=0 long=0 ext=198/4 dead=0 | den pend=3 anch=4 dist=0 degen=0 nosess=0 owed=0 | sent grant=1 dead=0 blk=16 supp=434 | end=443 (norm=442 rel=1 idle=0 late=0) | bad over=0 inval=0 unk=0 inl=16 | len=4888/4888 el=3500 skew=6055 brun=0 sig=7 g=0 hw=0 p=1 rel=0 end=1 boot=0 anchor=1 owes=1[0m
[00:23:33.191,358] [0m<inf> radiant_api: SWEEP set=1 steer=0 dwell=198687/260000 adv=1 sweeps=0 win=1 ok=2 searching=0 carrier=255 | chunks=20 preempt=0 missed=0 ebusy=0 rej=0 | pumps=2939 hk=2938 | scan_us=1884000/20 track_us=94170/438 | end ok=0 abrt=4 miss=0 fail=0 deny=23 replan=0[0m
[00:23:33.362,063] [0m<inf> radiant_gate_mpsl: hi: acq=439 den=0 resv=0 pend=439 blk=0 grant=438[0m
[00:23:33.362,074] [0m<inf> radiant_gate_mpsl: seam: grant=442 nostage=0 prog=442/0 | sigrad=877 sigt0=639 isr=877 end=439 dis=1 term=21 | ramp=442/5 state=0 ev=0x13 rxen saved=0x80000014 cont=0x13f a=0x80000014 p=0x80000014 e=0x80000014 inten=0x00000140[0m
[00:23:33.362,083] [0m<inf> radiant_gate_mpsl: sw: n=438 wipe=0 ramp=438 wipe+ramp=0 rx=437 wipe+rx=0 | started=438 early=0/0us last=2635us | open lead=232us max=258us late=0 glen=4888 cc0=2888[0m
[00:23:33.362,124] [0m<inf> radiant_gate_mpsl: hiend: timer0=437 rel=1 | lasted=2889us max=3485us | dur=2866us max=3463us short=1 | t0arm=30us stale=442[0m
[00:23:33.362,142] [0m<inf> radiant_gate_mpsl: gate: acq=466 in_grant=437/437 placed=464 granted=447 blocked=16 cancel=0 eagain=40 near=0 long=0 ext=198/4 dead=0 | den pend=3 anch=4 dist=0 degen=0 nosess=0 owed=0 | sent grant=1 dead=0 blk=16 supp=438 | end=447 (norm=446 rel=1 idle=0 late=0) | bad over=0 inval=0 unk=0 inl=16 | len=4888/4888 el=3500 skew=6055 brun=0 sig=7 g=0 hw=0 p=1 rel=0 end=1 boot=0 anchor=1 owes=1[0m
[00:23:34.240,277] [0m<inf> radiant_api: SWEEP set=1 steer=0 dwell=198687/260000 adv=1 sweeps=0 win=1 ok=2 searching=0 carrier=255 | chunks=20 preempt=0 missed=0 ebusy=0 rej=0 | pumps=2964 hk=2963 | scan_us=1884000/20 track_us=94986/442 | end ok=0 abrt=4 miss=0 fail=0 deny=23 replan=0[0m
[00:23:34.362,243] [0m<inf> radiant_gate_mpsl: hi: acq=443 den=0 resv=0 pend=443 blk=0 grant=442[0m
[00:23:34.362,259] [0m<inf> radiant_gate_mpsl: seam: grant=446 nostage=0 prog=446/0 | sigrad=885 sigt0=643 isr=885 end=443 dis=1 term=21 | ramp=446/5 state=0 ev=0x13 rxen saved=0x80000014 cont=0x13f a=0x80000014 p=0x80000014 e=0x80000014 inten=0x00000140[0m
[00:23:34.362,268] [0m<inf> radiant_gate_mpsl: sw: n=442 wipe=0 ramp=442 wipe+ramp=0 rx=441 wipe+rx=0 | started=442 early=0/0us last=2635us | open lead=230us max=258us late=0 glen=4888 cc0=2888[0m
[00:23:34.362,307] [0m<inf> radiant_gate_mpsl: hiend: timer0=441 rel=1 | lasted=2889us max=3485us | dur=2866us max=3463us short=1 | t0arm=31us stale=446[0m
[00:23:34.362,325] [0m<inf> radiant_gate_mpsl: gate: acq=470 in_grant=441/441 placed=468 granted=451 blocked=16 cancel=0 eagain=40 near=0 long=0 ext=198/4 dead=0 | den pend=3 anch=4 dist=0 degen=0 nosess=0 owed=0 | sent grant=1 dead=0 blk=16 supp=442 | end=451 (norm=450 rel=1 idle=0 late=0) | bad over=0 inval=0 unk=0 inl=16 | len=4888/4888 el=3500 skew=6055 brun=0 sig=7 g=0 hw=0 p=1 rel=0 end=1 boot=0 anchor=1 owes=1[0m
[00:23:35.288,145] [0m<inf> radiant_api: SWEEP set=1 steer=0 dwell=198687/260000 adv=1 sweeps=0 win=1 ok=2 searching=0 carrier=255 | chunks=20 preempt=0 missed=0 ebusy=0 rej=0 | pumps=2989 hk=2988 | scan_us=1884000/20 track_us=96006/447 | end ok=0 abrt=4 miss=0 fail=0 deny=23 replan=0[0m
[00:23:35.362,382] [0m<inf> radiant_gate_mpsl: hi: acq=447 den=0 resv=0 pend=447 blk=0 grant=446[0m
[00:23:35.362,393] [0m<inf> radiant_gate_mpsl: seam: grant=450 nostage=0 prog=450/0 | sigrad=893 sigt0=647 isr=893 end=447 dis=1 term=21 | ramp=450/5 state=0 ev=0x13 rxen saved=0x80000014 cont=0x13f a=0x80000014 p=0x80000014 e=0x80000014 inten=0x00000140[0m
[00:23:35.362,402] [0m<inf> radiant_gate_mpsl: sw: n=446 wipe=0 ramp=446 wipe+ramp=0 rx=445 wipe+rx=0 | started=446 early=0/0us last=2635us | open lead=231us max=258us late=0 glen=4888 cc0=2888[0m
[00:23:35.362,440] [0m<inf> radiant_gate_mpsl: hiend: timer0=445 rel=1 | lasted=2889us max=3485us | dur=2867us max=3463us short=1 | t0arm=30us stale=450[0m
[00:23:35.362,461] [0m<inf> radiant_gate_mpsl: gate: acq=474 in_grant=445/445 placed=472 granted=455 blocked=16 cancel=0 eagain=40 near=0 long=0 ext=198/4 dead=0 | den pend=3 anch=4 dist=0 degen=0 nosess=0 owed=0 | sent grant=1 dead=0 blk=16 supp=446 | end=455 (norm=454 rel=1 idle=0 late=0) | bad over=0 inval=0 unk=0 inl=16 | len=4888/4888 el=3500 skew=6055 brun=0 sig=7 g=0 hw=0 p=1 rel=0 end=1 boot=0 anchor=1 owes=1[0m
[00:23:36.337,128] [0m<inf> radiant_api: SWEEP set=1 steer=0 dwell=198687/260000 adv=1 sweeps=0 win=1 ok=2 searching=0 carrier=255 | chunks=20 preempt=0 missed=0 ebusy=0 rej=0 | pumps=3015 hk=3014 | scan_us=1884000/20 track_us=96822/451 | end ok=0 abrt=4 miss=0 fail=0 deny=23 replan=0[0m
[00:23:36.362,559] [0m<inf> radiant_gate_mpsl: hi: acq=451 den=0 resv=0 pend=451 blk=0 grant=450[0m
[00:23:36.362,570] [0m<inf> radiant_gate_mpsl: seam: grant=454 nostage=0 prog=454/0 | sigrad=901 sigt0=651 isr=901 end=451 dis=1 term=21 | ramp=454/5 state=0 ev=0x13 rxen saved=0x80000014 cont=0x13f a=0x80000014 p=0x80000014 e=0x80000014 inten=0x00000140[0m
[00:23:36.362,578] [0m<inf> radiant_gate_mpsl: sw: n=450 wipe=0 ramp=450 wipe+ramp=0 rx=449 wipe+rx=0 | started=450 early=0/0us last=2635us | open lead=232us max=258us late=0 glen=4888 cc0=2888[0m
[00:23:36.362,619] [0m<inf> radiant_gate_mpsl: hiend: timer0=449 rel=1 | lasted=2889us max=3485us | dur=2866us max=3463us short=1 | t0arm=30us stale=454[0m
[00:23:36.362,638] [0m<inf> radiant_gate_mpsl: gate: acq=478 in_grant=449/449 placed=476 granted=459 blocked=16 cancel=0 eagain=40 near=0 long=0 ext=198/4 dead=0 | den pend=3 anch=4 dist=0 degen=0 nosess=0 owed=0 | sent grant=1 dead=0 blk=16 supp=450 | end=459 (norm=458 rel=1 idle=0 late=0) | bad over=0 inval=0 unk=0 inl=16 | len=4888/4888 el=3500 skew=6055 brun=0 sig=7 g=0 hw=0 p=1 rel=0 end=1 boot=0 anchor=1 owes=1[0m
[00:23:37.362,717] [0m<inf> radiant_gate_mpsl: hi: acq=455 den=0 resv=0 pend=455 blk=0 grant=454[0m
[00:23:37.362,728] [0m<inf> radiant_gate_mpsl: seam: grant=458 nostage=0 prog=458/0 | sigrad=909 sigt0=655 isr=909 end=455 dis=1 term=21 | ramp=458/5 state=0 ev=0x13 rxen saved=0x80000014 cont=0x13f a=0x80000014 p=0x80000014 e=0x80000014 inten=0x00000140[0m
[00:23:37.362,737] [0m<inf> radiant_gate_mpsl: sw: n=454 wipe=0 ramp=454 wipe+ramp=0 rx=453 wipe+rx=0 | started=454 early=0/0us last=2635us | open lead=231us max=258us late=0 glen=4888 cc0=2888[0m
[00:23:37.362,774] [0m<inf> radiant_gate_mpsl: hiend: timer0=453 rel=1 | lasted=2889us max=3485us | dur=2867us max=3463us short=1 | t0arm=30us stale=458[0m
[00:23:37.362,792] [0m<inf> radiant_gate_mpsl: gate: acq=482 in_grant=453/453 placed=480 granted=463 blocked=16 cancel=0 eagain=40 near=0 long=0 ext=198/4 dead=0 | den pend=3 anch=4 dist=0 degen=0 nosess=0 owed=0 | sent grant=1 dead=0 blk=16 supp=454 | end=463 (norm=462 rel=1 idle=0 late=0) | bad over=0 inval=0 unk=0 inl=16 | len=4888/4888 el=3500 skew=6055 brun=0 sig=7 g=0 hw=0 p=1 rel=0 end=1 boot=0 anchor=1 owes=1[0m
[00:23:37.386,097] [0m<inf> radiant_api: SWEEP set=1 steer=0 dwell=198687/260000 adv=1 sweeps=0 win=1 ok=2 searching=0 carrier=255 | chunks=20 preempt=0 missed=0 ebusy=0 rej=0 | pumps=3040 hk=3039 | scan_us=1884000/20 track_us=97638/455 | end ok=0 abrt=4 miss=0 fail=0 deny=23 replan=0[0m
[00:23:38.362,891] [0m<inf> radiant_gate_mpsl: hi: acq=459 den=0 resv=0 pend=459 blk=0 grant=458[0m
[00:23:38.362,908] [0m<inf> radiant_gate_mpsl: seam: grant=462 nostage=0 prog=462/0 | sigrad=917 sigt0=659 isr=917 end=459 dis=1 term=21 | ramp=462/5 state=0 ev=0x13 rxen saved=0x80000014 cont=0x13f a=0x80000014 p=0x80000014 e=0x80000014 inten=0x00000140[0m
[00:23:38.362,917] [0m<inf> radiant_gate_mpsl: sw: n=458 wipe=0 ramp=458 wipe+ramp=0 rx=457 wipe+rx=0 | started=458 early=0/0us last=2610us | open lead=257us max=258us late=0 glen=4888 cc0=2888[0m
[00:23:38.362,958] [0m<inf> radiant_gate_mpsl: hiend: timer0=457 rel=1 | lasted=2889us max=3485us | dur=2866us max=3463us short=1 | t0arm=30us stale=462[0m
[00:23:38.362,976] [0m<inf> radiant_gate_mpsl: gate: acq=486 in_grant=457/457 placed=484 granted=467 blocked=16 cancel=0 eagain=40 near=0 long=0 ext=198/4 dead=0 | den pend=3 anch=4 dist=0 degen=0 nosess=0 owed=0 | sent grant=1 dead=0 blk=16 supp=458 | end=467 (norm=466 rel=1 idle=0 late=0) | bad over=0 inval=0 unk=0 inl=16 | len=4888/4888 el=3500 skew=6055 brun=0 sig=7 g=0 hw=0 p=1 rel=0 end=1 boot=0 anchor=1 owes=1[0m
[00:23:38.434,982] [0m<inf> radiant_api: SWEEP set=1 steer=0 dwell=198687/260000 adv=1 sweeps=0 win=1 ok=2 searching=0 carrier=255 | chunks=20 preempt=0 missed=0 ebusy=0 rej=0 | pumps=3065 hk=3064 | scan_us=1884000/20 track_us=98454/459 | end ok=0 abrt=4 miss=0 fail=0 deny=23 replan=0[0m
[00:23:39.363,041] [0m<inf> radiant_gate_mpsl: hi: acq=463 den=0 resv=0 pend=463 blk=0 grant=462[0m
[00:23:39.363,052] [0m<inf> radiant_gate_mpsl: seam: grant=466 nostage=0 prog=466/0 | sigrad=925 sigt0=663 isr=925 end=463 dis=1 term=21 | ramp=466/5 state=0 ev=0x13 rxen saved=0x80000014 cont=0x13f a=0x80000014 p=0x80000014 e=0x80000014 inten=0x00000140[0m
[00:23:39.363,061] [0m<inf> radiant_gate_mpsl: sw: n=462 wipe=0 ramp=462 wipe+ramp=0 rx=461 wipe+rx=0 | started=462 early=0/0us last=2636us | open lead=230us max=258us late=0 glen=4888 cc0=2888[0m
[00:23:39.363,099] [0m<inf> radiant_gate_mpsl: hiend: timer0=461 rel=1 | lasted=2889us max=3485us | dur=2866us max=3463us short=1 | t0arm=31us stale=466[0m
[00:23:39.363,120] [0m<inf> radiant_gate_mpsl: gate: acq=490 in_grant=461/461 placed=488 granted=471 blocked=16 cancel=0 eagain=40 near=0 long=0 ext=198/4 dead=0 | den pend=3 anch=4 dist=0 degen=0 nosess=0 owed=0 | sent grant=1 dead=0 blk=16 supp=462 | end=471 (norm=470 rel=1 idle=0 late=0) | bad over=0 inval=0 unk=0 inl=16 | len=4888/4888 el=3500 skew=6055 brun=0 sig=7 g=0 hw=0 p=1 rel=0 end=1 boot=0 anchor=1 owes=1[0m
[00:23:39.483,968] [0m<inf> radiant_api: SWEEP set=1 steer=0 dwell=198687/260000 adv=1 sweeps=0 win=1 ok=2 searching=0 carrier=255 | chunks=20 preempt=0 missed=0 ebusy=0 rej=0 | pumps=3090 hk=3089 | scan_us=1884000/20 track_us=99270/463 | end ok=0 abrt=4 miss=0 fail=0 deny=23 replan=0[0m
[00:23:40.363,208] [0m<inf> radiant_gate_mpsl: hi: acq=467 den=0 resv=0 pend=467 blk=0 grant=466[0m
[00:23:40.363,227] [0m<inf> radiant_gate_mpsl: seam: grant=470 nostage=0 prog=470/0 | sigrad=933 sigt0=667 isr=933 end=467 dis=1 term=21 | ramp=470/5 state=0 ev=0x13 rxen saved=0x80000014 cont=0x13f a=0x80000014 p=0x80000014 e=0x80000014 inten=0x00000140[0m
[00:23:40.363,236] [0m<inf> radiant_gate_mpsl: sw: n=466 wipe=0 ramp=466 wipe+ramp=0 rx=465 wipe+rx=0 | started=466 early=0/0us last=2635us | open lead=230us max=258us late=0 glen=4888 cc0=2888[0m
[00:23:40.363,277] [0m<inf> radiant_gate_mpsl: hiend: timer0=465 rel=1 | lasted=2889us max=3485us | dur=2866us max=3463us short=1 | t0arm=31us stale=470[0m
[00:23:40.363,295] [0m<inf> radiant_gate_mpsl: gate: acq=494 in_grant=465/465 placed=492 granted=475 blocked=16 cancel=0 eagain=40 near=0 long=0 ext=198/4 dead=0 | den pend=3 anch=4 dist=0 degen=0 nosess=0 owed=0 | sent grant=1 dead=0 blk=16 supp=466 | end=475 (norm=474 rel=1 idle=0 late=0) | bad over=0 inval=0 unk=0 inl=16 | len=4888/4888 el=3500 skew=6055 brun=0 sig=7 g=0 hw=0 p=1 rel=0 end=1 boot=0 anchor=1 owes=1[0m
[00:23:40.527,231] [0m<inf> thread_coex: thread load: role=2 sent=1200 failed=0 interval=100ms payload=64B[0m
[00:23:40.527,241] [0m<inf> thread_coex: thread lat us: <64=0 64=0 128=1193 256=7 512=0 1k=0 2k=0 4k=0 8k=0 16k=0 32k=0 64k=0 >=128k=0 max=431[0m
[00:23:40.527,250] [0m<inf> thread_coex: thread mac d: tx=200 retry=2 cca=0 abort=0 busy=0 | tot tx=2532 retry=20 cca=0 abort=0 busy=0[0m
[00:23:40.531,966] [0m<inf> radiant_api: SWEEP set=1 steer=0 dwell=198687/260000 adv=1 sweeps=0 win=1 ok=2 searching=0 carrier=255 | chunks=20 preempt=0 missed=0 ebusy=0 rej=0 | pumps=3115 hk=3114 | scan_us=1884000/20 track_us=100290/468 | end ok=0 abrt=4 miss=0 fail=0 deny=23 replan=0[0m
[00:23:41.363,369] [0m<inf> radiant_gate_mpsl: hi: acq=471 den=0 resv=0 pend=471 blk=0 grant=470[0m
[00:23:41.363,383] [0m<inf> radiant_gate_mpsl: seam: grant=474 nostage=0 prog=474/0 | sigrad=941 sigt0=671 isr=941 end=471 dis=1 term=21 | ramp=474/5 state=0 ev=0x13 rxen saved=0x80000014 cont=0x13f a=0x80000014 p=0x80000014 e=0x80000014 inten=0x00000140[0m
[00:23:41.363,391] [0m<inf> radiant_gate_mpsl: sw: n=470 wipe=0 ramp=470 wipe+ramp=0 rx=469 wipe+rx=0 | started=470 early=0/0us last=2635us | open lead=231us max=258us late=0 glen=4888 cc0=2888[0m
[00:23:41.363,429] [0m<inf> radiant_gate_mpsl: hiend: timer0=469 rel=1 | lasted=2889us max=3485us | dur=2865us max=3463us short=1 | t0arm=31us stale=474[0m
[00:23:41.363,447] [0m<inf> radiant_gate_mpsl: gate: acq=498 in_grant=469/469 placed=496 granted=479 blocked=16 cancel=0 eagain=41 near=0 long=0 ext=198/4 dead=0 | den pend=3 anch=4 dist=0 degen=0 nosess=0 owed=0 | sent grant=1 dead=0 blk=16 supp=470 | end=479 (norm=478 rel=1 idle=0 late=0) | bad over=0 inval=0 unk=0 inl=16 | len=4888/4888 el=3500 skew=6055 brun=0 sig=7 g=0 hw=0 p=1 rel=0 end=1 boot=0 anchor=1 owes=1[0m
[00:23:41.580,448] [0m<inf> radiant_api: SWEEP set=1 steer=0 dwell=198687/260000 adv=1 sweeps=0 win=1 ok=2 searching=0 carrier=255 | chunks=20 preempt=0 missed=0 ebusy=0 rej=0 | pumps=3141 hk=3140 | scan_us=1884000/20 track_us=101106/472 | end ok=0 abrt=4 miss=0 fail=0 deny=23 replan=0[0m
[00:23:42.363,517] [0m<inf> radiant_gate_mpsl: hi: acq=475 den=0 resv=0 pend=475 blk=0 grant=474[0m
[00:23:42.363,535] [0m<inf> radiant_gate_mpsl: seam: grant=478 nostage=0 prog=478/0 | sigrad=949 sigt0=675 isr=949 end=475 dis=1 term=21 | ramp=478/5 state=0 ev=0x13 rxen saved=0x80000014 cont=0x13f a=0x80000014 p=0x80000014 e=0x80000014 inten=0x00000140[0m
[00:23:42.363,544] [0m<inf> radiant_gate_mpsl: sw: n=474 wipe=0 ramp=474 wipe+ramp=0 rx=473 wipe+rx=0 | started=474 early=0/0us last=2635us | open lead=230us max=258us late=0 glen=4888 cc0=2888[0m
[00:23:42.363,585] [0m<inf> radiant_gate_mpsl: hiend: timer0=473 rel=1 | lasted=2889us max=3485us | dur=2866us max=3463us short=1 | t0arm=31us stale=478[0m
[00:23:42.363,603] [0m<inf> radiant_gate_mpsl: gate: acq=502 in_grant=473/473 placed=500 granted=483 blocked=16 cancel=0 eagain=42 near=0 long=0 ext=198/4 dead=0 | den pend=3 anch=4 dist=0 degen=0 nosess=0 owed=0 | sent grant=1 dead=0 blk=16 supp=474 | end=483 (norm=482 rel=1 idle=0 late=0) | bad over=0 inval=0 unk=0 inl=16 | len=4888/4888 el=3500 skew=6055 brun=0 sig=7 g=0 hw=0 p=1 rel=0 end=1 boot=0 anchor=1 owes=1[0m
[00:23:42.629,674] [0m<inf> radiant_api: SWEEP set=1 steer=0 dwell=198687/260000 adv=1 sweeps=0 win=1 ok=2 searching=0 carrier=255 | chunks=20 preempt=0 missed=0 ebusy=0 rej=0 | pumps=3166 hk=3165 | scan_us=1884000/20 track_us=101922/476 | end ok=0 abrt=4 miss=0 fail=0 deny=23 replan=0[0m
[00:23:43.363,663] [0m<inf> radiant_gate_mpsl: hi: acq=479 den=0 resv=0 pend=479 blk=0 grant=478[0m
[00:23:43.363,674] [0m<inf> radiant_gate_mpsl: seam: grant=482 nostage=0 prog=482/0 | sigrad=957 sigt0=679 isr=957 end=479 dis=1 term=21 | ramp=482/5 state=0 ev=0x13 rxen saved=0x80000014 cont=0x13f a=0x80000014 p=0x80000014 e=0x80000014 inten=0x00000140[0m
[00:23:43.363,683] [0m<inf> radiant_gate_mpsl: sw: n=478 wipe=0 ramp=478 wipe+ramp=0 rx=477 wipe+rx=0 | started=478 early=0/0us last=2635us | open lead=231us max=258us late=0 glen=4888 cc0=2888[0m
[00:23:43.363,721] [0m<inf> radiant_gate_mpsl: hiend: timer0=477 rel=1 | lasted=2889us max=3485us | dur=2866us max=3463us short=1 | t0arm=31us stale=482[0m
[00:23:43.363,742] [0m<inf> radiant_gate_mpsl: gate: acq=506 in_grant=477/477 placed=504 granted=487 blocked=16 cancel=0 eagain=42 near=0 long=0 ext=198/4 dead=0 | den pend=3 anch=4 dist=0 degen=0 nosess=0 owed=0 | sent grant=1 dead=0 blk=16 supp=478 | end=487 (norm=486 rel=1 idle=0 late=0) | bad over=0 inval=0 unk=0 inl=16 | len=4888/4888 el=3500 skew=6055 brun=0 sig=7 g=0 hw=0 p=1 rel=0 end=1 boot=0 anchor=1 owes=1[0m
[00:23:43.678,627] [0m<inf> radiant_api: SWEEP set=1 steer=0 dwell=198687/260000 adv=1 sweeps=0 win=1 ok=2 searching=0 carrier=255 | chunks=20 preempt=0 missed=0 ebusy=0 rej=0 | pumps=3191 hk=3190 | scan_us=1884000/20 track_us=102738/480 | end ok=0 abrt=4 miss=0 fail=0 deny=23 replan=0[0m
[00:23:44.363,843] [0m<inf> radiant_gate_mpsl: hi: acq=483 den=0 resv=0 pend=483 blk=0 grant=482[0m
[00:23:44.363,854] [0m<inf> radiant_gate_mpsl: seam: grant=486 nostage=0 prog=486/0 | sigrad=965 sigt0=683 isr=965 end=483 dis=1 term=21 | ramp=486/5 state=0 ev=0x13 rxen saved=0x80000014 cont=0x13f a=0x80000014 p=0x80000014 e=0x80000014 inten=0x00000140[0m
[00:23:44.363,863] [0m<inf> radiant_gate_mpsl: sw: n=482 wipe=0 ramp=482 wipe+ramp=0 rx=481 wipe+rx=0 | started=482 early=0/0us last=2635us | open lead=231us max=258us late=0 glen=4888 cc0=2888[0m
[00:23:44.363,904] [0m<inf> radiant_gate_mpsl: hiend: timer0=481 rel=1 | lasted=2889us max=3485us | dur=2866us max=3463us short=1 | t0arm=31us stale=486[0m
[00:23:44.363,922] [0m<inf> radiant_gate_mpsl: gate: acq=510 in_grant=481/481 placed=508 granted=491 blocked=16 cancel=0 eagain=42 near=0 long=0 ext=198/4 dead=0 | den pend=3 anch=4 dist=0 degen=0 nosess=0 owed=0 | sent grant=1 dead=0 blk=16 supp=482 | end=491 (norm=490 rel=1 idle=0 late=0) | bad over=0 inval=0 unk=0 inl=16 | len=4888/4888 el=3500 skew=6055 brun=0 sig=7 g=0 hw=0 p=1 rel=0 end=1 boot=0 anchor=1 owes=1[0m
[00:23:44.727,536] [0m<inf> radiant_api: SWEEP set=1 steer=0 dwell=198687/260000 adv=1 sweeps=0 win=1 ok=2 searching=0 carrier=255 | chunks=20 preempt=0 missed=0 ebusy=0 rej=0 | pumps=3216 hk=3215 | scan_us=1884000/20 track_us=103554/484 | end ok=0 abrt=4 miss=0 fail=0 deny=23 replan=0[0m
[00:23:45.364,007] [0m<inf> radiant_gate_mpsl: hi: acq=487 den=0 resv=0 pend=487 blk=0 grant=486[0m
[00:23:45.364,024] [0m<inf> radiant_gate_mpsl: seam: grant=490 nostage=0 prog=490/0 | sigrad=973 sigt0=687 isr=973 end=487 dis=1 term=21 | ramp=490/5 state=0 ev=0x13 rxen saved=0x80000014 cont=0x13f a=0x80000014 p=0x80000014 e=0x80000014 inten=0x00000140[0m
[00:23:45.364,033] [0m<inf> radiant_gate_mpsl: sw: n=486 wipe=0 ramp=486 wipe+ramp=0 rx=485 wipe+rx=0 | started=486 early=0/0us last=2635us | open lead=230us max=258us late=0 glen=4888 cc0=2888[0m
[00:23:45.364,074] [0m<inf> radiant_gate_mpsl: hiend: timer0=485 rel=1 | lasted=2889us max=3485us | dur=2866us max=3463us short=1 | t0arm=31us stale=490[0m
[00:23:45.364,092] [0m<inf> radiant_gate_mpsl: gate: acq=514 in_grant=485/485 placed=512 granted=495 blocked=16 cancel=0 eagain=42 near=0 long=0 ext=198/4 dead=0 | den pend=3 anch=4 dist=0 degen=0 nosess=0 owed=0 | sent grant=1 dead=0 blk=16 supp=486 | end=495 (norm=494 rel=1 idle=0 late=0) | bad over=0 inval=0 unk=0 inl=16 | len=4888/4888 el=3500 skew=6055 brun=0 sig=7 g=0 hw=0 p=1 rel=0 end=1 boot=0 anchor=1 owes=1[0m
[00:23:45.775,406] [0m<inf> radiant_api: SWEEP set=1 steer=0 dwell=198687/260000 adv=1 sweeps=0 win=1 ok=2 searching=0 carrier=255 | chunks=20 preempt=0 missed=0 ebusy=0 rej=0 | pumps=3241 hk=3240 | scan_us=1884000/20 track_us=104574/489 | end ok=0 abrt=4 miss=0 fail=0 deny=23 replan=0[0m
[00:23:46.364,184] [0m<inf> radiant_gate_mpsl: hi: acq=491 den=0 resv=0 pend=491 blk=0 grant=490[0m
[00:23:46.364,195] [0m<inf> radiant_gate_mpsl: seam: grant=494 nostage=0 prog=494/0 | sigrad=981 sigt0=691 isr=981 end=491 dis=1 term=21 | ramp=494/5 state=0 ev=0x13 rxen saved=0x80000014 cont=0x13f a=0x80000014 p=0x80000014 e=0x80000014 inten=0x00000140[0m
[00:23:46.364,204] [0m<inf> radiant_gate_mpsl: sw: n=490 wipe=0 ramp=490 wipe+ramp=0 rx=489 wipe+rx=0 | started=490 early=0/0us last=2636us | open lead=230us max=258us late=0 glen=4888 cc0=2888[0m
[00:23:46.364,242] [0m<inf> radiant_gate_mpsl: hiend: timer0=489 rel=1 | lasted=2889us max=3485us | dur=2865us max=3463us short=1 | t0arm=31us stale=494[0m
[00:23:46.364,263] [0m<inf> radiant_gate_mpsl: gate: acq=518 in_grant=489/489 placed=516 granted=499 blocked=16 cancel=0 eagain=42 near=0 long=0 ext=198/4 dead=0 | den pend=3 anch=4 dist=0 degen=0 nosess=0 owed=0 | sent grant=1 dead=0 blk=16 supp=490 | end=499 (norm=498 rel=1 idle=0 late=0) | bad over=0 inval=0 unk=0 inl=16 | len=4888/4888 el=3500 skew=6055 brun=0 sig=7 g=0 hw=0 p=1 rel=0 end=1 boot=0 anchor=1 owes=1[0m
[00:23:46.824,385] [0m<inf> radiant_api: SWEEP set=1 steer=0 dwell=198687/260000 adv=1 sweeps=0 win=1 ok=2 searching=0 carrier=255 | chunks=20 preempt=0 missed=0 ebusy=0 rej=0 | pumps=3267 hk=3266 | scan_us=1884000/20 track_us=105390/493 | end ok=0 abrt=4 miss=0 fail=0 deny=23 replan=0[0m
[00:23:47.364,364] [0m<inf> radiant_gate_mpsl: hi: acq=495 den=0 resv=0 pend=495 blk=0 grant=494[0m
[00:23:47.364,375] [0m<inf> radiant_gate_mpsl: seam: grant=498 nostage=0 prog=498/0 | sigrad=989 sigt0=695 isr=989 end=495 dis=1 term=21 | ramp=498/5 state=0 ev=0x13 rxen saved=0x80000014 cont=0x13f a=0x80000014 p=0x80000014 e=0x80000014 inten=0x00000140[0m
[00:23:47.364,384] [0m<inf> radiant_gate_mpsl: sw: n=494 wipe=0 ramp=494 wipe+ramp=0 rx=493 wipe+rx=0 | started=494 early=0/0us last=2635us | open lead=230us max=258us late=0 glen=4888 cc0=2888[0m
[00:23:47.364,425] [0m<inf> radiant_gate_mpsl: hiend: timer0=493 rel=1 | lasted=2889us max=3485us | dur=2866us max=3463us short=1 | t0arm=31us stale=498[0m
[00:23:47.364,443] [0m<inf> radiant_gate_mpsl: gate: acq=522 in_grant=493/493 placed=520 granted=503 blocked=16 cancel=0 eagain=42 near=0 long=0 ext=198/4 dead=0 | den pend=3 anch=4 dist=0 degen=0 nosess=0 owed=0 | sent grant=1 dead=0 blk=16 supp=494 | end=503 (norm=502 rel=1 idle=0 late=0) | bad over=0 inval=0 unk=0 inl=16 | len=4888/4888 el=3500 skew=6055 brun=0 sig=7 g=0 hw=0 p=1 rel=0 end=1 boot=0 anchor=1 owes=1[0m
[00:23:47.873,274] [0m<inf> radiant_api: SWEEP set=1 steer=0 dwell=198687/260000 adv=1 sweeps=0 win=1 ok=2 searching=0 carrier=255 | chunks=20 preempt=0 missed=0 ebusy=0 rej=0 | pumps=3292 hk=3291 | scan_us=1884000/20 track_us=106206/497 | end ok=0 abrt=4 miss=0 fail=0 deny=23 replan=0[0m
[00:23:48.364,494] [0m<inf> radiant_gate_mpsl: hi: acq=499 den=0 resv=0 pend=499 blk=0 grant=498[0m
[00:23:48.364,512] [0m<inf> radiant_gate_mpsl: seam: grant=502 nostage=0 prog=502/0 | sigrad=997 sigt0=699 isr=997 end=499 dis=1 term=21 | ramp=502/5 state=0 ev=0x13 rxen saved=0x80000014 cont=0x13f a=0x80000014 p=0x80000014 e=0x80000014 inten=0x00000140[0m
[00:23:48.364,521] [0m<inf> radiant_gate_mpsl: sw: n=498 wipe=0 ramp=498 wipe+ramp=0 rx=497 wipe+rx=0 | started=498 early=0/0us last=2635us | open lead=230us max=258us late=0 glen=4888 cc0=2888[0m
[00:23:48.364,562] [0m<inf> radiant_gate_mpsl: hiend: timer0=497 rel=1 | lasted=2889us max=3485us | dur=2866us max=3463us short=1 | t0arm=31us stale=502[0m
[00:23:48.364,580] [0m<inf> radiant_gate_mpsl: gate: acq=526 in_grant=497/497 placed=524 granted=507 blocked=16 cancel=0 eagain=42 near=0 long=0 ext=198/4 dead=0 | den pend=3 anch=4 dist=0 degen=0 nosess=0 owed=0 | sent grant=1 dead=0 blk=16 supp=498 | end=507 (norm=506 rel=1 idle=0 late=0) | bad over=0 inval=0 unk=0 inl=16 | len=4888/4888 el=3500 skew=6055 brun=0 sig=7 g=0 hw=0 p=1 rel=0 end=1 boot=0 anchor=1 owes=1[0m
[00:23:48.922,209] [0m<inf> radiant_api: SWEEP set=1 steer=0 dwell=198687/260000 adv=1 sweeps=0 win=1 ok=2 searching=0 carrier=255 | chunks=20 preempt=0 missed=0 ebusy=0 rej=0 | pumps=3317 hk=3316 | scan_us=1884000/20 track_us=107022/501 | end ok=0 abrt=4 miss=0 fail=0 deny=23 replan=0[0m
[00:23:49.364,639] [0m<inf> radiant_gate_mpsl: hi: acq=503 den=0 resv=0 pend=503 blk=0 grant=502[0m
[00:23:49.364,650] [0m<inf> radiant_gate_mpsl: seam: grant=506 nostage=0 prog=506/0 | sigrad=1005 sigt0=703 isr=1005 end=503 dis=1 term=21 | ramp=506/5 state=0 ev=0x13 rxen saved=0x80000014 cont=0x13f a=0x80000014 p=0x80000014 e=0x80000014 inten=0x00000140[0m
[00:23:49.364,659] [0m<inf> radiant_gate_mpsl: sw: n=502 wipe=0 ramp=502 wipe+ramp=0 rx=501 wipe+rx=0 | started=502 early=0/0us last=2635us | open lead=231us max=258us late=0 glen=4888 cc0=2888[0m
[00:23:49.364,697] [0m<inf> radiant_gate_mpsl: hiend: timer0=501 rel=1 | lasted=2889us max=3485us | dur=2866us max=3463us short=1 | t0arm=31us stale=506[0m
[00:23:49.364,718] [0m<inf> radiant_gate_mpsl: gate: acq=530 in_grant=501/501 placed=528 granted=511 blocked=16 cancel=0 eagain=42 near=0 long=0 ext=198/4 dead=0 | den pend=3 anch=4 dist=0 degen=0 nosess=0 owed=0 | sent grant=1 dead=0 blk=16 supp=502 | end=511 (norm=510 rel=1 idle=0 late=0) | bad over=0 inval=0 unk=0 inl=16 | len=4888/4888 el=3500 skew=6055 brun=0 sig=7 g=0 hw=0 p=1 rel=0 end=1 boot=0 anchor=1 owes=1[0m
[00:23:49.971,119] [0m<inf> radiant_api: SWEEP set=1 steer=0 dwell=198687/260000 adv=1 sweeps=0 win=1 ok=2 searching=0 carrier=255 | chunks=20 preempt=0 missed=0 ebusy=0 rej=0 | pumps=3342 hk=3341 | scan_us=1884000/20 track_us=107838/505 | end ok=0 abrt=4 miss=0 fail=0 deny=23 replan=0[0m
[00:23:50.364,788] [0m<inf> radiant_gate_mpsl: hi: acq=507 den=0 resv=0 pend=507 blk=0 grant=506[0m
[00:23:50.364,799] [0m<inf> radiant_gate_mpsl: seam: grant=510 nostage=0 prog=510/0 | sigrad=1013 sigt0=707 isr=1013 end=507 dis=1 term=21 | ramp=510/5 state=0 ev=0x13 rxen saved=0x80000014 cont=0x13f a=0x80000014 p=0x80000014 e=0x80000014 inten=0x00000140[0m
[00:23:50.364,808] [0m<inf> radiant_gate_mpsl: sw: n=506 wipe=0 ramp=506 wipe+ramp=0 rx=505 wipe+rx=0 | started=506 early=0/0us last=2634us | open lead=231us max=258us late=0 glen=4888 cc0=2888[0m
[00:23:50.364,849] [0m<inf> radiant_gate_mpsl: hiend: timer0=505 rel=1 | lasted=2889us max=3485us | dur=2866us max=3463us short=1 | t0arm=31us stale=510[0m
[00:23:50.364,867] [0m<inf> radiant_gate_mpsl: gate: acq=534 in_grant=505/505 placed=532 granted=515 blocked=16 cancel=0 eagain=42 near=0 long=0 ext=198/4 dead=0 | den pend=3 anch=4 dist=0 degen=0 nosess=0 owed=0 | sent grant=1 dead=0 blk=16 supp=506 | end=515 (norm=514 rel=1 idle=0 late=0) | bad over=0 inval=0 unk=0 inl=16 | len=4888/4888 el=3500 skew=6055 brun=0 sig=7 g=0 hw=0 p=1 rel=0 end=1 boot=0 anchor=1 owes=1[0m
[00:23:50.551,239] [0m<inf> thread_coex: thread load: role=2 sent=1300 failed=0 interval=100ms payload=64B[0m
[00:23:50.551,249] [0m<inf> thread_coex: thread lat us: <64=0 64=0 128=1290 256=10 512=0 1k=0 2k=0 4k=0 8k=0 16k=0 32k=0 64k=0 >=128k=0 max=431[0m
[00:23:50.551,257] [0m<inf> thread_coex: thread mac d: tx=201 retry=0 cca=0 abort=0 busy=0 | tot tx=2733 retry=20 cca=0 abort=0 busy=0[0m
[00:23:51.019,026] [0m<inf> radiant_api: SWEEP set=1 steer=0 dwell=198687/260000 adv=1 sweeps=0 win=1 ok=2 searching=0 carrier=255 | chunks=20 preempt=0 missed=0 ebusy=0 rej=0 | pumps=3367 hk=3366 | scan_us=1884000/20 track_us=108858/510 | end ok=0 abrt=4 miss=0 fail=0 deny=23 replan=0[0m
[00:23:51.364,966] [0m<inf> radiant_gate_mpsl: hi: acq=511 den=0 resv=0 pend=511 blk=0 grant=510[0m
[00:23:51.364,983] [0m<inf> radiant_gate_mpsl: seam: grant=514 nostage=0 prog=514/0 | sigrad=1021 sigt0=711 isr=1021 end=511 dis=1 term=21 | ramp=514/5 state=0 ev=0x13 rxen saved=0x80000014 cont=0x13f a=0x80000014 p=0x80000014 e=0x80000014 inten=0x00000140[0m
[00:23:51.364,992] [0m<inf> radiant_gate_mpsl: sw: n=510 wipe=0 ramp=510 wipe+ramp=0 rx=509 wipe+rx=0 | started=510 early=0/0us last=2634us | open lead=232us max=258us late=0 glen=4888 cc0=2888[0m
[00:23:51.365,033] [0m<inf> radiant_gate_mpsl: hiend: timer0=509 rel=1 | lasted=2889us max=3485us | dur=2865us max=3463us short=1 | t0arm=31us stale=514[0m
[00:23:51.365,053] [0m<inf> radiant_gate_mpsl: gate: acq=538 in_grant=509/509 placed=536 granted=519 blocked=16 cancel=0 eagain=42 near=0 long=0 ext=198/4 dead=0 | den pend=3 anch=4 dist=0 degen=0 nosess=0 owed=0 | sent grant=1 dead=0 blk=16 supp=510 | end=519 (norm=518 rel=1 idle=0 late=0) | bad over=0 inval=0 unk=0 inl=16 | len=4888/4888 el=3500 skew=6055 brun=0 sig=7 g=0 hw=0 p=1 rel=0 end=1 boot=0 anchor=1 owes=1[0m
[00:23:52.068,019] [0m<inf> radiant_api: SWEEP set=1 steer=0 dwell=198687/260000 adv=1 sweeps=0 win=1 ok=2 searching=0 carrier=255 | chunks=20 preempt=0 missed=0 ebusy=0 rej=0 | pumps=3393 hk=3392 | scan_us=1884000/20 track_us=109674/514 | end ok=0 abrt=4 miss=0 fail=0 deny=23 replan=0[0m
[00:23:52.365,146] [0m<inf> radiant_gate_mpsl: hi: acq=515 den=0 resv=0 pend=515 blk=0 grant=514[0m
[00:23:52.365,157] [0m<inf> radiant_gate_mpsl: seam: grant=518 nostage=0 prog=518/0 | sigrad=1029 sigt0=715 isr=1029 end=515 dis=1 term=21 | ramp=518/5 state=0 ev=0x13 rxen saved=0x80000014 cont=0x13f a=0x80000014 p=0x80000014 e=0x80000014 inten=0x00000140[0m
[00:23:52.365,166] [0m<inf> radiant_gate_mpsl: sw: n=514 wipe=0 ramp=514 wipe+ramp=0 rx=513 wipe+rx=0 | started=514 early=0/0us last=2661us | open lead=205us max=258us late=0 glen=4888 cc0=2888[0m
[00:23:52.365,204] [0m<inf> radiant_gate_mpsl: hiend: timer0=513 rel=1 | lasted=2889us max=3485us | dur=2865us max=3463us short=1 | t0arm=32us stale=518[0m
[00:23:52.365,225] [0m<inf> radiant_gate_mpsl: gate: acq=542 in_grant=513/513 placed=540 granted=523 blocked=16 cancel=0 eagain=42 near=0 long=0 ext=198/4 dead=0 | den pend=3 anch=4 dist=0 degen=0 nosess=0 owed=0 | sent grant=1 dead=0 blk=16 supp=514 | end=523 (norm=522 rel=1 idle=0 late=0) | bad over=0 inval=0 unk=0 inl=16 | len=4888/4888 el=3500 skew=6055 brun=0 sig=7 g=0 hw=0 p=1 rel=0 end=1 boot=0 anchor=1 owes=1[0m
[00:23:53.116,945] [0m<inf> radiant_api: SWEEP set=1 steer=0 dwell=198687/260000 adv=1 sweeps=0 win=1 ok=2 searching=0 carrier=255 | chunks=20 preempt=0 missed=0 ebusy=0 rej=0 | pumps=3418 hk=3417 | scan_us=1884000/20 track_us=110490/518 | end ok=0 abrt=4 miss=0 fail=0 deny=23 replan=0[0m
[00:23:53.365,293] [0m<inf> radiant_gate_mpsl: hi: acq=519 den=0 resv=0 pend=519 blk=0 grant=518[0m
[00:23:53.365,305] [0m<inf> radiant_gate_mpsl: seam: grant=522 nostage=0 prog=522/0 | sigrad=1037 sigt0=719 isr=1037 end=519 dis=1 term=21 | ramp=522/5 state=0 ev=0x13 rxen saved=0x80000014 cont=0x13f a=0x80000014 p=0x80000014 e=0x80000014 inten=0x00000140[0m
[00:23:53.365,314] [0m<inf> radiant_gate_mpsl: sw: n=518 wipe=0 ramp=518 wipe+ramp=0 rx=517 wipe+rx=0 | started=518 early=0/0us last=2634us | open lead=231us max=258us late=0 glen=4888 cc0=2888[0m
[00:23:53.365,355] [0m<inf> radiant_gate_mpsl: hiend: timer0=517 rel=1 | lasted=2889us max=3485us | dur=2866us max=3463us short=1 | t0arm=32us stale=522[0m
[00:23:53.365,373] [0m<inf> radiant_gate_mpsl: gate: acq=546 in_grant=517/517 placed=544 granted=527 blocked=16 cancel=0 eagain=42 near=0 long=0 ext=198/4 dead=0 | den pend=3 anch=4 dist=0 degen=0 nosess=0 owed=0 | sent grant=1 dead=0 blk=16 supp=518 | end=527 (norm=526 rel=1 idle=0 late=0) | bad over=0 inval=0 unk=0 inl=16 | len=4888/4888 el=3500 skew=6055 brun=0 sig=7 g=0 hw=0 p=1 rel=0 end=1 boot=0 anchor=1 owes=1[0m
[00:23:54.165,859] [0m<inf> radiant_api: SWEEP set=1 steer=0 dwell=198687/260000 adv=1 sweeps=0 win=1 ok=2 searching=0 carrier=255 | chunks=20 preempt=0 missed=0 ebusy=0 rej=0 | pumps=3443 hk=3442 | scan_us=1884000/20 track_us=111306/522 | end ok=0 abrt=4 miss=0 fail=0 deny=23 replan=0[0m
[00:23:54.365,444] [0m<inf> radiant_gate_mpsl: hi: acq=523 den=0 resv=0 pend=523 blk=0 grant=522[0m
[00:23:54.365,468] [0m<inf> radiant_gate_mpsl: seam: grant=526 nostage=0 prog=526/0 | sigrad=1045 sigt0=723 isr=1045 end=523 dis=1 term=21 | ramp=526/5 state=0 ev=0x13 rxen saved=0x80000014 cont=0x13f a=0x80000014 p=0x80000014 e=0x80000014 inten=0x00000140[0m
[00:23:54.365,478] [0m<inf> radiant_gate_mpsl: sw: n=522 wipe=0 ramp=522 wipe+ramp=0 rx=521 wipe+rx=0 | started=522 early=0/0us last=2635us | open lead=230us max=258us late=0 glen=4888 cc0=2888[0m
[00:23:54.365,519] [0m<inf> radiant_gate_mpsl: hiend: timer0=521 rel=1 | lasted=2888us max=3485us | dur=2865us max=3463us short=1 | t0arm=32us stale=526[0m
[00:23:54.365,537] [0m<inf> radiant_gate_mpsl: gate: acq=550 in_grant=521/521 placed=548 granted=531 blocked=16 cancel=0 eagain=42 near=0 long=0 ext=198/4 dead=0 | den pend=3 anch=4 dist=0 degen=0 nosess=0 owed=0 | sent grant=1 dead=0 blk=16 supp=522 | end=531 (norm=530 rel=1 idle=0 late=0) | bad over=0 inval=0 unk=0 inl=16 | len=4888/4888 el=3500 skew=6055 brun=0 sig=7 g=0 hw=0 p=1 rel=0 end=1 boot=0 anchor=1 owes=1[0m
[00:23:55.214,824] [0m<inf> radiant_api: SWEEP set=1 steer=0 dwell=198687/260000 adv=1 sweeps=0 win=1 ok=2 searching=0 carrier=255 | chunks=20 preempt=0 missed=0 ebusy=0 rej=0 | pumps=3468 hk=3467 | scan_us=1884000/20 track_us=112122/526 | end ok=0 abrt=4 miss=0 fail=0 deny=23 replan=0[0m
[00:23:55.365,615] [0m<inf> radiant_gate_mpsl: hi: acq=527 den=0 resv=0 pend=527 blk=0 grant=526[0m
[00:23:55.365,627] [0m<inf> radiant_gate_mpsl: seam: grant=530 nostage=0 prog=530/0 | sigrad=1053 sigt0=727 isr=1053 end=527 dis=1 term=21 | ramp=530/5 state=0 ev=0x13 rxen saved=0x80000014 cont=0x13f a=0x80000014 p=0x80000014 e=0x80000014 inten=0x00000140[0m
[00:23:55.365,635] [0m<inf> radiant_gate_mpsl: sw: n=526 wipe=0 ramp=526 wipe+ramp=0 rx=525 wipe+rx=0 | started=526 early=0/0us last=2636us | open lead=230us max=258us late=0 glen=4888 cc0=2888[0m
[00:23:55.365,673] [0m<inf> radiant_gate_mpsl: hiend: timer0=525 rel=1 | lasted=2890us max=3485us | dur=2867us max=3463us short=1 | t0arm=31us stale=530[0m
[00:23:55.365,695] [0m<inf> radiant_gate_mpsl: gate: acq=554 in_grant=525/525 placed=552 granted=535 blocked=16 cancel=0 eagain=44 near=0 long=0 ext=198/4 dead=0 | den pend=3 anch=4 dist=0 degen=0 nosess=0 owed=0 | sent grant=1 dead=0 blk=16 supp=526 | end=535 (norm=534 rel=1 idle=0 late=0) | bad over=0 inval=0 unk=0 inl=16 | len=4888/4888 el=3500 skew=6055 brun=0 sig=7 g=0 hw=0 p=1 rel=0 end=1 boot=0 anchor=1 owes=1[0m
[00:23:56.262,654] [0m<inf> radiant_api: SWEEP set=1 steer=0 dwell=198687/260000 adv=1 sweeps=0 win=1 ok=2 searching=0 carrier=255 | chunks=20 preempt=0 missed=0 ebusy=0 rej=0 | pumps=3493 hk=3492 | scan_us=1884000/20 track_us=113142/531 | end ok=0 abrt=4 miss=0 fail=0 deny=23 replan=0[0m
[00:23:56.365,784] [0m<inf> radiant_gate_mpsl: hi: acq=531 den=0 resv=0 pend=531 blk=0 grant=530[0m
[00:23:56.365,795] [0m<inf> radiant_gate_mpsl: seam: grant=534 nostage=0 prog=534/0 | sigrad=1061 sigt0=731 isr=1061 end=531 dis=1 term=21 | ramp=534/5 state=0 ev=0x13 rxen saved=0x80000014 cont=0x13f a=0x80000014 p=0x80000014 e=0x80000014 inten=0x00000140[0m
[00:23:56.365,804] [0m<inf> radiant_gate_mpsl: sw: n=530 wipe=0 ramp=530 wipe+ramp=0 rx=529 wipe+rx=0 | started=530 early=0/0us last=2635us | open lead=231us max=258us late=0 glen=4888 cc0=2888[0m
[00:23:56.365,845] [0m<inf> radiant_gate_mpsl: hiend: timer0=529 rel=1 | lasted=2888us max=3485us | dur=2865us max=3463us short=1 | t0arm=31us stale=534[0m
[00:23:56.365,863] [0m<inf> radiant_gate_mpsl: gate: acq=558 in_grant=529/529 placed=556 granted=539 blocked=16 cancel=0 eagain=44 near=0 long=0 ext=198/4 dead=0 | den pend=3 anch=4 dist=0 degen=0 nosess=0 owed=0 | sent grant=1 dead=0 blk=16 supp=530 | end=539 (norm=538 rel=1 idle=0 late=0) | bad over=0 inval=0 unk=0 inl=16 | len=4888/4888 el=3500 skew=6055 brun=0 sig=7 g=0 hw=0 p=1 rel=0 end=1 boot=0 anchor=1 owes=1[0m
[00:23:57.311,639] [0m<inf> radiant_api: SWEEP set=1 steer=0 dwell=198687/260000 adv=1 sweeps=0 win=1 ok=2 searching=0 carrier=255 | chunks=20 preempt=0 missed=0 ebusy=0 rej=0 | pumps=3519 hk=3518 | scan_us=1884000/20 track_us=113958/535 | end ok=0 abrt=4 miss=0 fail=0 deny=23 replan=0[0m
[00:23:57.365,918] [0m<inf> radiant_gate_mpsl: hi: acq=535 den=0 resv=0 pend=535 blk=0 grant=534[0m
[00:23:57.365,929] [0m<inf> radiant_gate_mpsl: seam: grant=538 nostage=0 prog=538/0 | sigrad=1069 sigt0=735 isr=1069 end=535 dis=1 term=21 | ramp=538/5 state=0 ev=0x13 rxen saved=0x80000014 cont=0x13f a=0x80000014 p=0x80000014 e=0x80000014 inten=0x00000140[0m
[00:23:57.365,938] [0m<inf> radiant_gate_mpsl: sw: n=534 wipe=0 ramp=534 wipe+ramp=0 rx=533 wipe+rx=0 | started=534 early=0/0us last=2635us | open lead=231us max=258us late=0 glen=4888 cc0=2888[0m
[00:23:57.365,975] [0m<inf> radiant_gate_mpsl: hiend: timer0=533 rel=1 | lasted=2889us max=3485us | dur=2866us max=3463us short=1 | t0arm=31us stale=538[0m
[00:23:57.365,995] [0m<inf> radiant_gate_mpsl: gate: acq=562 in_grant=533/533 placed=560 granted=543 blocked=16 cancel=0 eagain=44 near=0 long=0 ext=198/4 dead=0 | den pend=3 anch=4 dist=0 degen=0 nosess=0 owed=0 | sent grant=1 dead=0 blk=16 supp=534 | end=543 (norm=542 rel=1 idle=0 late=0) | bad over=0 inval=0 unk=0 inl=16 | len=4888/4888 el=3500 skew=6055 brun=0 sig=7 g=0 hw=0 p=1 rel=0 end=1 boot=0 anchor=1 owes=1[0m
[00:23:58.360,572] [0m<inf> radiant_api: SWEEP set=1 steer=0 dwell=198687/260000 adv=1 sweeps=0 win=1 ok=2 searching=0 carrier=255 | chunks=20 preempt=0 missed=0 ebusy=0 rej=0 | pumps=3544 hk=3543 | scan_us=1884000/20 track_us=114774/539 | end ok=0 abrt=4 miss=0 fail=0 deny=23 replan=0[0m
[00:23:58.366,073] [0m<inf> radiant_gate_mpsl: hi: acq=539 den=0 resv=0 pend=539 blk=0 grant=538[0m
[00:23:58.366,084] [0m<inf> radiant_gate_mpsl: seam: grant=542 nostage=0 prog=542/0 | sigrad=1077 sigt0=739 isr=1077 end=539 dis=1 term=21 | ramp=542/5 state=0 ev=0x13 rxen saved=0x80000014 cont=0x13f a=0x80000014 p=0x80000014 e=0x80000014 inten=0x00000140[0m
[00:23:58.366,093] [0m<inf> radiant_gate_mpsl: sw: n=538 wipe=0 ramp=538 wipe+ramp=0 rx=537 wipe+rx=0 | started=538 early=0/0us last=2635us | open lead=230us max=258us late=0 glen=4888 cc0=2888[0m
[00:23:58.366,134] [0m<inf> radiant_gate_mpsl: hiend: timer0=537 rel=1 | lasted=2889us max=3485us | dur=2866us max=3463us short=1 | t0arm=31us stale=542[0m
[00:23:58.366,152] [0m<inf> radiant_gate_mpsl: gate: acq=566 in_grant=537/537 placed=564 granted=547 blocked=16 cancel=0 eagain=44 near=0 long=0 ext=198/4 dead=0 | den pend=3 anch=4 dist=0 degen=0 nosess=0 owed=0 | sent grant=1 dead=0 blk=16 supp=538 | end=547 (norm=546 rel=1 idle=0 late=0) | bad over=0 inval=0 unk=0 inl=16 | len=4888/4888 el=3500 skew=6055 brun=0 sig=7 g=0 hw=0 p=1 rel=0 end=1 boot=0 anchor=1 owes=1[0m
[00:23:59.366,224] [0m<inf> radiant_gate_mpsl: hi: acq=543 den=0 resv=0 pend=543 blk=0 grant=542[0m
[00:23:59.366,235] [0m<inf> radiant_gate_mpsl: seam: grant=546 nostage=0 prog=546/0 | sigrad=1085 sigt0=743 isr=1085 end=543 dis=1 term=21 | ramp=546/5 state=0 ev=0x13 rxen saved=0x80000014 cont=0x13f a=0x80000014 p=0x80000014 e=0x80000014 inten=0x00000140[0m
[00:23:59.366,244] [0m<inf> radiant_gate_mpsl: sw: n=542 wipe=0 ramp=542 wipe+ramp=0 rx=541 wipe+rx=0 | started=542 early=0/0us last=2635us | open lead=231us max=258us late=0 glen=4888 cc0=2888[0m
[00:23:59.366,280] [0m<inf> radiant_gate_mpsl: hiend: timer0=541 rel=1 | lasted=2888us max=3485us | dur=2865us max=3463us short=1 | t0arm=31us stale=546[0m
[00:23:59.366,302] [0m<inf> radiant_gate_mpsl: gate: acq=570 in_grant=541/541 placed=568 granted=551 blocked=16 cancel=0 eagain=44 near=0 long=0 ext=198/4 dead=0 | den pend=3 anch=4 dist=0 degen=0 nosess=0 owed=0 | sent grant=1 dead=0 blk=16 supp=542 | end=551 (norm=550 rel=1 idle=0 late=0) | bad over=0 inval=0 unk=0 inl=16 | len=4888/4888 el=3500 skew=6055 brun=0 sig=7 g=0 hw=0 p=1 rel=0 end=1 boot=0 anchor=1 owes=1[0m
[00:23:59.409,483] [0m<inf> radiant_api: SWEEP set=1 steer=0 dwell=198687/260000 adv=1 sweeps=0 win=1 ok=2 searching=0 carrier=255 | chunks=20 preempt=0 missed=0 ebusy=0 rej=0 | pumps=3569 hk=3568 | scan_us=1884000/20 track_us=115590/543 | end ok=0 abrt=4 miss=0 fail=0 deny=23 replan=0[0m
[00:24:00.366,399] [0m<inf> radiant_gate_mpsl: hi: acq=547 den=0 resv=0 pend=547 blk=0 grant=546[0m
[00:24:00.366,415] [0m<inf> radiant_gate_mpsl: seam: grant=550 nostage=0 prog=550/0 | sigrad=1093 sigt0=747 isr=1093 end=547 dis=1 term=21 | ramp=550/5 state=0 ev=0x13 rxen saved=0x80000014 cont=0x13f a=0x80000014 p=0x80000014 e=0x80000014 inten=0x00000140[0m
[00:24:00.366,424] [0m<inf> radiant_gate_mpsl: sw: n=546 wipe=0 ramp=546 wipe+ramp=0 rx=545 wipe+rx=0 | started=546 early=0/0us last=2634us | open lead=231us max=258us late=0 glen=4888 cc0=2888[0m
[00:24:00.366,465] [0m<inf> radiant_gate_mpsl: hiend: timer0=545 rel=1 | lasted=2889us max=3485us | dur=2866us max=3463us short=1 | t0arm=31us stale=550[0m
[00:24:00.366,484] [0m<inf> radiant_gate_mpsl: gate: acq=574 in_grant=545/545 placed=572 granted=555 blocked=16 cancel=0 eagain=44 near=0 long=0 ext=198/4 dead=0 | den pend=3 anch=4 dist=0 degen=0 nosess=0 owed=0 | sent grant=1 dead=0 blk=16 supp=546 | end=555 (norm=554 rel=1 idle=0 late=0) | bad over=0 inval=0 unk=0 inl=16 | len=4888/4888 el=3500 skew=6055 brun=0 sig=7 g=0 hw=0 p=1 rel=0 end=1 boot=0 anchor=1 owes=1[0m
[00:24:00.458,433] [0m<inf> radiant_api: SWEEP set=1 steer=0 dwell=198687/260000 adv=1 sweeps=0 win=1 ok=2 searching=0 carrier=255 | chunks=20 preempt=0 missed=0 ebusy=0 rej=0 | pumps=3594 hk=3593 | scan_us=1884000/20 track_us=116406/547 | end ok=0 abrt=4 miss=0 fail=0 deny=23 replan=0[0m
[00:24:00.574,638] [0m<inf> thread_coex: thread load: role=2 sent=1400 failed=0 interval=100ms payload=64B[0m
[00:24:00.574,648] [0m<inf> thread_coex: thread lat us: <64=0 64=0 128=1390 256=10 512=0 1k=0 2k=0 4k=0 8k=0 16k=0 32k=0 64k=0 >=128k=0 max=431[0m
[00:24:00.574,657] [0m<inf> thread_coex: thread mac d: tx=200 retry=0 cca=0 abort=0 busy=0 | tot tx=2933 retry=20 cca=0 abort=0 busy=0[0m
[00:24:01.366,545] [0m<inf> radiant_gate_mpsl: hi: acq=551 den=0 resv=0 pend=551 blk=0 grant=550[0m
[00:24:01.366,559] [0m<inf> radiant_gate_mpsl: seam: grant=554 nostage=0 prog=554/0 | sigrad=1101 sigt0=751 isr=1101 end=551 dis=1 term=21 | ramp=554/5 state=0 ev=0x13 rxen saved=0x80000014 cont=0x13f a=0x80000014 p=0x80000014 e=0x80000014 inten=0x00000140[0m
[00:24:01.366,567] [0m<inf> radiant_gate_mpsl: sw: n=550 wipe=0 ramp=550 wipe+ramp=0 rx=549 wipe+rx=0 | started=550 early=0/0us last=2635us | open lead=230us max=258us late=0 glen=4888 cc0=2888[0m
[00:24:01.366,605] [0m<inf> radiant_gate_mpsl: hiend: timer0=549 rel=1 | lasted=2889us max=3485us | dur=2866us max=3463us short=1 | t0arm=32us stale=554[0m
[00:24:01.366,623] [0m<inf> radiant_gate_mpsl: gate: acq=578 in_grant=549/549 placed=576 granted=559 blocked=16 cancel=0 eagain=44 near=0 long=0 ext=198/4 dead=0 | den pend=3 anch=4 dist=0 degen=0 nosess=0 owed=0 | sent grant=1 dead=0 blk=16 supp=550 | end=559 (norm=558 rel=1 idle=0 late=0) | bad over=0 inval=0 unk=0 inl=16 | len=4888/4888 el=3500 skew=6055 brun=0 sig=7 g=0 hw=0 p=1 rel=0 end=1 boot=0 anchor=1 owes=1[0m
[00:24:01.506,299] [0m<inf> radiant_api: SWEEP set=1 steer=0 dwell=198687/260000 adv=1 sweeps=0 win=1 ok=2 searching=0 carrier=255 | chunks=20 preempt=0 missed=0 ebusy=0 rej=0 | pumps=3619 hk=3618 | scan_us=1884000/20 track_us=117426/552 | end ok=0 abrt=4 miss=0 fail=0 deny=23 replan=0[0m
[00:24:02.366,720] [0m<inf> radiant_gate_mpsl: hi: acq=555 den=0 resv=0 pend=555 blk=0 grant=554[0m
[00:24:02.366,736] [0m<inf> radiant_gate_mpsl: seam: grant=558 nostage=0 prog=558/0 | sigrad=1109 sigt0=755 isr=1109 end=555 dis=1 term=21 | ramp=558/5 state=0 ev=0x13 rxen saved=0x80000014 cont=0x13f a=0x80000014 p=0x80000014 e=0x80000014 inten=0x00000140[0m
[00:24:02.366,745] [0m<inf> radiant_gate_mpsl: sw: n=554 wipe=0 ramp=554 wipe+ramp=0 rx=553 wipe+rx=0 | started=554 early=0/0us last=2635us | open lead=231us max=258us late=0 glen=4888 cc0=2888[0m
[00:24:02.366,786] [0m<inf> radiant_gate_mpsl: hiend: timer0=553 rel=1 | lasted=2889us max=3485us | dur=2865us max=3463us short=1 | t0arm=32us stale=558[0m
[00:24:02.366,805] [0m<inf> radiant_gate_mpsl: gate: acq=582 in_grant=553/553 placed=580 granted=563 blocked=16 cancel=0 eagain=44 near=0 long=0 ext=198/4 dead=0 | den pend=3 anch=4 dist=0 degen=0 nosess=0 owed=0 | sent grant=1 dead=0 blk=16 supp=554 | end=563 (norm=562 rel=1 idle=0 late=0) | bad over=0 inval=0 unk=0 inl=16 | len=4888/4888 el=3500 skew=6055 brun=0 sig=7 g=0 hw=0 p=1 rel=0 end=1 boot=0 anchor=1 owes=1[0m
[00:24:02.555,280] [0m<inf> radiant_api: SWEEP set=1 steer=0 dwell=198687/260000 adv=1 sweeps=0 win=1 ok=2 searching=0 carrier=255 | chunks=20 preempt=0 missed=0 ebusy=0 rej=0 | pumps=3645 hk=3644 | scan_us=1884000/20 track_us=118242/556 | end ok=0 abrt=4 miss=0 fail=0 deny=23 replan=0[0m
[00:24:03.366,853] [0m<inf> radiant_gate_mpsl: hi: acq=559 den=0 resv=0 pend=559 blk=0 grant=558[0m
[00:24:03.366,864] [0m<inf> radiant_gate_mpsl: seam: grant=562 nostage=0 prog=562/0 | sigrad=1117 sigt0=759 isr=1117 end=559 dis=1 term=21 | ramp=562/5 state=0 ev=0x13 rxen saved=0x80000014 cont=0x13f a=0x80000014 p=0x80000014 e=0x80000014 inten=0x00000140[0m
[00:24:03.366,873] [0m<inf> radiant_gate_mpsl: sw: n=558 wipe=0 ramp=558 wipe+ramp=0 rx=557 wipe+rx=0 | started=558 early=0/0us last=2635us | open lead=231us max=258us late=0 glen=4888 cc0=2888[0m
[00:24:03.366,911] [0m<inf> radiant_gate_mpsl: hiend: timer0=557 rel=1 | lasted=2889us max=3485us | dur=2866us max=3463us short=1 | t0arm=31us stale=562[0m
[00:24:03.366,934] [0m<inf> radiant_gate_mpsl: gate: acq=586 in_grant=557/557 placed=584 granted=567 blocked=16 cancel=0 eagain=44 near=0 long=0 ext=198/4 dead=0 | den pend=3 anch=4 dist=0 degen=0 nosess=0 owed=0 | sent grant=1 dead=0 blk=16 supp=558 | end=567 (norm=566 rel=1 idle=0 late=0) | bad over=0 inval=0 unk=0 inl=16 | len=4888/4888 el=3500 skew=6055 brun=0 sig=7 g=0 hw=0 p=1 rel=0 end=1 boot=0 anchor=1 owes=1[0m
[00:24:03.604,223] [0m<inf> radiant_api: SWEEP set=1 steer=0 dwell=198687/260000 adv=1 sweeps=0 win=1 ok=2 searching=0 carrier=255 | chunks=20 preempt=0 missed=0 ebusy=0 rej=0 | pumps=3670 hk=3669 | scan_us=1884000/20 track_us=119058/560 | end ok=0 abrt=4 miss=0 fail=0 deny=23 replan=0[0m
[00:24:04.367,011] [0m<inf> radiant_gate_mpsl: hi: acq=563 den=0 resv=0 pend=563 blk=0 grant=562[0m
[00:24:04.367,022] [0m<inf> radiant_gate_mpsl: seam: grant=566 nostage=0 prog=566/0 | sigrad=1125 sigt0=763 isr=1125 end=563 dis=1 term=21 | ramp=566/5 state=0 ev=0x13 rxen saved=0x80000014 cont=0x13f a=0x80000014 p=0x80000014 e=0x80000014 inten=0x00000140[0m
[00:24:04.367,031] [0m<inf> radiant_gate_mpsl: sw: n=562 wipe=0 ramp=562 wipe+ramp=0 rx=561 wipe+rx=0 | started=562 early=0/0us last=2634us | open lead=231us max=258us late=0 glen=4888 cc0=2888[0m
[00:24:04.367,072] [0m<inf> radiant_gate_mpsl: hiend: timer0=561 rel=1 | lasted=2889us max=3485us | dur=2866us max=3463us short=1 | t0arm=32us stale=566[0m
[00:24:04.367,091] [0m<inf> radiant_gate_mpsl: gate: acq=590 in_grant=561/561 placed=588 granted=571 blocked=16 cancel=0 eagain=44 near=0 long=0 ext=198/4 dead=0 | den pend=3 anch=4 dist=0 degen=0 nosess=0 owed=0 | sent grant=1 dead=0 blk=16 supp=562 | end=571 (norm=570 rel=1 idle=0 late=0) | bad over=0 inval=0 unk=0 inl=16 | len=4888/4888 el=3500 skew=6055 brun=0 sig=7 g=0 hw=0 p=1 rel=0 end=1 boot=0 anchor=1 owes=1[0m
[00:24:04.653,139] [0m<inf> radiant_api: SWEEP set=1 steer=0 dwell=198687/260000 adv=1 sweeps=0 win=1 ok=2 searching=0 carrier=255 | chunks=20 preempt=0 missed=0 ebusy=0 rej=0 | pumps=3695 hk=3694 | scan_us=1884000/20 track_us=119874/564 | end ok=0 abrt=4 miss=0 fail=0 deny=23 replan=0[0m
[00:24:05.367,174] [0m<inf> radiant_gate_mpsl: hi: acq=567 den=0 resv=0 pend=567 blk=0 grant=566[0m
[00:24:05.367,190] [0m<inf> radiant_gate_mpsl: seam: grant=570 nostage=0 prog=570/0 | sigrad=1133 sigt0=767 isr=1133 end=567 dis=1 term=21 | ramp=570/5 state=0 ev=0x13 rxen saved=0x80000014 cont=0x13f a=0x80000014 p=0x80000014 e=0x80000014 inten=0x00000140[0m
[00:24:05.367,199] [0m<inf> radiant_gate_mpsl: sw: n=566 wipe=0 ramp=566 wipe+ramp=0 rx=565 wipe+rx=0 | started=566 early=0/0us last=2634us | open lead=231us max=258us late=0 glen=4888 cc0=2888[0m
[00:24:05.367,240] [0m<inf> radiant_gate_mpsl: hiend: timer0=565 rel=1 | lasted=2889us max=3485us | dur=2865us max=3463us short=1 | t0arm=32us stale=570[0m
[00:24:05.367,259] [0m<inf> radiant_gate_mpsl: gate: acq=594 in_grant=565/565 placed=592 granted=575 blocked=16 cancel=0 eagain=44 near=0 long=0 ext=198/4 dead=0 | den pend=3 anch=4 dist=0 degen=0 nosess=0 owed=0 | sent grant=1 dead=0 blk=16 supp=566 | end=575 (norm=574 rel=1 idle=0 late=0) | bad over=0 inval=0 unk=0 inl=16 | len=4888/4888 el=3500 skew=6055 brun=0 sig=7 g=0 hw=0 p=1 rel=0 end=1 boot=0 anchor=1 owes=1[0m
[00:24:05.702,072] [0m<inf> radiant_api: SWEEP set=1 steer=0 dwell=198687/260000 adv=1 sweeps=0 win=1 ok=2 searching=0 carrier=255 | chunks=20 preempt=0 missed=0 ebusy=0 rej=0 | pumps=3720 hk=3719 | scan_us=1884000/20 track_us=120690/568 | end ok=0 abrt=4 miss=0 fail=0 deny=23 replan=0[0m
[00:24:06.367,295] [0m<inf> radiant_gate_mpsl: hi: acq=571 den=0 resv=0 pend=571 blk=0 grant=570[0m
[00:24:06.367,306] [0m<inf> radiant_gate_mpsl: seam: grant=574 nostage=0 prog=574/0 | sigrad=1141 sigt0=771 isr=1141 end=571 dis=1 term=21 | ramp=574/5 state=0 ev=0x13 rxen saved=0x80000014 cont=0x13f a=0x80000014 p=0x80000014 e=0x80000014 inten=0x00000140[0m
[00:24:06.367,315] [0m<inf> radiant_gate_mpsl: sw: n=570 wipe=0 ramp=570 wipe+ramp=0 rx=569 wipe+rx=0 | started=570 early=0/0us last=2635us | open lead=231us max=258us late=0 glen=4888 cc0=2888[0m
[00:24:06.367,353] [0m<inf> radiant_gate_mpsl: hiend: timer0=569 rel=1 | lasted=2889us max=3485us | dur=2866us max=3463us short=1 | t0arm=31us stale=574[0m
[00:24:06.367,374] [0m<inf> radiant_gate_mpsl: gate: acq=598 in_grant=569/569 placed=596 granted=579 blocked=16 cancel=0 eagain=46 near=0 long=0 ext=198/4 dead=0 | den pend=3 anch=4 dist=0 degen=0 nosess=0 owed=0 | sent grant=1 dead=0 blk=16 supp=570 | end=579 (norm=578 rel=1 idle=0 late=0) | bad over=0 inval=0 unk=0 inl=16 | len=4888/4888 el=3500 skew=6055 brun=0 sig=7 g=0 hw=0 p=1 rel=0 end=1 boot=0 anchor=1 owes=1[0m
[00:24:06.748,220] [0m<inf> radiant_api: SWEEP set=1 steer=0 dwell=198687/260000 adv=1 sweeps=0 win=1 ok=2 searching=0 carrier=255 | chunks=20 preempt=0 missed=0 ebusy=0 rej=0 | pumps=3745 hk=3744 | scan_us=1884000/20 track_us=121710/573 | end ok=0 abrt=4 miss=0 fail=0 deny=23 replan=0[0m
[00:24:07.367,458] [0m<inf> radiant_gate_mpsl: hi: acq=575 den=0 resv=0 pend=575 blk=0 grant=574[0m
[00:24:07.367,470] [0m<inf> radiant_gate_mpsl: seam: grant=578 nostage=0 prog=578/0 | sigrad=1149 sigt0=775 isr=1149 end=575 dis=1 term=21 | ramp=578/5 state=0 ev=0x13 rxen saved=0x80000014 cont=0x13f a=0x80000014 p=0x80000014 e=0x80000014 inten=0x00000140[0m
[00:24:07.367,478] [0m<inf> radiant_gate_mpsl: sw: n=574 wipe=0 ramp=574 wipe+ramp=0 rx=573 wipe+rx=0 | started=574 early=0/0us last=2637us | open lead=230us max=258us late=0 glen=4888 cc0=2888[0m
[00:24:07.367,519] [0m<inf> radiant_gate_mpsl: hiend: timer0=573 rel=1 | lasted=2890us max=3485us | dur=2867us max=3463us short=1 | t0arm=31us stale=578[0m
[00:24:07.367,538] [0m<inf> radiant_gate_mpsl: gate: acq=602 in_grant=573/573 placed=600 granted=583 blocked=16 cancel=0 eagain=48 near=0 long=0 ext=198/4 dead=0 | den pend=3 anch=4 dist=0 degen=0 nosess=0 owed=0 | sent grant=1 dead=0 blk=16 supp=574 | end=583 (norm=582 rel=1 idle=0 late=0) | bad over=0 inval=0 unk=0 inl=16 | len=4888/4888 el=3500 skew=6055 brun=0 sig=7 g=0 hw=0 p=1 rel=0 end=1 boot=0 anchor=1 owes=1[0m
[00:24:07.798,082] [0m<inf> radiant_api: SWEEP set=1 steer=0 dwell=198687/260000 adv=1 sweeps=0 win=1 ok=2 searching=0 carrier=255 | chunks=20 preempt=0 missed=0 ebusy=0 rej=0 | pumps=3771 hk=3770 | scan_us=1884000/20 track_us=122526/577 | end ok=0 abrt=4 miss=0 fail=0 deny=23 replan=0[0m
[00:24:08.367,627] [0m<inf> radiant_gate_mpsl: hi: acq=579 den=0 resv=0 pend=579 blk=0 grant=578[0m
[00:24:08.367,644] [0m<inf> radiant_gate_mpsl: seam: grant=582 nostage=0 prog=582/0 | sigrad=1157 sigt0=779 isr=1157 end=579 dis=1 term=21 | ramp=582/5 state=0 ev=0x13 rxen saved=0x80000014 cont=0x13f a=0x80000014 p=0x80000014 e=0x80000014 inten=0x00000140[0m
[00:24:08.367,653] [0m<inf> radiant_gate_mpsl: sw: n=578 wipe=0 ramp=578 wipe+ramp=0 rx=577 wipe+rx=0 | started=578 early=0/0us last=2635us | open lead=231us max=258us late=0 glen=4888 cc0=2888[0m
[00:24:08.367,694] [0m<inf> radiant_gate_mpsl: hiend: timer0=577 rel=1 | lasted=2889us max=3485us | dur=2866us max=3463us short=1 | t0arm=31us stale=582[0m
[00:24:08.367,712] [0m<inf> radiant_gate_mpsl: gate: acq=606 in_grant=577/577 placed=604 granted=587 blocked=16 cancel=0 eagain=49 near=0 long=0 ext=198/4 dead=0 | den pend=3 anch=4 dist=0 degen=0 nosess=0 owed=0 | sent grant=1 dead=0 blk=16 supp=578 | end=587 (norm=586 rel=1 idle=0 late=0) | bad over=0 inval=0 unk=0 inl=16 | len=4888/4888 el=3500 skew=6055 brun=0 sig=7 g=0 hw=0 p=1 rel=0 end=1 boot=0 anchor=1 owes=1[0m
[00:24:08.847,818] [0m<inf> radiant_api: SWEEP set=1 steer=0 dwell=198687/260000 adv=1 sweeps=0 win=1 ok=2 searching=0 carrier=255 | chunks=20 preempt=0 missed=0 ebusy=0 rej=0 | pumps=3796 hk=3795 | scan_us=1884000/20 track_us=123342/581 | end ok=0 abrt=4 miss=0 fail=0 deny=23 replan=0[0m
[00:24:09.367,793] [0m<inf> radiant_gate_mpsl: hi: acq=583 den=0 resv=0 pend=583 blk=0 grant=582[0m
[00:24:09.367,804] [0m<inf> radiant_gate_mpsl: seam: grant=586 nostage=0 prog=586/0 | sigrad=1165 sigt0=783 isr=1165 end=583 dis=1 term=21 | ramp=586/5 state=0 ev=0x13 rxen saved=0x80000014 cont=0x13f a=0x80000014 p=0x80000014 e=0x80000014 inten=0x00000140[0m
[00:24:09.367,813] [0m<inf> radiant_gate_mpsl: sw: n=582 wipe=0 ramp=582 wipe+ramp=0 rx=581 wipe+rx=0 | started=582 early=0/0us last=2635us | open lead=231us max=258us late=0 glen=4888 cc0=2888[0m
[00:24:09.367,851] [0m<inf> radiant_gate_mpsl: hiend: timer0=581 rel=1 | lasted=2888us max=3485us | dur=2865us max=3463us short=1 | t0arm=31us stale=586[0m
[00:24:09.367,874] [0m<inf> radiant_gate_mpsl: gate: acq=610 in_grant=581/581 placed=608 granted=591 blocked=16 cancel=0 eagain=50 near=0 long=0 ext=198/4 dead=0 | den pend=3 anch=4 dist=0 degen=0 nosess=0 owed=0 | sent grant=1 dead=0 blk=16 supp=582 | end=591 (norm=590 rel=1 idle=0 late=0) | bad over=0 inval=0 unk=0 inl=16 | len=4888/4888 el=3500 skew=6055 brun=0 sig=7 g=0 hw=0 p=1 rel=0 end=1 boot=0 anchor=1 owes=1[0m
[00:24:09.897,291] [0m<inf> radiant_api: SWEEP set=1 steer=0 dwell=198687/260000 adv=1 sweeps=0 win=1 ok=2 searching=0 carrier=255 | chunks=20 preempt=0 missed=0 ebusy=0 rej=0 | pumps=3821 hk=3820 | scan_us=1884000/20 track_us=124158/585 | end ok=0 abrt=4 miss=0 fail=0 deny=23 replan=0[0m
[00:24:10.367,965] [0m<inf> radiant_gate_mpsl: hi: acq=587 den=0 resv=0 pend=587 blk=0 grant=586[0m
[00:24:10.367,977] [0m<inf> radiant_gate_mpsl: seam: grant=590 nostage=0 prog=590/0 | sigrad=1173 sigt0=787 isr=1173 end=587 dis=1 term=21 | ramp=590/5 state=0 ev=0x13 rxen saved=0x80000014 cont=0x13f a=0x80000014 p=0x80000014 e=0x80000014 inten=0x00000140[0m
[00:24:10.367,985] [0m<inf> radiant_gate_mpsl: sw: n=586 wipe=0 ramp=586 wipe+ramp=0 rx=585 wipe+rx=0 | started=586 early=0/0us last=2635us | open lead=231us max=258us late=0 glen=4888 cc0=2888[0m
[00:24:10.368,026] [0m<inf> radiant_gate_mpsl: hiend: timer0=585 rel=1 | lasted=2889us max=3485us | dur=2866us max=3463us short=1 | t0arm=31us stale=590[0m
[00:24:10.368,045] [0m<inf> radiant_gate_mpsl: gate: acq=614 in_grant=585/585 placed=612 granted=595 blocked=16 cancel=0 eagain=51 near=0 long=0 ext=198/4 dead=0 | den pend=3 anch=4 dist=0 degen=0 nosess=0 owed=0 | sent grant=1 dead=0 blk=16 supp=586 | end=595 (norm=594 rel=1 idle=0 late=0) | bad over=0 inval=0 unk=0 inl=16 | len=4888/4888 el=3500 skew=6055 brun=0 sig=7 g=0 hw=0 p=1 rel=0 end=1 boot=0 anchor=1 owes=1[0m
[00:24:10.598,241] [0m<inf> thread_coex: thread load: role=2 sent=1500 failed=0 interval=100ms payload=64B[0m
[00:24:10.598,251] [0m<inf> thread_coex: thread lat us: <64=0 64=0 128=1490 256=10 512=0 1k=0 2k=0 4k=0 8k=0 16k=0 32k=0 64k=0 >=128k=0 max=431[0m
[00:24:10.598,259] [0m<inf> thread_coex: thread mac d: tx=200 retry=0 cca=0 abort=0 busy=0 | tot tx=3133 retry=20 cca=0 abort=0 busy=0[0m
[00:24:10.945,689] [0m<inf> radiant_api: SWEEP set=1 steer=0 dwell=198687/260000 adv=1 sweeps=0 win=1 ok=2 searching=0 carrier=255 | chunks=20 preempt=0 missed=0 ebusy=0 rej=0 | pumps=3846 hk=3845 | scan_us=1884000/20 track_us=124974/589 | end ok=0 abrt=4 miss=0 fail=0 deny=23 replan=0[0m
[00:24:11.368,128] [0m<inf> radiant_gate_mpsl: hi: acq=591 den=0 resv=0 pend=591 blk=0 grant=590[0m
[00:24:11.368,145] [0m<inf> radiant_gate_mpsl: seam: grant=594 nostage=0 prog=594/0 | sigrad=1181 sigt0=791 isr=1181 end=591 dis=1 term=21 | ramp=594/5 state=0 ev=0x13 rxen saved=0x80000014 cont=0x13f a=0x80000014 p=0x80000014 e=0x80000014 inten=0x00000140[0m
[00:24:11.368,154] [0m<inf> radiant_gate_mpsl: sw: n=590 wipe=0 ramp=590 wipe+ramp=0 rx=589 wipe+rx=0 | started=590 early=0/0us last=2634us | open lead=231us max=258us late=0 glen=4888 cc0=2888[0m
[00:24:11.368,195] [0m<inf> radiant_gate_mpsl: hiend: timer0=589 rel=1 | lasted=2889us max=3485us | dur=2866us max=3463us short=1 | t0arm=31us stale=594[0m
[00:24:11.368,213] [0m<inf> radiant_gate_mpsl: gate: acq=618 in_grant=589/589 placed=616 granted=599 blocked=16 cancel=0 eagain=51 near=0 long=0 ext=198/4 dead=0 | den pend=3 anch=4 dist=0 degen=0 nosess=0 owed=0 | sent grant=1 dead=0 blk=16 supp=590 | end=599 (norm=598 rel=1 idle=0 late=0) | bad over=0 inval=0 unk=0 inl=16 | len=4888/4888 el=3500 skew=6055 brun=0 sig=7 g=0 hw=0 p=1 rel=0 end=1 boot=0 anchor=1 owes=1[0m
[00:24:11.993,544] [0m<inf> radiant_api: SWEEP set=1 steer=0 dwell=198687/260000 adv=1 sweeps=0 win=1 ok=2 searching=0 carrier=255 | chunks=20 preempt=0 missed=0 ebusy=0 rej=0 | pumps=3871 hk=3870 | scan_us=1884000/20 track_us=125994/594 | end ok=0 abrt=4 miss=0 fail=0 deny=23 replan=0[0m
[00:24:12.368,275] [0m<inf> radiant_gate_mpsl: hi: acq=595 den=0 resv=0 pend=595 blk=0 grant=594[0m
[00:24:12.368,286] [0m<inf> radiant_gate_mpsl: seam: grant=598 nostage=0 prog=598/0 | sigrad=1189 sigt0=795 isr=1189 end=595 dis=1 term=21 | ramp=598/5 state=0 ev=0x13 rxen saved=0x80000014 cont=0x13f a=0x80000014 p=0x80000014 e=0x80000014 inten=0x00000140[0m
[00:24:12.368,295] [0m<inf> radiant_gate_mpsl: sw: n=594 wipe=0 ramp=594 wipe+ramp=0 rx=593 wipe+rx=0 | started=594 early=0/0us last=2635us | open lead=231us max=258us late=0 glen=4888 cc0=2888[0m
[00:24:12.368,333] [0m<inf> radiant_gate_mpsl: hiend: timer0=593 rel=1 | lasted=2889us max=3485us | dur=2865us max=3463us short=1 | t0arm=31us stale=598[0m
[00:24:12.368,354] [0m<inf> radiant_gate_mpsl: gate: acq=622 in_grant=593/593 placed=620 granted=603 blocked=16 cancel=0 eagain=51 near=0 long=0 ext=198/4 dead=0 | den pend=3 anch=4 dist=0 degen=0 nosess=0 owed=0 | sent grant=1 dead=0 blk=16 supp=594 | end=603 (norm=602 rel=1 idle=0 late=0) | bad over=0 inval=0 unk=0 inl=16 | len=4888/4888 el=3500 skew=6055 brun=0 sig=7 g=0 hw=0 p=1 rel=0 end=1 boot=0 anchor=1 owes=1[0m
[00:24:13.042,532] [0m<inf> radiant_api: SWEEP set=1 steer=0 dwell=198687/260000 adv=1 sweeps=0 win=1 ok=2 searching=0 carrier=255 | chunks=20 preempt=0 missed=0 ebusy=0 rej=0 | pumps=3897 hk=3896 | scan_us=1884000/20 track_us=126810/598 | end ok=0 abrt=4 miss=0 fail=0 deny=23 replan=0[0m
[00:24:13.368,454] [0m<inf> radiant_gate_mpsl: hi: acq=599 den=0 resv=0 pend=599 blk=0 grant=598[0m
[00:24:13.368,466] [0m<inf> radiant_gate_mpsl: seam: grant=602 nostage=0 prog=602/0 | sigrad=1197 sigt0=799 isr=1197 end=599 dis=1 term=21 | ramp=602/5 state=0 ev=0x13 rxen saved=0x80000014 cont=0x13f a=0x80000014 p=0x80000014 e=0x80000014 inten=0x00000140[0m
[00:24:13.368,474] [0m<inf> radiant_gate_mpsl: sw: n=598 wipe=0 ramp=598 wipe+ramp=0 rx=597 wipe+rx=0 | started=598 early=0/0us last=2634us | open lead=231us max=258us late=0 glen=4888 cc0=2888[0m
[00:24:13.368,515] [0m<inf> radiant_gate_mpsl: hiend: timer0=597 rel=1 | lasted=2889us max=3485us | dur=2866us max=3463us short=1 | t0arm=31us stale=602[0m
[00:24:13.368,534] [0m<inf> radiant_gate_mpsl: gate: acq=626 in_grant=597/597 placed=624 granted=607 blocked=16 cancel=0 eagain=51 near=0 long=0 ext=198/4 dead=0 | den pend=3 anch=4 dist=0 degen=0 nosess=0 owed=0 | sent grant=1 dead=0 blk=16 supp=598 | end=607 (norm=606 rel=1 idle=0 late=0) | bad over=0 inval=0 unk=0 inl=16 | len=4888/4888 el=3500 skew=6055 brun=0 sig=7 g=0 hw=0 p=1 rel=0 end=1 boot=0 anchor=1 owes=1[0m
[00:24:14.091,433] [0m<inf> radiant_api: SWEEP set=1 steer=0 dwell=198687/260000 adv=1 sweeps=0 win=1 ok=2 searching=0 carrier=255 | chunks=20 preempt=0 missed=0 ebusy=0 rej=0 | pumps=3922 hk=3921 | scan_us=1884000/20 track_us=127626/602 | end ok=0 abrt=4 miss=0 fail=0 deny=23 replan=0[0m
[00:24:14.368,616] [0m<inf> radiant_gate_mpsl: hi: acq=603 den=0 resv=0 pend=603 blk=0 grant=602[0m
[00:24:14.368,633] [0m<inf> radiant_gate_mpsl: seam: grant=606 nostage=0 prog=606/0 | sigrad=1205 sigt0=803 isr=1205 end=603 dis=1 term=21 | ramp=606/5 state=0 ev=0x13 rxen saved=0x80000014 cont=0x13f a=0x80000014 p=0x80000014 e=0x80000014 inten=0x00000140[0m
[00:24:14.368,642] [0m<inf> radiant_gate_mpsl: sw: n=602 wipe=0 ramp=602 wipe+ramp=0 rx=601 wipe+rx=0 | started=602 early=0/0us last=2635us | open lead=231us max=258us late=0 glen=4888 cc0=2888[0m
[00:24:14.368,684] [0m<inf> radiant_gate_mpsl: hiend: timer0=601 rel=1 | lasted=2888us max=3485us | dur=2865us max=3463us short=1 | t0arm=31us stale=606[0m
[00:24:14.368,702] [0m<inf> radiant_gate_mpsl: gate: acq=630 in_grant=601/601 placed=628 granted=611 blocked=16 cancel=0 eagain=51 near=0 long=0 ext=198/4 dead=0 | den pend=3 anch=4 dist=0 degen=0 nosess=0 owed=0 | sent grant=1 dead=0 blk=16 supp=602 | end=611 (norm=610 rel=1 idle=0 late=0) | bad over=0 inval=0 unk=0 inl=16 | len=4888/4888 el=3500 skew=6055 brun=0 sig=7 g=0 hw=0 p=1 rel=0 end=1 boot=0 anchor=1 owes=1[0m
[00:24:15.140,389] [0m<inf> radiant_api: SWEEP set=1 steer=0 dwell=198687/260000 adv=1 sweeps=0 win=1 ok=2 searching=0 carrier=255 | chunks=20 preempt=0 missed=0 ebusy=0 rej=0 | pumps=3947 hk=3946 | scan_us=1884000/20 track_us=128442/606 | end ok=0 abrt=4 miss=0 fail=0 deny=23 replan=0[0m
[00:24:15.368,795] [0m<inf> radiant_gate_mpsl: hi: acq=607 den=0 resv=0 pend=607 blk=0 grant=606[0m
[00:24:15.368,806] [0m<inf> radiant_gate_mpsl: seam: grant=610 nostage=0 prog=610/0 | sigrad=1213 sigt0=807 isr=1213 end=607 dis=1 term=21 | ramp=610/5 state=0 ev=0x13 rxen saved=0x80000014 cont=0x13f a=0x80000014 p=0x80000014 e=0x80000014 inten=0x00000140[0m
[00:24:15.368,816] [0m<inf> radiant_gate_mpsl: sw: n=606 wipe=0 ramp=606 wipe+ramp=0 rx=605 wipe+rx=0 | started=606 early=0/0us last=2635us | open lead=231us max=258us late=0 glen=4888 cc0=2888[0m
[00:24:15.368,854] [0m<inf> radiant_gate_mpsl: hiend: timer0=605 rel=1 | lasted=2889us max=3485us | dur=2865us max=3463us short=1 | t0arm=31us stale=610[0m
[00:24:15.368,876] [0m<inf> radiant_gate_mpsl: gate: acq=634 in_grant=605/605 placed=632 granted=615 blocked=16 cancel=0 eagain=51 near=0 long=0 ext=198/4 dead=0 | den pend=3 anch=4 dist=0 degen=0 nosess=0 owed=0 | sent grant=1 dead=0 blk=16 supp=606 | end=615 (norm=614 rel=1 idle=0 late=0) | bad over=0 inval=0 unk=0 inl=16 | len=4888/4888 el=3500 skew=6055 brun=0 sig=7 g=0 hw=0 p=1 rel=0 end=1 boot=0 anchor=1 owes=1[0m
[00:24:16.189,332] [0m<inf> radiant_api: SWEEP set=1 steer=0 dwell=198687/260000 adv=1 sweeps=0 win=1 ok=2 searching=0 carrier=255 | chunks=20 preempt=0 missed=0 ebusy=0 rej=0 | pumps=3972 hk=3971 | scan_us=1884000/20 track_us=129258/610 | end ok=0 abrt=4 miss=0 fail=0 deny=23 replan=0[0m
[00:24:16.368,942] [0m<inf> radiant_gate_mpsl: hi: acq=611 den=0 resv=0 pend=611 blk=0 grant=610[0m
[00:24:16.368,954] [0m<inf> radiant_gate_mpsl: seam: grant=614 nostage=0 prog=614/0 | sigrad=1221 sigt0=811 isr=1221 end=611 dis=1 term=21 | ramp=614/5 state=0 ev=0x13 rxen saved=0x80000014 cont=0x13f a=0x80000014 p=0x80000014 e=0x80000014 inten=0x00000140[0m
[00:24:16.368,962] [0m<inf> radiant_gate_mpsl: sw: n=610 wipe=0 ramp=610 wipe+ramp=0 rx=609 wipe+rx=0 | started=610 early=0/0us last=2635us | open lead=230us max=258us late=0 glen=4888 cc0=2888[0m
[00:24:16.369,003] [0m<inf> radiant_gate_mpsl: hiend: timer0=609 rel=1 | lasted=2889us max=3485us | dur=2866us max=3463us short=1 | t0arm=31us stale=614[0m
[00:24:16.369,022] [0m<inf> radiant_gate_mpsl: gate: acq=638 in_grant=609/609 placed=636 granted=619 blocked=16 cancel=0 eagain=51 near=0 long=0 ext=198/4 dead=0 | den pend=3 anch=4 dist=0 degen=0 nosess=0 owed=0 | sent grant=1 dead=0 blk=16 supp=610 | end=619 (norm=618 rel=1 idle=0 late=0) | bad over=0 inval=0 unk=0 inl=16 | len=4888/4888 el=3500 skew=6055 brun=0 sig=7 g=0 hw=0 p=1 rel=0 end=1 boot=0 anchor=1 owes=1[0m
[00:24:17.237,178] [0m<inf> radiant_api: SWEEP set=1 steer=0 dwell=198687/260000 adv=1 sweeps=0 win=1 ok=2 searching=0 carrier=255 | chunks=20 preempt=0 missed=0 ebusy=0 rej=0 | pumps=3997 hk=3996 | scan_us=1884000/20 track_us=130278/615 | end ok=0 abrt=4 miss=0 fail=0 deny=23 replan=0[0m
[00:24:17.369,102] [0m<inf> radiant_gate_mpsl: hi: acq=615 den=0 resv=0 pend=615 blk=0 grant=614[0m
[00:24:17.369,119] [0m<inf> radiant_gate_mpsl: seam: grant=618 nostage=0 prog=618/0 | sigrad=1229 sigt0=815 isr=1229 end=615 dis=1 term=21 | ramp=618/5 state=0 ev=0x13 rxen saved=0x80000014 cont=0x13f a=0x80000014 p=0x80000014 e=0x80000014 inten=0x00000140[0m
[00:24:17.369,128] [0m<inf> radiant_gate_mpsl: sw: n=614 wipe=0 ramp=614 wipe+ramp=0 rx=613 wipe+rx=0 | started=614 early=0/0us last=2636us | open lead=230us max=258us late=0 glen=4888 cc0=2888[0m
[00:24:17.369,170] [0m<inf> radiant_gate_mpsl: hiend: timer0=613 rel=1 | lasted=2889us max=3485us | dur=2865us max=3463us short=1 | t0arm=31us stale=618[0m
[00:24:17.369,188] [0m<inf> radiant_gate_mpsl: gate: acq=642 in_grant=613/613 placed=640 granted=623 blocked=16 cancel=0 eagain=51 near=0 long=0 ext=198/4 dead=0 | den pend=3 anch=4 dist=0 degen=0 nosess=0 owed=0 | sent grant=1 dead=0 blk=16 supp=614 | end=623 (norm=622 rel=1 idle=0 late=0) | bad over=0 inval=0 unk=0 inl=16 | len=4888/4888 el=3500 skew=6055 brun=0 sig=7 g=0 hw=0 p=1 rel=0 end=1 boot=0 anchor=1 owes=1[0m
[00:24:18.286,162] [0m<inf> radiant_api: SWEEP set=1 steer=0 dwell=198687/260000 adv=1 sweeps=0 win=1 ok=2 searching=0 carrier=255 | chunks=20 preempt=0 missed=0 ebusy=0 rej=0 | pumps=4023 hk=4022 | scan_us=1884000/20 track_us=131094/619 | end ok=0 abrt=4 miss=0 fail=0 deny=23 replan=0[0m
[00:24:18.369,272] [0m<inf> radiant_gate_mpsl: hi: acq=619 den=0 resv=0 pend=619 blk=0 grant=618[0m
[00:24:18.369,283] [0m<inf> radiant_gate_mpsl: seam: grant=622 nostage=0 prog=622/0 | sigrad=1237 sigt0=819 isr=1237 end=619 dis=1 term=21 | ramp=622/5 state=0 ev=0x13 rxen saved=0x80000014 cont=0x13f a=0x80000014 p=0x80000014 e=0x80000014 inten=0x00000140[0m
[00:24:18.369,292] [0m<inf> radiant_gate_mpsl: sw: n=618 wipe=0 ramp=618 wipe+ramp=0 rx=617 wipe+rx=0 | started=618 early=0/0us last=2635us | open lead=231us max=258us late=0 glen=4888 cc0=2888[0m
[00:24:18.369,330] [0m<inf> radiant_gate_mpsl: hiend: timer0=617 rel=1 | lasted=2889us max=3485us | dur=2866us max=3463us short=1 | t0arm=31us stale=622[0m
[00:24:18.369,351] [0m<inf> radiant_gate_mpsl: gate: acq=646 in_grant=617/617 placed=644 granted=627 blocked=16 cancel=0 eagain=51 near=0 long=0 ext=198/4 dead=0 | den pend=3 anch=4 dist=0 degen=0 nosess=0 owed=0 | sent grant=1 dead=0 blk=16 supp=618 | end=627 (norm=626 rel=1 idle=0 late=0) | bad over=0 inval=0 unk=0 inl=16 | len=4888/4888 el=3500 skew=6055 brun=0 sig=7 g=0 hw=0 p=1 rel=0 end=1 boot=0 anchor=1 owes=1[0m
[00:24:19.335,184] [0m<inf> radiant_api: SWEEP set=1 steer=0 dwell=198687/260000 adv=1 sweeps=0 win=1 ok=2 searching=0 carrier=255 | chunks=20 preempt=0 missed=0 ebusy=0 rej=0 | pumps=4048 hk=4047 | scan_us=1884000/20 track_us=131910/623 | end ok=0 abrt=4 miss=0 fail=0 deny=23 replan=0[0m
[00:24:19.369,425] [0m<inf> radiant_gate_mpsl: hi: acq=623 den=0 resv=0 pend=623 blk=0 grant=622[0m
[00:24:19.369,436] [0m<inf> radiant_gate_mpsl: seam: grant=626 nostage=0 prog=626/0 | sigrad=1245 sigt0=823 isr=1245 end=623 dis=1 term=21 | ramp=626/5 state=0 ev=0x13 rxen saved=0x80000014 cont=0x13f a=0x80000014 p=0x80000014 e=0x80000014 inten=0x00000140[0m
[00:24:19.369,445] [0m<inf> radiant_gate_mpsl: sw: n=622 wipe=0 ramp=622 wipe+ramp=0 rx=621 wipe+rx=0 | started=622 early=0/0us last=2634us | open lead=231us max=258us late=0 glen=4888 cc0=2888[0m
[00:24:19.369,486] [0m<inf> radiant_gate_mpsl: hiend: timer0=621 rel=1 | lasted=2889us max=3485us | dur=2866us max=3463us short=1 | t0arm=32us stale=626[0m
[00:24:19.369,505] [0m<inf> radiant_gate_mpsl: gate: acq=650 in_grant=621/621 placed=648 granted=631 blocked=16 cancel=0 eagain=51 near=0 long=0 ext=198/4 dead=0 | den pend=3 anch=4 dist=0 degen=0 nosess=0 owed=0 | sent grant=1 dead=0 blk=16 supp=622 | end=631 (norm=630 rel=1 idle=0 late=0) | bad over=0 inval=0 unk=0 inl=16 | len=4888/4888 el=3500 skew=6055 brun=0 sig=7 g=0 hw=0 p=1 rel=0 end=1 boot=0 anchor=1 owes=1[0m
[00:24:20.369,569] [0m<inf> radiant_gate_mpsl: hi: acq=627 den=0 resv=0 pend=627 blk=0 grant=626[0m
[00:24:20.369,581] [0m<inf> radiant_gate_mpsl: seam: grant=630 nostage=0 prog=630/0 | sigrad=1253 sigt0=827 isr=1253 end=627 dis=1 term=21 | ramp=630/5 state=0 ev=0x13 rxen saved=0x80000014 cont=0x13f a=0x80000014 p=0x80000014 e=0x80000014 inten=0x00000140[0m
[00:24:20.369,589] [0m<inf> radiant_gate_mpsl: sw: n=626 wipe=0 ramp=626 wipe+ramp=0 rx=625 wipe+rx=0 | started=626 early=0/0us last=2635us | open lead=231us max=258us late=0 glen=4888 cc0=2888[0m
[00:24:20.369,626] [0m<inf> radiant_gate_mpsl: hiend: timer0=625 rel=1 | lasted=2889us max=3485us | dur=2865us max=3463us short=1 | t0arm=31us stale=630[0m
[00:24:20.369,644] [0m<inf> radiant_gate_mpsl: gate: acq=654 in_grant=625/625 placed=652 granted=635 blocked=16 cancel=0 eagain=51 near=0 long=0 ext=198/4 dead=0 | den pend=3 anch=4 dist=0 degen=0 nosess=0 owed=0 | sent grant=1 dead=0 blk=16 supp=626 | end=635 (norm=634 rel=1 idle=0 late=0) | bad over=0 inval=0 unk=0 inl=16 | len=4888/4888 el=3500 skew=6055 brun=0 sig=7 g=0 hw=0 p=1 rel=0 end=1 boot=0 anchor=1 owes=1[0m
[00:24:20.383,998] [0m<inf> radiant_api: SWEEP set=1 steer=0 dwell=198687/260000 adv=1 sweeps=0 win=1 ok=2 searching=0 carrier=255 | chunks=20 preempt=0 missed=0 ebusy=0 rej=0 | pumps=4073 hk=4072 | scan_us=1884000/20 track_us=132726/627 | end ok=0 abrt=4 miss=0 fail=0 deny=23 replan=0[0m
[00:24:20.621,940] [0m<inf> thread_coex: thread load: role=2 sent=1600 failed=0 interval=100ms payload=64B[0m
[00:24:20.621,956] [0m<inf> thread_coex: thread lat us: <64=0 64=0 128=1590 256=10 512=0 1k=0 2k=0 4k=0 8k=0 16k=0 32k=0 64k=0 >=128k=0 max=431[0m
[00:24:20.621,965] [0m<inf> thread_coex: thread mac d: tx=200 retry=3 cca=0 abort=0 busy=0 | tot tx=3333 retry=23 cca=0 abort=0 busy=0[0m
[00:24:21.369,717] [0m<inf> radiant_gate_mpsl: hi: acq=631 den=0 resv=0 pend=631 blk=0 grant=630[0m
[00:24:21.369,729] [0m<inf> radiant_gate_mpsl: seam: grant=634 nostage=0 prog=634/0 | sigrad=1261 sigt0=831 isr=1261 end=631 dis=1 term=21 | ramp=634/5 state=0 ev=0x13 rxen saved=0x80000014 cont=0x13f a=0x80000014 p=0x80000014 e=0x80000014 inten=0x00000140[0m
[00:24:21.369,739] [0m<inf> radiant_gate_mpsl: sw: n=630 wipe=0 ramp=630 wipe+ramp=0 rx=629 wipe+rx=0 | started=630 early=0/0us last=2634us | open lead=231us max=258us late=0 glen=4888 cc0=2888[0m
[00:24:21.369,789] [0m<inf> radiant_gate_mpsl: hiend: timer0=629 rel=1 | lasted=2889us max=3485us | dur=2865us max=3463us short=1 | t0arm=32us stale=634[0m
[00:24:21.369,808] [0m<inf> radiant_gate_mpsl: gate: acq=658 in_grant=629/629 placed=656 granted=639 blocked=16 cancel=0 eagain=51 near=0 long=0 ext=198/4 dead=0 | den pend=3 anch=4 dist=0 degen=0 nosess=0 owed=0 | sent grant=1 dead=0 blk=16 supp=630 | end=639 (norm=638 rel=1 idle=0 late=0) | bad over=0 inval=0 unk=0 inl=16 | len=4888/4888 el=3500 skew=6055 brun=0 sig=7 g=0 hw=0 p=1 rel=0 end=1 boot=0 anchor=1 owes=1[0m
[00:24:21.433,072] [0m<inf> radiant_api: SWEEP set=1 steer=0 dwell=198687/260000 adv=1 sweeps=0 win=1 ok=2 searching=0 carrier=255 | chunks=20 preempt=0 missed=0 ebusy=0 rej=0 | pumps=4098 hk=4097 | scan_us=1884000/20 track_us=133542/631 | end ok=0 abrt=4 miss=0 fail=0 deny=23 replan=0[0m
[00:24:22.369,900] [0m<inf> radiant_gate_mpsl: hi: acq=635 den=0 resv=0 pend=635 blk=0 grant=634[0m
[00:24:22.369,917] [0m<inf> radiant_gate_mpsl: seam: grant=638 nostage=0 prog=638/0 | sigrad=1269 sigt0=835 isr=1269 end=635 dis=1 term=21 | ramp=638/5 state=0 ev=0x13 rxen saved=0x80000014 cont=0x13f a=0x80000014 p=0x80000014 e=0x80000014 inten=0x00000140[0m
[00:24:22.369,926] [0m<inf> radiant_gate_mpsl: sw: n=634 wipe=0 ramp=634 wipe+ramp=0 rx=633 wipe+rx=0 | started=634 early=0/0us last=2635us | open lead=230us max=258us late=0 glen=4888 cc0=2888[0m
[00:24:22.369,976] [0m<inf> radiant_gate_mpsl: hiend: timer0=633 rel=1 | lasted=2888us max=3485us | dur=2865us max=3463us short=1 | t0arm=32us stale=638[0m
[00:24:22.369,995] [0m<inf> radiant_gate_mpsl: gate: acq=662 in_grant=633/633 placed=660 granted=643 blocked=16 cancel=0 eagain=51 near=0 long=0 ext=198/4 dead=0 | den pend=3 anch=4 dist=0 degen=0 nosess=0 owed=0 | sent grant=1 dead=0 blk=16 supp=634 | end=643 (norm=642 rel=1 idle=0 late=0) | bad over=0 inval=0 unk=0 inl=16 | len=4888/4888 el=3500 skew=6055 brun=0 sig=7 g=0 hw=0 p=1 rel=0 end=1 boot=0 anchor=1 owes=1[0m
[00:24:22.480,817] [0m<inf> radiant_api: SWEEP set=1 steer=0 dwell=198687/260000 adv=1 sweeps=0 win=1 ok=2 searching=0 carrier=255 | chunks=20 preempt=0 missed=0 ebusy=0 rej=0 | pumps=4123 hk=4122 | scan_us=1884000/20 track_us=134562/636 | end ok=0 abrt=4 miss=0 fail=0 deny=23 replan=0[0m
[00:24:23.370,049] [0m<inf> radiant_gate_mpsl: hi: acq=639 den=0 resv=0 pend=639 blk=0 grant=638[0m
[00:24:23.370,060] [0m<inf> radiant_gate_mpsl: seam: grant=642 nostage=0 prog=642/0 | sigrad=1277 sigt0=839 isr=1277 end=639 dis=1 term=21 | ramp=642/5 state=0 ev=0x13 rxen saved=0x80000014 cont=0x13f a=0x80000014 p=0x80000014 e=0x80000014 inten=0x00000140[0m
[00:24:23.370,069] [0m<inf> radiant_gate_mpsl: sw: n=638 wipe=0 ramp=638 wipe+ramp=0 rx=637 wipe+rx=0 | started=638 early=0/0us last=2635us | open lead=232us max=258us late=0 glen=4888 cc0=2888[0m
[00:24:23.370,107] [0m<inf> radiant_gate_mpsl: hiend: timer0=637 rel=1 | lasted=2890us max=3485us | dur=2867us max=3463us short=1 | t0arm=30us stale=642[0m
[00:24:23.370,128] [0m<inf> radiant_gate_mpsl: gate: acq=666 in_grant=637/637 placed=664 granted=647 blocked=16 cancel=0 eagain=52 near=0 long=0 ext=198/4 dead=0 | den pend=3 anch=4 dist=0 degen=0 nosess=0 owed=0 | sent grant=1 dead=0 blk=16 supp=638 | end=647 (norm=646 rel=1 idle=0 late=0) | bad over=0 inval=0 unk=0 inl=16 | len=4888/4888 el=3500 skew=6055 brun=0 sig=7 g=0 hw=0 p=1 rel=0 end=1 boot=0 anchor=1 owes=1[0m
[00:24:23.529,807] [0m<inf> radiant_api: SWEEP set=1 steer=0 dwell=198687/260000 adv=1 sweeps=0 win=1 ok=2 searching=0 carrier=255 | chunks=20 preempt=0 missed=0 ebusy=0 rej=0 | pumps=4149 hk=4148 | scan_us=1884000/20 track_us=135378/640 | end ok=0 abrt=4 miss=0 fail=0 deny=23 replan=0[0m
[00:24:24.370,216] [0m<inf> radiant_gate_mpsl: hi: acq=643 den=0 resv=0 pend=643 blk=0 grant=642[0m
[00:24:24.370,233] [0m<inf> radiant_gate_mpsl: seam: grant=646 nostage=0 prog=646/0 | sigrad=1285 sigt0=843 isr=1285 end=643 dis=1 term=21 | ramp=646/5 state=0 ev=0x13 rxen saved=0x80000014 cont=0x13f a=0x80000014 p=0x80000014 e=0x80000014 inten=0x00000140[0m
[00:24:24.370,242] [0m<inf> radiant_gate_mpsl: sw: n=642 wipe=0 ramp=642 wipe+ramp=0 rx=641 wipe+rx=0 | started=642 early=0/0us last=2635us | open lead=231us max=258us late=0 glen=4888 cc0=2888[0m
[00:24:24.370,293] [0m<inf> radiant_gate_mpsl: hiend: timer0=641 rel=1 | lasted=2889us max=3485us | dur=2867us max=3463us short=1 | t0arm=30us stale=646[0m
[00:24:24.370,311] [0m<inf> radiant_gate_mpsl: gate: acq=670 in_grant=641/641 placed=668 granted=651 blocked=16 cancel=0 eagain=53 near=0 long=0 ext=198/4 dead=0 | den pend=3 anch=4 dist=0 degen=0 nosess=0 owed=0 | sent grant=1 dead=0 blk=16 supp=642 | end=651 (norm=650 rel=1 idle=0 late=0) | bad over=0 inval=0 unk=0 inl=16 | len=4888/4888 el=3500 skew=6055 brun=0 sig=7 g=0 hw=0 p=1 rel=0 end=1 boot=0 anchor=1 owes=1[0m
[00:24:24.578,704] [0m<inf> radiant_api: SWEEP set=1 steer=0 dwell=198687/260000 adv=1 sweeps=0 win=1 ok=2 searching=0 carrier=255 | chunks=20 preempt=0 missed=0 ebusy=0 rej=0 | pumps=4174 hk=4173 | scan_us=1884000/20 track_us=136194/644 | end ok=0 abrt=4 miss=0 fail=0 deny=23 replan=0[0m
[00:24:25.370,395] [0m<inf> radiant_gate_mpsl: hi: acq=647 den=0 resv=0 pend=647 blk=0 grant=646[0m
[00:24:25.370,406] [0m<inf> radiant_gate_mpsl: seam: grant=650 nostage=0 prog=650/0 | sigrad=1293 sigt0=847 isr=1293 end=647 dis=1 term=21 | ramp=650/5 state=0 ev=0x13 rxen saved=0x80000014 cont=0x13f a=0x80000014 p=0x80000014 e=0x80000014 inten=0x00000140[0m
[00:24:25.370,415] [0m<inf> radiant_gate_mpsl: sw: n=646 wipe=0 ramp=646 wipe+ramp=0 rx=645 wipe+rx=0 | started=646 early=0/0us last=2635us | open lead=232us max=258us late=0 glen=4888 cc0=2888[0m
[00:24:25.370,453] [0m<inf> radiant_gate_mpsl: hiend: timer0=645 rel=1 | lasted=2889us max=3485us | dur=2866us max=3463us short=1 | t0arm=30us stale=650[0m
[00:24:25.370,484] [0m<inf> radiant_gate_mpsl: gate: acq=674 in_grant=645/645 placed=672 granted=655 blocked=16 cancel=0 eagain=53 near=0 long=0 ext=198/4 dead=0 | den pend=3 anch=4 dist=0 degen=0 nosess=0 owed=0 | sent grant=1 dead=0 blk=16 supp=646 | end=655 (norm=654 rel=1 idle=0 late=0) | bad over=0 inval=0 unk=0 inl=16 | len=4888/4888 el=3500 skew=6055 brun=0 sig=7 g=0 hw=0 p=1 rel=0 end=1 boot=0 anchor=1 owes=1[0m
[00:24:25.627,650] [0m<inf> radiant_api: SWEEP set=1 steer=0 dwell=198687/260000 adv=1 sweeps=0 win=1 ok=2 searching=0 carrier=255 | chunks=20 preempt=0 missed=0 ebusy=0 rej=0 | pumps=4199 hk=4198 | scan_us=1884000/20 track_us=137010/648 | end ok=0 abrt=4 miss=0 fail=0 deny=23 replan=0[0m
[00:24:26.370,573] [0m<inf> radiant_gate_mpsl: hi: acq=651 den=0 resv=0 pend=651 blk=0 grant=650[0m
[00:24:26.370,585] [0m<inf> radiant_gate_mpsl: seam: grant=654 nostage=0 prog=654/0 | sigrad=1301 sigt0=851 isr=1301 end=651 dis=1 term=21 | ramp=654/5 state=0 ev=0x13 rxen saved=0x80000014 cont=0x13f a=0x80000014 p=0x80000014 e=0x80000014 inten=0x00000140[0m
[00:24:26.370,593] [0m<inf> radiant_gate_mpsl: sw: n=650 wipe=0 ramp=650 wipe+ramp=0 rx=649 wipe+rx=0 | started=650 early=0/0us last=2635us | open lead=232us max=258us late=0 glen=4888 cc0=2888[0m
[00:24:26.370,634] [0m<inf> radiant_gate_mpsl: hiend: timer0=649 rel=1 | lasted=2889us max=3485us | dur=2867us max=3463us short=1 | t0arm=30us stale=654[0m
[00:24:26.370,653] [0m<inf> radiant_gate_mpsl: gate: acq=678 in_grant=649/649 placed=676 granted=659 blocked=16 cancel=0 eagain=53 near=0 long=0 ext=198/4 dead=0 | den pend=3 anch=4 dist=0 degen=0 nosess=0 owed=0 | sent grant=1 dead=0 blk=16 supp=650 | end=659 (norm=658 rel=1 idle=0 late=0) | bad over=0 inval=0 unk=0 inl=16 | len=4888/4888 el=3500 skew=6055 brun=0 sig=7 g=0 hw=0 p=1 rel=0 end=1 boot=0 anchor=1 owes=1[0m
[00:24:26.676,577] [0m<inf> radiant_api: SWEEP set=1 steer=0 dwell=198687/260000 adv=1 sweeps=0 win=1 ok=2 searching=0 carrier=255 | chunks=20 preempt=0 missed=0 ebusy=0 rej=0 | pumps=4224 hk=4223 | scan_us=1884000/20 track_us=137826/652 | end ok=0 abrt=4 miss=0 fail=0 deny=23 replan=0[0m
[00:24:27.370,763] [0m<inf> radiant_gate_mpsl: hi: acq=655 den=0 resv=0 pend=655 blk=0 grant=654[0m
[00:24:27.370,780] [0m<inf> radiant_gate_mpsl: seam: grant=658 nostage=0 prog=658/0 | sigrad=1309 sigt0=855 isr=1309 end=655 dis=1 term=21 | ramp=658/5 state=0 ev=0x13 rxen saved=0x80000014 cont=0x13f a=0x80000014 p=0x80000014 e=0x80000014 inten=0x00000140[0m
[00:24:27.370,799] [0m<inf> radiant_gate_mpsl: sw: n=654 wipe=0 ramp=654 wipe+ramp=0 rx=653 wipe+rx=0 | started=654 early=0/0us last=2635us | open lead=231us max=258us late=0 glen=4888 cc0=2888[0m
[00:24:27.370,840] [0m<inf> radiant_gate_mpsl: hiend: timer0=653 rel=1 | lasted=2889us max=3485us | dur=2867us max=3463us short=1 | t0arm=30us stale=658[0m
[00:24:27.370,858] [0m<inf> radiant_gate_mpsl: gate: acq=682 in_grant=653/653 placed=680 granted=663 blocked=16 cancel=0 eagain=53 near=0 long=0 ext=198/4 dead=0 | den pend=3 anch=4 dist=0 degen=0 nosess=0 owed=0 | sent grant=1 dead=0 blk=16 supp=654 | end=663 (norm=662 rel=1 idle=0 late=0) | bad over=0 inval=0 unk=0 inl=16 | len=4888/4888 el=3500 skew=6055 brun=0 sig=7 g=0 hw=0 p=1 rel=0 end=1 boot=0 anchor=1 owes=1[0m
[00:24:27.724,435] [0m<inf> radiant_api: SWEEP set=1 steer=0 dwell=198687/260000 adv=1 sweeps=0 win=1 ok=2 searching=0 carrier=255 | chunks=20 preempt=0 missed=0 ebusy=0 rej=0 | pumps=4249 hk=4248 | scan_us=1884000/20 track_us=138846/657 | end ok=0 abrt=4 miss=0 fail=0 deny=23 replan=0[0m
[00:24:28.370,915] [0m<inf> radiant_gate_mpsl: hi: acq=659 den=0 resv=0 pend=659 blk=0 grant=658[0m
[00:24:28.370,926] [0m<inf> radiant_gate_mpsl: seam: grant=662 nostage=0 prog=662/0 | sigrad=1317 sigt0=859 isr=1317 end=659 dis=1 term=21 | ramp=662/5 state=0 ev=0x13 rxen saved=0x80000014 cont=0x13f a=0x80000014 p=0x80000014 e=0x80000014 inten=0x00000140[0m
[00:24:28.370,935] [0m<inf> radiant_gate_mpsl: sw: n=658 wipe=0 ramp=658 wipe+ramp=0 rx=657 wipe+rx=0 | started=658 early=0/0us last=2635us | open lead=232us max=258us late=0 glen=4888 cc0=2888[0m
[00:24:28.370,982] [0m<inf> radiant_gate_mpsl: hiend: timer0=657 rel=1 | lasted=2889us max=3485us | dur=2866us max=3463us short=1 | t0arm=30us stale=662[0m
[00:24:28.371,004] [0m<inf> radiant_gate_mpsl: gate: acq=686 in_grant=657/657 placed=684 granted=667 blocked=16 cancel=0 eagain=53 near=0 long=0 ext=198/4 dead=0 | den pend=3 anch=4 dist=0 degen=0 nosess=0 owed=0 | sent grant=1 dead=0 blk=16 supp=658 | end=667 (norm=666 rel=1 idle=0 late=0) | bad over=0 inval=0 unk=0 inl=16 | len=4888/4888 el=3500 skew=6055 brun=0 sig=7 g=0 hw=0 p=1 rel=0 end=1 boot=0 anchor=1 owes=1[0m
[00:24:28.773,448] [0m<inf> radiant_api: SWEEP set=1 steer=0 dwell=198687/260000 adv=1 sweeps=0 win=1 ok=2 searching=0 carrier=255 | chunks=20 preempt=0 missed=0 ebusy=0 rej=0 | pumps=4275 hk=4274 | scan_us=1884000/20 track_us=139662/661 | end ok=0 abrt=4 miss=0 fail=0 deny=23 replan=0[0m
[00:24:29.371,089] [0m<inf> radiant_gate_mpsl: hi: acq=663 den=0 resv=0 pend=663 blk=0 grant=662[0m
[00:24:29.371,101] [0m<inf> radiant_gate_mpsl: seam: grant=666 nostage=0 prog=666/0 | sigrad=1325 sigt0=863 isr=1325 end=663 dis=1 term=21 | ramp=666/5 state=0 ev=0x13 rxen saved=0x80000014 cont=0x13f a=0x80000014 p=0x80000014 e=0x80000014 inten=0x00000140[0m
[00:24:29.371,117] [0m<inf> radiant_gate_mpsl: sw: n=662 wipe=0 ramp=662 wipe+ramp=0 rx=661 wipe+rx=0 | started=662 early=0/0us last=2635us | open lead=231us max=258us late=0 glen=4888 cc0=2888[0m
[00:24:29.371,160] [0m<inf> radiant_gate_mpsl: hiend: timer0=661 rel=1 | lasted=2889us max=3485us | dur=2866us max=3463us short=1 | t0arm=31us stale=666[0m
[00:24:29.371,178] [0m<inf> radiant_gate_mpsl: gate: acq=690 in_grant=661/661 placed=688 granted=671 blocked=16 cancel=0 eagain=53 near=0 long=0 ext=198/4 dead=0 | den pend=3 anch=4 dist=0 degen=0 nosess=0 owed=0 | sent grant=1 dead=0 blk=16 supp=662 | end=671 (norm=670 rel=1 idle=0 late=0) | bad over=0 inval=0 unk=0 inl=16 | len=4888/4888 el=3500 skew=6055 brun=0 sig=7 g=0 hw=0 p=1 rel=0 end=1 boot=0 anchor=1 owes=1[0m
[00:24:29.822,353] [0m<inf> radiant_api: SWEEP set=1 steer=0 dwell=198687/260000 adv=1 sweeps=0 win=1 ok=2 searching=0 carrier=255 | chunks=20 preempt=0 missed=0 ebusy=0 rej=0 | pumps=4300 hk=4299 | scan_us=1884000/20 track_us=140478/665 | end ok=0 abrt=4 miss=0 fail=0 deny=23 replan=0[0m
[00:24:30.371,261] [0m<inf> radiant_gate_mpsl: hi: acq=667 den=0 resv=0 pend=667 blk=0 grant=666[0m
[00:24:30.371,278] [0m<inf> radiant_gate_mpsl: seam: grant=670 nostage=0 prog=670/0 | sigrad=1333 sigt0=867 isr=1333 end=667 dis=1 term=21 | ramp=670/5 state=0 ev=0x13 rxen saved=0x80000014 cont=0x13f a=0x80000014 p=0x80000014 e=0x80000014 inten=0x00000140[0m
[00:24:30.371,287] [0m<inf> radiant_gate_mpsl: sw: n=666 wipe=0 ramp=666 wipe+ramp=0 rx=665 wipe+rx=0 | started=666 early=0/0us last=2636us | open lead=230us max=258us late=0 glen=4888 cc0=2888[0m
[00:24:30.371,328] [0m<inf> radiant_gate_mpsl: hiend: timer0=665 rel=1 | lasted=2889us max=3485us | dur=2866us max=3463us short=1 | t0arm=31us stale=670[0m
[00:24:30.371,346] [0m<inf> radiant_gate_mpsl: gate: acq=694 in_grant=665/665 placed=692 granted=675 blocked=16 cancel=0 eagain=53 near=0 long=0 ext=198/4 dead=0 | den pend=3 anch=4 dist=0 degen=0 nosess=0 owed=0 | sent grant=1 dead=0 blk=16 supp=666 | end=675 (norm=674 rel=1 idle=0 late=0) | bad over=0 inval=0 unk=0 inl=16 | len=4888/4888 el=3500 skew=6055 brun=0 sig=7 g=0 hw=0 p=1 rel=0 end=1 boot=0 anchor=1 owes=1[0m
[00:24:30.645,617] [0m<inf> thread_coex: thread load: role=2 sent=1700 failed=0 interval=100ms payload=64B[0m
[00:24:30.645,627] [0m<inf> thread_coex: thread lat us: <64=0 64=0 128=1690 256=10 512=0 1k=0 2k=0 4k=0 8k=0 16k=0 32k=0 64k=0 >=128k=0 max=431[0m
[00:24:30.645,635] [0m<inf> thread_coex: thread mac d: tx=200 retry=2 cca=0 abort=0 busy=0 | tot tx=3533 retry=25 cca=0 abort=0 busy=0[0m
[00:24:30.871,287] [0m<inf> radiant_api: SWEEP set=1 steer=0 dwell=198687/260000 adv=1 sweeps=0 win=1 ok=2 searching=0 carrier=255 | chunks=20 preempt=0 missed=0 ebusy=0 rej=0 | pumps=4325 hk=4324 | scan_us=1884000/20 track_us=141294/669 | end ok=0 abrt=4 miss=0 fail=0 deny=23 replan=0[0m
[00:24:31.371,402] [0m<inf> radiant_gate_mpsl: hi: acq=671 den=0 resv=0 pend=671 blk=0 grant=670[0m
[00:24:31.371,416] [0m<inf> radiant_gate_mpsl: seam: grant=674 nostage=0 prog=674/0 | sigrad=1341 sigt0=871 isr=1341 end=671 dis=1 term=21 | ramp=674/5 state=0 ev=0x13 rxen saved=0x80000014 cont=0x13f a=0x80000014 p=0x80000014 e=0x80000014 inten=0x00000140[0m
[00:24:31.371,424] [0m<inf> radiant_gate_mpsl: sw: n=670 wipe=0 ramp=670 wipe+ramp=0 rx=669 wipe+rx=0 | started=670 early=0/0us last=2636us | open lead=230us max=258us late=0 glen=4888 cc0=2888[0m
[00:24:31.371,462] [0m<inf> radiant_gate_mpsl: hiend: timer0=669 rel=1 | lasted=2889us max=3485us | dur=2866us max=3463us short=1 | t0arm=31us stale=674[0m
[00:24:31.371,490] [0m<inf> radiant_gate_mpsl: gate: acq=698 in_grant=669/669 placed=696 granted=679 blocked=16 cancel=0 eagain=53 near=0 long=0 ext=198/4 dead=0 | den pend=3 anch=4 dist=0 degen=0 nosess=0 owed=0 | sent grant=1 dead=0 blk=16 supp=670 | end=679 (norm=678 rel=1 idle=0 late=0) | bad over=0 inval=0 unk=0 inl=16 | len=4888/4888 el=3500 skew=6055 brun=0 sig=7 g=0 hw=0 p=1 rel=0 end=1 boot=0 anchor=1 owes=1[0m
[00:24:31.920,203] [0m<inf> radiant_api: SWEEP set=1 steer=0 dwell=198687/260000 adv=1 sweeps=0 win=1 ok=2 searching=0 carrier=255 | chunks=20 preempt=0 missed=0 ebusy=0 rej=0 | pumps=4350 hk=4349 | scan_us=1884000/20 track_us=142110/673 | end ok=0 abrt=4 miss=0 fail=0 deny=23 replan=0[0m
[00:24:32.371,577] [0m<inf> radiant_gate_mpsl: hi: acq=675 den=0 resv=0 pend=675 blk=0 grant=674[0m
[00:24:32.371,589] [0m<inf> radiant_gate_mpsl: seam: grant=678 nostage=0 prog=678/0 | sigrad=1349 sigt0=875 isr=1349 end=675 dis=1 term=21 | ramp=678/5 state=0 ev=0x13 rxen saved=0x80000014 cont=0x13f a=0x80000014 p=0x80000014 e=0x80000014 inten=0x00000140[0m
[00:24:32.371,597] [0m<inf> radiant_gate_mpsl: sw: n=674 wipe=0 ramp=674 wipe+ramp=0 rx=673 wipe+rx=0 | started=674 early=0/0us last=2635us | open lead=231us max=258us late=0 glen=4888 cc0=2888[0m
[00:24:32.371,647] [0m<inf> radiant_gate_mpsl: hiend: timer0=673 rel=1 | lasted=2890us max=3485us | dur=2867us max=3463us short=1 | t0arm=31us stale=678[0m
[00:24:32.371,666] [0m<inf> radiant_gate_mpsl: gate: acq=702 in_grant=673/673 placed=700 granted=683 blocked=16 cancel=0 eagain=53 near=0 long=0 ext=198/4 dead=0 | den pend=3 anch=4 dist=0 degen=0 nosess=0 owed=0 | sent grant=1 dead=0 blk=16 supp=674 | end=683 (norm=682 rel=1 idle=0 late=0) | bad over=0 inval=0 unk=0 inl=16 | len=4888/4888 el=3500 skew=6055 brun=0 sig=7 g=0 hw=0 p=1 rel=0 end=1 boot=0 anchor=1 owes=1[0m
[00:24:32.966,081] [0m<inf> radiant_api: SWEEP set=1 steer=0 dwell=198687/260000 adv=1 sweeps=0 win=1 ok=2 searching=0 carrier=255 | chunks=20 preempt=0 missed=0 ebusy=0 rej=0 | pumps=4375 hk=4374 | scan_us=1884000/20 track_us=143180/678 | end ok=0 abrt=4 miss=0 fail=0 deny=23 replan=0[0m
[00:24:33.371,740] [0m<inf> radiant_gate_mpsl: hi: acq=679 den=0 resv=0 pend=679 blk=0 grant=678[0m
[00:24:33.371,756] [0m<inf> radiant_gate_mpsl: seam: grant=682 nostage=0 prog=682/0 | sigrad=1356 sigt0=878 isr=1356 end=678 dis=2 term=22 | ramp=682/5 state=0 ev=0x13 rxen saved=0x80000014 cont=0x13f a=0x80000014 p=0x80000014 e=0x80000014 inten=0x00000140[0m
[00:24:33.371,765] [0m<inf> radiant_gate_mpsl: sw: n=678 wipe=0 ramp=678 wipe+ramp=0 rx=676 wipe+rx=0 | started=678 early=0/0us last=2685us | open lead=231us max=258us late=0 glen=4938 cc0=2938[0m
[00:24:33.371,815] [0m<inf> radiant_gate_mpsl: hiend: timer0=676 rel=2 | lasted=2939us max=3485us | dur=2916us max=3463us short=2 | t0arm=31us stale=682[0m
[00:24:33.371,833] [0m<inf> radiant_gate_mpsl: gate: acq=706 in_grant=676/676 placed=704 granted=687 blocked=16 cancel=0 eagain=53 near=0 long=0 ext=198/4 dead=0 | den pend=3 anch=4 dist=0 degen=0 nosess=0 owed=0 | sent grant=1 dead=0 blk=16 supp=678 | end=687 (norm=685 rel=2 idle=0 late=0) | bad over=0 inval=0 unk=0 inl=16 | len=4888/4888 el=3500 skew=6055 brun=0 sig=7 g=0 hw=0 p=1 rel=0 end=1 boot=0 anchor=1 owes=1[0m
[00:24:34.014,998] [0m<inf> radiant_api: SWEEP set=1 steer=0 dwell=198687/260000 adv=1 sweeps=0 win=1 ok=2 searching=0 carrier=255 | chunks=20 preempt=0 missed=0 ebusy=0 rej=0 | pumps=4401 hk=4400 | scan_us=1884000/20 track_us=143996/682 | end ok=0 abrt=4 miss=0 fail=0 deny=23 replan=0[0m
[00:24:34.371,889] [0m<inf> radiant_gate_mpsl: hi: acq=683 den=0 resv=0 pend=683 blk=0 grant=682[0m
[00:24:34.371,900] [0m<inf> radiant_gate_mpsl: seam: grant=686 nostage=0 prog=686/0 | sigrad=1364 sigt0=882 isr=1364 end=682 dis=2 term=22 | ramp=686/5 state=0 ev=0x13 rxen saved=0x80000014 cont=0x13f a=0x80000014 p=0x80000014 e=0x80000014 inten=0x00000140[0m
[00:24:34.371,909] [0m<inf> radiant_gate_mpsl: sw: n=682 wipe=0 ramp=682 wipe+ramp=0 rx=680 wipe+rx=0 | started=682 early=0/0us last=2635us | open lead=230us max=258us late=0 glen=4888 cc0=2888[0m
[00:24:34.371,947] [0m<inf> radiant_gate_mpsl: hiend: timer0=680 rel=2 | lasted=2889us max=3485us | dur=2866us max=3463us short=2 | t0arm=31us stale=686[0m
[00:24:34.371,978] [0m<inf> radiant_gate_mpsl: gate: acq=710 in_grant=680/680 placed=708 granted=691 blocked=16 cancel=0 eagain=54 near=0 long=0 ext=198/4 dead=0 | den pend=3 anch=4 dist=0 degen=0 nosess=0 owed=0 | sent grant=1 dead=0 blk=16 supp=682 | end=691 (norm=689 rel=2 idle=0 late=0) | bad over=0 inval=0 unk=0 inl=16 | len=4888/4888 el=3500 skew=6055 brun=0 sig=7 g=0 hw=0 p=1 rel=0 end=1 boot=0 anchor=1 owes=1[0m
[00:24:35.064,686] [0m<inf> radiant_api: SWEEP set=1 steer=0 dwell=198687/260000 adv=1 sweeps=0 win=1 ok=2 searching=0 carrier=255 | chunks=20 preempt=0 missed=0 ebusy=0 rej=0 | pumps=4426 hk=4425 | scan_us=1884000/20 track_us=144812/686 | end ok=0 abrt=4 miss=0 fail=0 deny=23 replan=0[0m
[00:24:35.372,052] [0m<inf> radiant_gate_mpsl: hi: acq=687 den=0 resv=0 pend=687 blk=0 grant=686[0m
[00:24:35.372,064] [0m<inf> radiant_gate_mpsl: seam: grant=690 nostage=0 prog=690/0 | sigrad=1372 sigt0=886 isr=1372 end=686 dis=2 term=22 | ramp=690/5 state=0 ev=0x13 rxen saved=0x80000014 cont=0x13f a=0x80000014 p=0x80000014 e=0x80000014 inten=0x00000140[0m
[00:24:35.372,072] [0m<inf> radiant_gate_mpsl: sw: n=686 wipe=0 ramp=686 wipe+ramp=0 rx=684 wipe+rx=0 | started=686 early=0/0us last=2635us | open lead=231us max=258us late=0 glen=4888 cc0=2888[0m
[00:24:35.372,122] [0m<inf> radiant_gate_mpsl: hiend: timer0=684 rel=2 | lasted=2889us max=3485us | dur=2866us max=3463us short=2 | t0arm=31us stale=690[0m
[00:24:35.372,141] [0m<inf> radiant_gate_mpsl: gate: acq=714 in_grant=684/684 placed=712 granted=695 blocked=16 cancel=0 eagain=56 near=0 long=0 ext=198/4 dead=0 | den pend=3 anch=4 dist=0 degen=0 nosess=0 owed=0 | sent grant=1 dead=0 blk=16 supp=686 | end=695 (norm=693 rel=2 idle=0 late=0) | bad over=0 inval=0 unk=0 inl=16 | len=4888/4888 el=3500 skew=6055 brun=0 sig=7 g=0 hw=0 p=1 rel=0 end=1 boot=0 anchor=1 owes=1[0m
[00:24:36.064,883] [0m<inf> radiant_api: SWEEP set=1 steer=0 dwell=198687/260000 adv=1 sweeps=0 win=1 ok=2 searching=0 carrier=255 | chunks=20 preempt=0 missed=0 ebusy=0 rej=0 | pumps=4450 hk=4449 | scan_us=1884000/20 track_us=145628/690 | end ok=0 abrt=4 miss=0 fail=0 deny=23 replan=0[0m
[00:24:36.372,233] [0m<inf> radiant_gate_mpsl: hi: acq=691 den=0 resv=0 pend=691 blk=0 grant=690[0m
[00:24:36.372,250] [0m<inf> radiant_gate_mpsl: seam: grant=694 nostage=0 prog=694/0 | sigrad=1380 sigt0=890 isr=1380 end=690 dis=2 term=22 | ramp=694/5 state=0 ev=0x13 rxen saved=0x80000014 cont=0x13f a=0x80000014 p=0x80000014 e=0x80000014 inten=0x00000140[0m
[00:24:36.372,259] [0m<inf> radiant_gate_mpsl: sw: n=690 wipe=0 ramp=690 wipe+ramp=0 rx=688 wipe+rx=0 | started=690 early=0/0us last=2635us | open lead=231us max=258us late=0 glen=4888 cc0=2888[0m
[00:24:36.372,309] [0m<inf> radiant_gate_mpsl: hiend: timer0=688 rel=2 | lasted=2889us max=3485us | dur=2866us max=3463us short=2 | t0arm=31us stale=694[0m
[00:24:36.372,328] [0m<inf> radiant_gate_mpsl: gate: acq=718 in_grant=688/688 placed=716 granted=699 blocked=16 cancel=0 eagain=57 near=0 long=0 ext=198/4 dead=0 | den pend=3 anch=4 dist=0 degen=0 nosess=0 owed=0 | sent grant=1 dead=0 blk=16 supp=690 | end=699 (norm=697 rel=2 idle=0 late=0) | bad over=0 inval=0 unk=0 inl=16 | len=4888/4888 el=3500 skew=6055 brun=0 sig=7 g=0 hw=0 p=1 rel=0 end=1 boot=0 anchor=1 owes=1[0m
[00:24:37.111,813] [0m<inf> radiant_api: SWEEP set=1 steer=0 dwell=198687/260000 adv=1 sweeps=0 win=1 ok=2 searching=0 carrier=255 | chunks=20 preempt=0 missed=0 ebusy=0 rej=0 | pumps=4475 hk=4474 | scan_us=1884000/20 track_us=146444/694 | end ok=0 abrt=4 miss=0 fail=0 deny=23 replan=0[0m
[00:24:37.372,382] [0m<inf> radiant_gate_mpsl: hi: acq=695 den=0 resv=0 pend=695 blk=0 grant=694[0m
[00:24:37.372,394] [0m<inf> radiant_gate_mpsl: seam: grant=698 nostage=0 prog=698/0 | sigrad=1388 sigt0=894 isr=1388 end=694 dis=2 term=22 | ramp=698/5 state=0 ev=0x13 rxen saved=0x80000014 cont=0x13f a=0x80000014 p=0x80000014 e=0x80000014 inten=0x00000140[0m
[00:24:37.372,402] [0m<inf> radiant_gate_mpsl: sw: n=694 wipe=0 ramp=694 wipe+ramp=0 rx=692 wipe+rx=0 | started=694 early=0/0us last=2635us | open lead=230us max=258us late=0 glen=4888 cc0=2888[0m
[00:24:37.372,440] [0m<inf> radiant_gate_mpsl: hiend: timer0=692 rel=2 | lasted=2889us max=3485us | dur=2866us max=3463us short=2 | t0arm=31us stale=698[0m
[00:24:37.372,461] [0m<inf> radiant_gate_mpsl: gate: acq=722 in_grant=692/692 placed=720 granted=703 blocked=16 cancel=0 eagain=59 near=0 long=0 ext=198/4 dead=0 | den pend=3 anch=4 dist=0 degen=0 nosess=0 owed=0 | sent grant=1 dead=0 blk=16 supp=694 | end=703 (norm=701 rel=2 idle=0 late=0) | bad over=0 inval=0 unk=0 inl=16 | len=4888/4888 el=3500 skew=6055 brun=0 sig=7 g=0 hw=0 p=1 rel=0 end=1 boot=0 anchor=1 owes=1[0m
[00:24:38.112,492] [0m<inf> radiant_api: SWEEP set=1 steer=0 dwell=198687/260000 adv=1 sweeps=0 win=1 ok=2 searching=0 carrier=255 | chunks=20 preempt=0 missed=0 ebusy=0 rej=0 | pumps=4499 hk=4498 | scan_us=1884000/20 track_us=147260/698 | end ok=0 abrt=4 miss=0 fail=0 deny=23 replan=0[0m
[00:24:38.372,643] [0m<inf> radiant_gate_mpsl: hi: acq=699 den=0 resv=0 pend=699 blk=0 grant=698[0m
[00:24:38.372,656] [0m<inf> radiant_gate_mpsl: seam: grant=702 nostage=0 prog=702/0 | sigrad=1396 sigt0=898 isr=1396 end=698 dis=2 term=22 | ramp=702/5 state=0 ev=0x13 rxen saved=0x80000014 cont=0x13f a=0x80000014 p=0x80000014 e=0x80000014 inten=0x00000140[0m
[00:24:38.372,665] [0m<inf> radiant_gate_mpsl: sw: n=698 wipe=0 ramp=698 wipe+ramp=0 rx=696 wipe+rx=0 | started=698 early=0/0us last=2635us | open lead=231us max=258us late=0 glen=4888 cc0=2888[0m
[00:24:38.372,706] [0m<inf> radiant_gate_mpsl: hiend: timer0=696 rel=2 | lasted=2889us max=3485us | dur=2865us max=3463us short=2 | t0arm=31us stale=702[0m
[00:24:38.372,724] [0m<inf> radiant_gate_mpsl: gate: acq=726 in_grant=696/696 placed=724 granted=707 blocked=16 cancel=0 eagain=60 near=0 long=0 ext=198/4 dead=0 | den pend=3 anch=4 dist=0 degen=0 nosess=0 owed=0 | sent grant=1 dead=0 blk=16 supp=698 | end=707 (norm=705 rel=2 idle=0 late=0) | bad over=0 inval=0 unk=0 inl=16 | len=4888/4888 el=3500 skew=6055 brun=0 sig=7 g=0 hw=0 p=1 rel=0 end=1 boot=0 anchor=1 owes=1[0m
[00:24:39.161,380] [0m<inf> radiant_api: SWEEP set=1 steer=0 dwell=198687/260000 adv=1 sweeps=0 win=1 ok=2 searching=0 carrier=255 | chunks=20 preempt=0 missed=0 ebusy=0 rej=0 | pumps=4524 hk=4523 | scan_us=1884000/20 track_us=148076/702 | end ok=0 abrt=4 miss=0 fail=0 deny=23 replan=0[0m
[00:24:39.372,801] [0m<inf> radiant_gate_mpsl: hi: acq=703 den=0 resv=0 pend=703 blk=0 grant=702[0m
[00:24:39.372,820] [0m<inf> radiant_gate_mpsl: seam: grant=706 nostage=0 prog=706/0 | sigrad=1404 sigt0=902 isr=1404 end=702 dis=2 term=22 | ramp=706/5 state=0 ev=0x13 rxen saved=0x80000014 cont=0x13f a=0x80000014 p=0x80000014 e=0x80000014 inten=0x00000140[0m
[00:24:39.372,829] [0m<inf> radiant_gate_mpsl: sw: n=702 wipe=0 ramp=702 wipe+ramp=0 rx=700 wipe+rx=0 | started=702 early=0/0us last=2636us | open lead=229us max=258us late=0 glen=4888 cc0=2888[0m
[00:24:39.372,879] [0m<inf> radiant_gate_mpsl: hiend: timer0=700 rel=2 | lasted=2889us max=3485us | dur=2866us max=3463us short=2 | t0arm=31us stale=706[0m
[00:24:39.373,024] [0m<inf> radiant_gate_mpsl: gate: acq=730 in_grant=700/700 placed=728 granted=711 blocked=16 cancel=0 eagain=60 near=0 long=0 ext=198/4 dead=0 | den pend=3 anch=4 dist=0 degen=0 nosess=0 owed=0 | sent grant=1 dead=0 blk=16 supp=702 | end=711 (norm=709 rel=2 idle=0 late=0) | bad over=0 inval=0 unk=0 inl=16 | len=4888/4888 el=3500 skew=6055 brun=0 sig=7 g=0 hw=0 p=1 rel=0 end=1 boot=0 anchor=1 owes=1[0m
[00:24:40.209,282] [0m<inf> radiant_api: SWEEP set=1 steer=0 dwell=198687/260000 adv=1 sweeps=0 win=1 ok=2 searching=0 carrier=255 | chunks=20 preempt=0 missed=0 ebusy=0 rej=0 | pumps=4549 hk=4548 | scan_us=1884000/20 track_us=149096/707 | end ok=0 abrt=4 miss=0 fail=0 deny=23 replan=0[0m
[00:24:40.373,098] [0m<inf> radiant_gate_mpsl: hi: acq=707 den=0 resv=0 pend=707 blk=0 grant=706[0m
[00:24:40.373,109] [0m<inf> radiant_gate_mpsl: seam: grant=710 nostage=0 prog=710/0 | sigrad=1412 sigt0=906 isr=1412 end=706 dis=2 term=22 | ramp=710/5 state=0 ev=0x13 rxen saved=0x80000014 cont=0x13f a=0x80000014 p=0x80000014 e=0x80000014 inten=0x00000140[0m
[00:24:40.373,118] [0m<inf> radiant_gate_mpsl: sw: n=706 wipe=0 ramp=706 wipe+ramp=0 rx=704 wipe+rx=0 | started=706 early=0/0us last=2635us | open lead=231us max=258us late=0 glen=4888 cc0=2888[0m
[00:24:40.373,156] [0m<inf> radiant_gate_mpsl: hiend: timer0=704 rel=2 | lasted=2889us max=3485us | dur=2865us max=3463us short=2 | t0arm=31us stale=710[0m
[00:24:40.373,177] [0m<inf> radiant_gate_mpsl: gate: acq=734 in_grant=704/704 placed=732 granted=715 blocked=16 cancel=0 eagain=60 near=0 long=0 ext=198/4 dead=0 | den pend=3 anch=4 dist=0 degen=0 nosess=0 owed=0 | sent grant=1 dead=0 blk=16 supp=706 | end=715 (norm=713 rel=2 idle=0 late=0) | bad over=0 inval=0 unk=0 inl=16 | len=4888/4888 el=3500 skew=6055 brun=0 sig=7 g=0 hw=0 p=1 rel=0 end=1 boot=0 anchor=1 owes=1[0m
[00:24:40.668,981] [0m<inf> thread_coex: thread load: role=2 sent=1800 failed=0 interval=100ms payload=64B[0m
[00:24:40.668,997] [0m<inf> thread_coex: thread lat us: <64=0 64=0 128=1790 256=10 512=0 1k=0 2k=0 4k=0 8k=0 16k=0 32k=0 64k=0 >=128k=0 max=431[0m
[00:24:40.669,005] [0m<inf> thread_coex: thread mac d: tx=200 retry=0 cca=0 abort=0 busy=0 | tot tx=3733 retry=25 cca=0 abort=0 busy=0[0m
[00:24:41.258,262] [0m<inf> radiant_api: SWEEP set=1 steer=0 dwell=198687/260000 adv=1 sweeps=0 win=1 ok=2 searching=0 carrier=255 | chunks=20 preempt=0 missed=0 ebusy=0 rej=0 | pumps=4575 hk=4574 | scan_us=1884000/20 track_us=149912/711 | end ok=0 abrt=4 miss=0 fail=0 deny=23 replan=0[0m
[00:24:41.373,240] [0m<inf> radiant_gate_mpsl: hi: acq=711 den=0 resv=0 pend=711 blk=0 grant=710[0m
[00:24:41.373,251] [0m<inf> radiant_gate_mpsl: seam: grant=714 nostage=0 prog=714/0 | sigrad=1420 sigt0=910 isr=1420 end=710 dis=2 term=22 | ramp=714/5 state=0 ev=0x13 rxen saved=0x80000014 cont=0x13f a=0x80000014 p=0x80000014 e=0x80000014 inten=0x00000140[0m
[00:24:41.373,260] [0m<inf> radiant_gate_mpsl: sw: n=710 wipe=0 ramp=710 wipe+ramp=0 rx=708 wipe+rx=0 | started=710 early=0/0us last=2635us | open lead=231us max=258us late=0 glen=4888 cc0=2888[0m
[00:24:41.373,301] [0m<inf> radiant_gate_mpsl: hiend: timer0=708 rel=2 | lasted=2889us max=3485us | dur=2866us max=3463us short=2 | t0arm=31us stale=714[0m
[00:24:41.373,320] [0m<inf> radiant_gate_mpsl: gate: acq=738 in_grant=708/708 placed=736 granted=719 blocked=16 cancel=0 eagain=60 near=0 long=0 ext=198/4 dead=0 | den pend=3 anch=4 dist=0 degen=0 nosess=0 owed=0 | sent grant=1 dead=0 blk=16 supp=710 | end=719 (norm=717 rel=2 idle=0 late=0) | bad over=0 inval=0 unk=0 inl=16 | len=4888/4888 el=3500 skew=6055 brun=0 sig=7 g=0 hw=0 p=1 rel=0 end=1 boot=0 anchor=1 owes=1[0m
[00:24:42.307,200] [0m<inf> radiant_api: SWEEP set=1 steer=0 dwell=198687/260000 adv=1 sweeps=0 win=1 ok=2 searching=0 carrier=255 | chunks=20 preempt=0 missed=0 ebusy=0 rej=0 | pumps=4600 hk=4599 | scan_us=1884000/20 track_us=150728/715 | end ok=0 abrt=4 miss=0 fail=0 deny=23 replan=0[0m
[00:24:42.373,546] [0m<inf> radiant_gate_mpsl: hi: acq=715 den=0 resv=0 pend=715 blk=0 grant=714[0m
[00:24:42.373,558] [0m<inf> radiant_gate_mpsl: seam: grant=718 nostage=0 prog=718/0 | sigrad=1428 sigt0=914 isr=1428 end=714 dis=2 term=22 | ramp=718/5 state=0 ev=0x13 rxen saved=0x80000014 cont=0x13f a=0x80000014 p=0x80000014 e=0x80000014 inten=0x00000140[0m
[00:24:42.373,566] [0m<inf> radiant_gate_mpsl: sw: n=714 wipe=0 ramp=714 wipe+ramp=0 rx=712 wipe+rx=0 | started=714 early=0/0us last=2635us | open lead=230us max=258us late=0 glen=4888 cc0=2888[0m
[00:24:42.373,608] [0m<inf> radiant_gate_mpsl: hiend: timer0=712 rel=2 | lasted=2889us max=3485us | dur=2866us max=3463us short=2 | t0arm=31us stale=718[0m
[00:24:42.373,626] [0m<inf> radiant_gate_mpsl: gate: acq=742 in_grant=712/712 placed=740 granted=723 blocked=16 cancel=0 eagain=60 near=0 long=0 ext=198/4 dead=0 | den pend=3 anch=4 dist=0 degen=0 nosess=0 owed=0 | sent grant=1 dead=0 blk=16 supp=714 | end=723 (norm=721 rel=2 idle=0 late=0) | bad over=0 inval=0 unk=0 inl=16 | len=4888/4888 el=3500 skew=6055 brun=0 sig=7 g=0 hw=0 p=1 rel=0 end=1 boot=0 anchor=1 owes=1[0m
[00:24:43.356,091] [0m<inf> radiant_api: SWEEP set=1 steer=0 dwell=198687/260000 adv=1 sweeps=0 win=1 ok=2 searching=0 carrier=255 | chunks=20 preempt=0 missed=0 ebusy=0 rej=0 | pumps=4625 hk=4624 | scan_us=1884000/20 track_us=151544/719 | end ok=0 abrt=4 miss=0 fail=0 deny=23 replan=0[0m
[00:24:43.373,665] [0m<inf> radiant_gate_mpsl: hi: acq=719 den=0 resv=0 pend=719 blk=0 grant=718[0m
[00:24:43.373,676] [0m<inf> radiant_gate_mpsl: seam: grant=722 nostage=0 prog=722/0 | sigrad=1436 sigt0=918 isr=1436 end=718 dis=2 term=22 | ramp=722/5 state=0 ev=0x13 rxen saved=0x80000014 cont=0x13f a=0x80000014 p=0x80000014 e=0x80000014 inten=0x00000140[0m
[00:24:43.373,685] [0m<inf> radiant_gate_mpsl: sw: n=718 wipe=0 ramp=718 wipe+ramp=0 rx=716 wipe+rx=0 | started=718 early=0/0us last=2635us | open lead=231us max=258us late=0 glen=4888 cc0=2888[0m
[00:24:43.373,722] [0m<inf> radiant_gate_mpsl: hiend: timer0=716 rel=2 | lasted=2889us max=3485us | dur=2865us max=3463us short=2 | t0arm=31us stale=722[0m
[00:24:43.373,740] [0m<inf> radiant_gate_mpsl: gate: acq=746 in_grant=716/716 placed=744 granted=727 blocked=16 cancel=0 eagain=60 near=0 long=0 ext=198/4 dead=0 | den pend=3 anch=4 dist=0 degen=0 nosess=0 owed=0 | sent grant=1 dead=0 blk=16 supp=718 | end=727 (norm=725 rel=2 idle=0 late=0) | bad over=0 inval=0 unk=0 inl=16 | len=4888/4888 el=3500 skew=6055 brun=0 sig=7 g=0 hw=0 p=1 rel=0 end=1 boot=0 anchor=1 owes=1[0m
[00:24:44.373,833] [0m<inf> radiant_gate_mpsl: hi: acq=723 den=0 resv=0 pend=723 blk=0 grant=722[0m
[00:24:44.373,849] [0m<inf> radiant_gate_mpsl: seam: grant=726 nostage=0 prog=726/0 | sigrad=1444 sigt0=922 isr=1444 end=722 dis=2 term=22 | ramp=726/5 state=0 ev=0x13 rxen saved=0x80000014 cont=0x13f a=0x80000014 p=0x80000014 e=0x80000014 inten=0x00000140[0m
[00:24:44.373,858] [0m<inf> radiant_gate_mpsl: sw: n=722 wipe=0 ramp=722 wipe+ramp=0 rx=720 wipe+rx=0 | started=722 early=0/0us last=2635us | open lead=230us max=258us late=0 glen=4888 cc0=2888[0m
[00:24:44.373,899] [0m<inf> radiant_gate_mpsl: hiend: timer0=720 rel=2 | lasted=2889us max=3485us | dur=2866us max=3463us short=2 | t0arm=31us stale=726[0m
[00:24:44.373,918] [0m<inf> radiant_gate_mpsl: gate: acq=750 in_grant=720/720 placed=748 granted=731 blocked=16 cancel=0 eagain=60 near=0 long=0 ext=198/4 dead=0 | den pend=3 anch=4 dist=0 degen=0 nosess=0 owed=0 | sent grant=1 dead=0 blk=16 supp=722 | end=731 (norm=729 rel=2 idle=0 late=0) | bad over=0 inval=0 unk=0 inl=16 | len=4888/4888 el=3500 skew=6055 brun=0 sig=7 g=0 hw=0 p=1 rel=0 end=1 boot=0 anchor=1 owes=1[0m
[00:24:44.405,067] [0m<inf> radiant_api: SWEEP set=1 steer=0 dwell=198687/260000 adv=1 sweeps=0 win=1 ok=2 searching=0 carrier=255 | chunks=20 preempt=0 missed=0 ebusy=0 rej=0 | pumps=4650 hk=4649 | scan_us=1884000/20 track_us=152360/723 | end ok=0 abrt=4 miss=0 fail=0 deny=23 replan=0[0m
[00:24:45.373,995] [0m<inf> radiant_gate_mpsl: hi: acq=727 den=0 resv=0 pend=727 blk=0 grant=726[0m
[00:24:45.374,008] [0m<inf> radiant_gate_mpsl: seam: grant=730 nostage=0 prog=730/0 | sigrad=1452 sigt0=926 isr=1452 end=726 dis=2 term=22 | ramp=730/5 state=0 ev=0x13 rxen saved=0x80000014 cont=0x13f a=0x80000014 p=0x80000014 e=0x80000014 inten=0x00000140[0m
[00:24:45.374,017] [0m<inf> radiant_gate_mpsl: sw: n=726 wipe=0 ramp=726 wipe+ramp=0 rx=724 wipe+rx=0 | started=726 early=0/0us last=2635us | open lead=231us max=258us late=0 glen=4888 cc0=2888[0m
[00:24:45.374,055] [0m<inf> radiant_gate_mpsl: hiend: timer0=724 rel=2 | lasted=2888us max=3485us | dur=2865us max=3463us short=2 | t0arm=31us stale=730[0m
[00:24:45.374,076] [0m<inf> radiant_gate_mpsl: gate: acq=754 in_grant=724/724 placed=752 granted=735 blocked=16 cancel=0 eagain=60 near=0 long=0 ext=198/4 dead=0 | den pend=3 anch=4 dist=0 degen=0 nosess=0 owed=0 | sent grant=1 dead=0 blk=16 supp=726 | end=735 (norm=733 rel=2 idle=0 late=0) | bad over=0 inval=0 unk=0 inl=16 | len=4888/4888 el=3500 skew=6055 brun=0 sig=7 g=0 hw=0 p=1 rel=0 end=1 boot=0 anchor=1 owes=1[0m
[00:24:45.452,913] [0m<inf> radiant_api: SWEEP set=1 steer=0 dwell=198687/260000 adv=1 sweeps=0 win=1 ok=2 searching=0 carrier=255 | chunks=20 preempt=0 missed=0 ebusy=0 rej=0 | pumps=4675 hk=4674 | scan_us=1884000/20 track_us=153380/728 | end ok=0 abrt=4 miss=0 fail=0 deny=23 replan=0[0m
[00:24:46.374,172] [0m<inf> radiant_gate_mpsl: hi: acq=731 den=0 resv=0 pend=731 blk=0 grant=730[0m
[00:24:46.374,188] [0m<inf> radiant_gate_mpsl: seam: grant=734 nostage=0 prog=734/0 | sigrad=1460 sigt0=930 isr=1460 end=730 dis=2 term=22 | ramp=734/5 state=0 ev=0x13 rxen saved=0x80000014 cont=0x13f a=0x80000014 p=0x80000014 e=0x80000014 inten=0x00000140[0m
[00:24:46.374,197] [0m<inf> radiant_gate_mpsl: sw: n=730 wipe=0 ramp=730 wipe+ramp=0 rx=728 wipe+rx=0 | started=730 early=0/0us last=2635us | open lead=231us max=258us late=0 glen=4888 cc0=2888[0m
[00:24:46.374,238] [0m<inf> radiant_gate_mpsl: hiend: timer0=728 rel=2 | lasted=2889us max=3485us | dur=2866us max=3463us short=2 | t0arm=31us stale=734[0m
[00:24:46.374,256] [0m<inf> radiant_gate_mpsl: gate: acq=758 in_grant=728/728 placed=756 granted=739 blocked=16 cancel=0 eagain=60 near=0 long=0 ext=198/4 dead=0 | den pend=3 anch=4 dist=0 degen=0 nosess=0 owed=0 | sent grant=1 dead=0 blk=16 supp=730 | end=739 (norm=737 rel=2 idle=0 late=0) | bad over=0 inval=0 unk=0 inl=16 | len=4888/4888 el=3500 skew=6055 brun=0 sig=7 g=0 hw=0 p=1 rel=0 end=1 boot=0 anchor=1 owes=1[0m
[00:24:46.501,928] [0m<inf> radiant_api: SWEEP set=1 steer=0 dwell=198687/260000 adv=1 sweeps=0 win=1 ok=2 searching=0 carrier=255 | chunks=20 preempt=0 missed=0 ebusy=0 rej=0 | pumps=4701 hk=4700 | scan_us=1884000/20 track_us=154196/732 | end ok=0 abrt=4 miss=0 fail=0 deny=23 replan=0[0m
[00:24:47.374,322] [0m<inf> radiant_gate_mpsl: hi: acq=735 den=0 resv=0 pend=735 blk=0 grant=734[0m
[00:24:47.374,334] [0m<inf> radiant_gate_mpsl: seam: grant=738 nostage=0 prog=738/0 | sigrad=1468 sigt0=934 isr=1468 end=734 dis=2 term=22 | ramp=738/5 state=0 ev=0x13 rxen saved=0x80000014 cont=0x13f a=0x80000014 p=0x80000014 e=0x80000014 inten=0x00000140[0m
[00:24:47.374,343] [0m<inf> radiant_gate_mpsl: sw: n=734 wipe=0 ramp=734 wipe+ramp=0 rx=732 wipe+rx=0 | started=734 early=0/0us last=2636us | open lead=229us max=258us late=0 glen=4888 cc0=2888[0m
[00:24:47.374,380] [0m<inf> radiant_gate_mpsl: hiend: timer0=732 rel=2 | lasted=2889us max=3485us | dur=2866us max=3463us short=2 | t0arm=31us stale=738[0m
[00:24:47.374,402] [0m<inf> radiant_gate_mpsl: gate: acq=762 in_grant=732/732 placed=760 granted=743 blocked=16 cancel=0 eagain=60 near=0 long=0 ext=198/4 dead=0 | den pend=3 anch=4 dist=0 degen=0 nosess=0 owed=0 | sent grant=1 dead=0 blk=16 supp=734 | end=743 (norm=741 rel=2 idle=0 late=0) | bad over=0 inval=0 unk=0 inl=16 | len=4888/4888 el=3500 skew=6055 brun=0 sig=7 g=0 hw=0 p=1 rel=0 end=1 boot=0 anchor=1 owes=1[0m
[00:24:47.550,779] [0m<inf> radiant_api: SWEEP set=1 steer=0 dwell=198687/260000 adv=1 sweeps=0 win=1 ok=2 searching=0 carrier=255 | chunks=20 preempt=0 missed=0 ebusy=0 rej=0 | pumps=4726 hk=4725 | scan_us=1884000/20 track_us=155012/736 | end ok=0 abrt=4 miss=0 fail=0 deny=23 replan=0[0m
[00:24:48.374,491] [0m<inf> radiant_gate_mpsl: hi: acq=739 den=0 resv=0 pend=739 blk=0 grant=738[0m
[00:24:48.374,507] [0m<inf> radiant_gate_mpsl: seam: grant=742 nostage=0 prog=742/0 | sigrad=1476 sigt0=938 isr=1476 end=738 dis=2 term=22 | ramp=742/5 state=0 ev=0x13 rxen saved=0x80000014 cont=0x13f a=0x80000014 p=0x80000014 e=0x80000014 inten=0x00000140[0m
[00:24:48.374,516] [0m<inf> radiant_gate_mpsl: sw: n=738 wipe=0 ramp=738 wipe+ramp=0 rx=736 wipe+rx=0 | started=738 early=0/0us last=2661us | open lead=204us max=258us late=0 glen=4888 cc0=2888[0m
[00:24:48.374,557] [0m<inf> radiant_gate_mpsl: hiend: timer0=736 rel=2 | lasted=2888us max=3485us | dur=2865us max=3463us short=2 | t0arm=32us stale=742[0m
[00:24:48.374,575] [0m<inf> radiant_gate_mpsl: gate: acq=766 in_grant=736/736 placed=764 granted=747 blocked=16 cancel=0 eagain=60 near=0 long=0 ext=198/4 dead=0 | den pend=3 anch=4 dist=0 degen=0 nosess=0 owed=0 | sent grant=1 dead=0 blk=16 supp=738 | end=747 (norm=745 rel=2 idle=0 late=0) | bad over=0 inval=0 unk=0 inl=16 | len=4888/4888 el=3500 skew=6055 brun=0 sig=7 g=0 hw=0 p=1 rel=0 end=1 boot=0 anchor=1 owes=1[0m
[00:24:48.599,756] [0m<inf> radiant_api: SWEEP set=1 steer=0 dwell=198687/260000 adv=1 sweeps=0 win=1 ok=2 searching=0 carrier=255 | chunks=20 preempt=0 missed=0 ebusy=0 rej=0 | pumps=4751 hk=4750 | scan_us=1884000/20 track_us=155828/740 | end ok=0 abrt=4 miss=0 fail=0 deny=23 replan=0[0m
[00:24:49.374,640] [0m<inf> radiant_gate_mpsl: hi: acq=743 den=0 resv=0 pend=743 blk=0 grant=742[0m
[00:24:49.374,652] [0m<inf> radiant_gate_mpsl: seam: grant=746 nostage=0 prog=746/0 | sigrad=1484 sigt0=942 isr=1484 end=742 dis=2 term=22 | ramp=746/5 state=0 ev=0x13 rxen saved=0x80000014 cont=0x13f a=0x80000014 p=0x80000014 e=0x80000014 inten=0x00000140[0m
[00:24:49.374,661] [0m<inf> radiant_gate_mpsl: sw: n=742 wipe=0 ramp=742 wipe+ramp=0 rx=740 wipe+rx=0 | started=742 early=0/0us last=2635us | open lead=231us max=258us late=0 glen=4888 cc0=2888[0m
[00:24:49.374,699] [0m<inf> radiant_gate_mpsl: hiend: timer0=740 rel=2 | lasted=2889us max=3485us | dur=2865us max=3463us short=2 | t0arm=32us stale=746[0m
[00:24:49.374,720] [0m<inf> radiant_gate_mpsl: gate: acq=770 in_grant=740/740 placed=768 granted=751 blocked=16 cancel=0 eagain=60 near=0 long=0 ext=198/4 dead=0 | den pend=3 anch=4 dist=0 degen=0 nosess=0 owed=0 | sent grant=1 dead=0 blk=16 supp=742 | end=751 (norm=749 rel=2 idle=0 late=0) | bad over=0 inval=0 unk=0 inl=16 | len=4888/4888 el=3500 skew=6055 brun=0 sig=7 g=0 hw=0 p=1 rel=0 end=1 boot=0 anchor=1 owes=1[0m
[00:24:49.648,603] [0m<inf> radiant_api: SWEEP set=1 steer=0 dwell=198687/260000 adv=1 sweeps=0 win=1 ok=2 searching=0 carrier=255 | chunks=20 preempt=0 missed=0 ebusy=0 rej=0 | pumps=4776 hk=4775 | scan_us=1884000/20 track_us=156644/744 | end ok=0 abrt=4 miss=0 fail=0 deny=23 replan=0[0m
[00:24:50.374,816] [0m<inf> radiant_gate_mpsl: hi: acq=747 den=0 resv=0 pend=747 blk=0 grant=746[0m
[00:24:50.374,827] [0m<inf> radiant_gate_mpsl: seam: grant=750 nostage=0 prog=750/0 | sigrad=1492 sigt0=946 isr=1492 end=746 dis=2 term=22 | ramp=750/5 state=0 ev=0x13 rxen saved=0x80000014 cont=0x13f a=0x80000014 p=0x80000014 e=0x80000014 inten=0x00000140[0m
[00:24:50.374,836] [0m<inf> radiant_gate_mpsl: sw: n=746 wipe=0 ramp=746 wipe+ramp=0 rx=744 wipe+rx=0 | started=746 early=0/0us last=2635us | open lead=230us max=258us late=0 glen=4888 cc0=2888[0m
[00:24:50.374,877] [0m<inf> radiant_gate_mpsl: hiend: timer0=744 rel=2 | lasted=2888us max=3485us | dur=2865us max=3463us short=2 | t0arm=32us stale=750[0m
[00:24:50.374,895] [0m<inf> radiant_gate_mpsl: gate: acq=774 in_grant=744/744 placed=772 granted=755 blocked=16 cancel=0 eagain=60 near=0 long=0 ext=198/4 dead=0 | den pend=3 anch=4 dist=0 degen=0 nosess=0 owed=0 | sent grant=1 dead=0 blk=16 supp=746 | end=755 (norm=753 rel=2 idle=0 late=0) | bad over=0 inval=0 unk=0 inl=16 | len=4888/4888 el=3500 skew=6055 brun=0 sig=7 g=0 hw=0 p=1 rel=0 end=1 boot=0 anchor=1 owes=1[0m
[00:24:50.693,193] [0m<inf> thread_coex: thread load: role=2 sent=1900 failed=0 interval=100ms payload=64B[0m
[00:24:50.693,203] [0m<inf> thread_coex: thread lat us: <64=0 64=0 128=1887 256=13 512=0 1k=0 2k=0 4k=0 8k=0 16k=0 32k=0 64k=0 >=128k=0 max=431[0m
[00:24:50.693,211] [0m<inf> thread_coex: thread mac d: tx=201 retry=2 cca=0 abort=0 busy=0 | tot tx=3934 retry=27 cca=0 abort=0 busy=0[0m
[00:24:50.696,201] [0m<inf> radiant_api: SWEEP set=1 steer=0 dwell=198687/260000 adv=1 sweeps=0 win=1 ok=2 searching=0 carrier=255 | chunks=20 preempt=0 missed=0 ebusy=0 rej=0 | pumps=4801 hk=4800 | scan_us=1884000/20 track_us=157664/749 | end ok=0 abrt=4 miss=0 fail=0 deny=23 replan=0[0m
[00:24:51.374,980] [0m<inf> radiant_gate_mpsl: hi: acq=751 den=0 resv=0 pend=751 blk=0 grant=750[0m
[00:24:51.374,996] [0m<inf> radiant_gate_mpsl: seam: grant=754 nostage=0 prog=754/0 | sigrad=1500 sigt0=950 isr=1500 end=750 dis=2 term=22 | ramp=754/5 state=0 ev=0x13 rxen saved=0x80000014 cont=0x13f a=0x80000014 p=0x80000014 e=0x80000014 inten=0x00000140[0m
[00:24:51.375,005] [0m<inf> radiant_gate_mpsl: sw: n=750 wipe=0 ramp=750 wipe+ramp=0 rx=748 wipe+rx=0 | started=750 early=0/0us last=2635us | open lead=231us max=258us late=0 glen=4888 cc0=2888[0m
[00:24:51.375,046] [0m<inf> radiant_gate_mpsl: hiend: timer0=748 rel=2 | lasted=2890us max=3485us | dur=2867us max=3463us short=2 | t0arm=31us stale=754[0m
[00:24:51.375,064] [0m<inf> radiant_gate_mpsl: gate: acq=778 in_grant=748/748 placed=776 granted=759 blocked=16 cancel=0 eagain=62 near=0 long=0 ext=198/4 dead=0 | den pend=3 anch=4 dist=0 degen=0 nosess=0 owed=0 | sent grant=1 dead=0 blk=16 supp=750 | end=759 (norm=757 rel=2 idle=0 late=0) | bad over=0 inval=0 unk=0 inl=16 | len=4888/4888 el=3500 skew=6055 brun=0 sig=7 g=0 hw=0 p=1 rel=0 end=1 boot=0 anchor=1 owes=1[0m
[00:24:51.746,375] [0m<inf> radiant_api: SWEEP set=1 steer=0 dwell=198687/260000 adv=1 sweeps=0 win=1 ok=2 searching=0 carrier=255 | chunks=20 preempt=0 missed=0 ebusy=0 rej=0 | pumps=4827 hk=4826 | scan_us=1884000/20 track_us=158480/753 | end ok=0 abrt=4 miss=0 fail=0 deny=23 replan=0[0m
[00:24:52.375,103] [0m<inf> radiant_gate_mpsl: hi: acq=755 den=0 resv=0 pend=755 blk=0 grant=754[0m
[00:24:52.375,115] [0m<inf> radiant_gate_mpsl: seam: grant=758 nostage=0 prog=758/0 | sigrad=1508 sigt0=954 isr=1508 end=754 dis=2 term=22 | ramp=758/5 state=0 ev=0x13 rxen saved=0x80000014 cont=0x13f a=0x80000014 p=0x80000014 e=0x80000014 inten=0x00000140[0m
[00:24:52.375,124] [0m<inf> radiant_gate_mpsl: sw: n=754 wipe=0 ramp=754 wipe+ramp=0 rx=752 wipe+rx=0 | started=754 early=0/0us last=2635us | open lead=230us max=258us late=0 glen=4888 cc0=2888[0m
[00:24:52.375,161] [0m<inf> radiant_gate_mpsl: hiend: timer0=752 rel=2 | lasted=2889us max=3485us | dur=2866us max=3463us short=2 | t0arm=31us stale=758[0m
[00:24:52.375,183] [0m<inf> radiant_gate_mpsl: gate: acq=782 in_grant=752/752 placed=780 granted=763 blocked=16 cancel=0 eagain=62 near=0 long=0 ext=198/4 dead=0 | den pend=3 anch=4 dist=0 degen=0 nosess=0 owed=0 | sent grant=1 dead=0 blk=16 supp=754 | end=763 (norm=761 rel=2 idle=0 late=0) | bad over=0 inval=0 unk=0 inl=16 | len=4888/4888 el=3500 skew=6055 brun=0 sig=7 g=0 hw=0 p=1 rel=0 end=1 boot=0 anchor=1 owes=1[0m
[00:24:52.794,448] [0m<inf> radiant_api: SWEEP set=1 steer=0 dwell=198687/260000 adv=1 sweeps=0 win=1 ok=2 searching=0 carrier=255 | chunks=20 preempt=0 missed=0 ebusy=0 rej=0 | pumps=4852 hk=4851 | scan_us=1884000/20 track_us=159296/757 | end ok=0 abrt=4 miss=0 fail=0 deny=23 replan=0[0m
[00:24:53.375,247] [0m<inf> radiant_gate_mpsl: hi: acq=759 den=0 resv=0 pend=759 blk=0 grant=758[0m
[00:24:53.375,258] [0m<inf> radiant_gate_mpsl: seam: grant=762 nostage=0 prog=762/0 | sigrad=1516 sigt0=958 isr=1516 end=758 dis=2 term=22 | ramp=762/5 state=0 ev=0x13 rxen saved=0x80000014 cont=0x13f a=0x80000014 p=0x80000014 e=0x80000014 inten=0x00000140[0m
[00:24:53.375,267] [0m<inf> radiant_gate_mpsl: sw: n=758 wipe=0 ramp=758 wipe+ramp=0 rx=756 wipe+rx=0 | started=758 early=0/0us last=2635us | open lead=230us max=258us late=0 glen=4888 cc0=2888[0m
[00:24:53.375,308] [0m<inf> radiant_gate_mpsl: hiend: timer0=756 rel=2 | lasted=2888us max=3485us | dur=2865us max=3463us short=2 | t0arm=31us stale=762[0m
[00:24:53.375,326] [0m<inf> radiant_gate_mpsl: gate: acq=786 in_grant=756/756 placed=784 granted=767 blocked=16 cancel=0 eagain=62 near=0 long=0 ext=198/4 dead=0 | den pend=3 anch=4 dist=0 degen=0 nosess=0 owed=0 | sent grant=1 dead=0 blk=16 supp=758 | end=767 (norm=765 rel=2 idle=0 late=0) | bad over=0 inval=0 unk=0 inl=16 | len=4888/4888 el=3500 skew=6055 brun=0 sig=7 g=0 hw=0 p=1 rel=0 end=1 boot=0 anchor=1 owes=1[0m
[00:24:53.843,366] [0m<inf> radiant_api: SWEEP set=1 steer=0 dwell=198687/260000 adv=1 sweeps=0 win=1 ok=2 searching=0 carrier=255 | chunks=20 preempt=0 missed=0 ebusy=0 rej=0 | pumps=4877 hk=4876 | scan_us=1884000/20 track_us=160112/761 | end ok=0 abrt=4 miss=0 fail=0 deny=23 replan=0[0m
[00:24:54.375,411] [0m<inf> radiant_gate_mpsl: hi: acq=763 den=0 resv=0 pend=763 blk=0 grant=762[0m
[00:24:54.375,427] [0m<inf> radiant_gate_mpsl: seam: grant=766 nostage=0 prog=766/0 | sigrad=1524 sigt0=962 isr=1524 end=762 dis=2 term=22 | ramp=766/5 state=0 ev=0x13 rxen saved=0x80000014 cont=0x13f a=0x80000014 p=0x80000014 e=0x80000014 inten=0x00000140[0m
[00:24:54.375,436] [0m<inf> radiant_gate_mpsl: sw: n=762 wipe=0 ramp=762 wipe+ramp=0 rx=760 wipe+rx=0 | started=762 early=0/0us last=2635us | open lead=231us max=258us late=0 glen=4888 cc0=2888[0m
[00:24:54.375,477] [0m<inf> radiant_gate_mpsl: hiend: timer0=760 rel=2 | lasted=2888us max=3485us | dur=2865us max=3463us short=2 | t0arm=31us stale=766[0m
[00:24:54.375,496] [0m<inf> radiant_gate_mpsl: gate: acq=790 in_grant=760/760 placed=788 granted=771 blocked=16 cancel=0 eagain=62 near=0 long=0 ext=198/4 dead=0 | den pend=3 anch=4 dist=0 degen=0 nosess=0 owed=0 | sent grant=1 dead=0 blk=16 supp=762 | end=771 (norm=769 rel=2 idle=0 late=0) | bad over=0 inval=0 unk=0 inl=16 | len=4888/4888 el=3500 skew=6055 brun=0 sig=7 g=0 hw=0 p=1 rel=0 end=1 boot=0 anchor=1 owes=1[0m
[00:24:54.892,310] [0m<inf> radiant_api: SWEEP set=1 steer=0 dwell=198687/260000 adv=1 sweeps=0 win=1 ok=2 searching=0 carrier=255 | chunks=20 preempt=0 missed=0 ebusy=0 rej=0 | pumps=4902 hk=4901 | scan_us=1884000/20 track_us=160928/765 | end ok=0 abrt=4 miss=0 fail=0 deny=23 replan=0[0m
[00:24:55.375,580] [0m<inf> radiant_gate_mpsl: hi: acq=767 den=0 resv=0 pend=767 blk=0 grant=766[0m
[00:24:55.375,592] [0m<inf> radiant_gate_mpsl: seam: grant=770 nostage=0 prog=770/0 | sigrad=1532 sigt0=966 isr=1532 end=766 dis=2 term=22 | ramp=770/5 state=0 ev=0x13 rxen saved=0x80000014 cont=0x13f a=0x80000014 p=0x80000014 e=0x80000014 inten=0x00000140[0m
[00:24:55.375,601] [0m<inf> radiant_gate_mpsl: sw: n=766 wipe=0 ramp=766 wipe+ramp=0 rx=764 wipe+rx=0 | started=766 early=0/0us last=2635us | open lead=230us max=258us late=0 glen=4888 cc0=2888[0m
[00:24:55.375,638] [0m<inf> radiant_gate_mpsl: hiend: timer0=764 rel=2 | lasted=2889us max=3485us | dur=2866us max=3463us short=2 | t0arm=32us stale=770[0m
[00:24:55.375,660] [0m<inf> radiant_gate_mpsl: gate: acq=794 in_grant=764/764 placed=792 granted=775 blocked=16 cancel=0 eagain=62 near=0 long=0 ext=198/4 dead=0 | den pend=3 anch=4 dist=0 degen=0 nosess=0 owed=0 | sent grant=1 dead=0 blk=16 supp=766 | end=775 (norm=773 rel=2 idle=0 late=0) | bad over=0 inval=0 unk=0 inl=16 | len=4888/4888 el=3500 skew=6055 brun=0 sig=7 g=0 hw=0 p=1 rel=0 end=1 boot=0 anchor=1 owes=1[0m
[00:24:55.940,172] [0m<inf> radiant_api: SWEEP set=1 steer=0 dwell=198687/260000 adv=1 sweeps=0 win=1 ok=2 searching=0 carrier=255 | chunks=20 preempt=0 missed=0 ebusy=0 rej=0 | pumps=4927 hk=4926 | scan_us=1884000/20 track_us=161948/770 | end ok=0 abrt=4 miss=0 fail=0 deny=23 replan=0[0m
[00:24:56.375,736] [0m<inf> radiant_gate_mpsl: hi: acq=771 den=0 resv=0 pend=771 blk=0 grant=770[0m
[00:24:56.375,747] [0m<inf> radiant_gate_mpsl: seam: grant=774 nostage=0 prog=774/0 | sigrad=1540 sigt0=970 isr=1540 end=770 dis=2 term=22 | ramp=774/5 state=0 ev=0x13 rxen saved=0x80000014 cont=0x13f a=0x80000014 p=0x80000014 e=0x80000014 inten=0x00000140[0m
[00:24:56.375,756] [0m<inf> radiant_gate_mpsl: sw: n=770 wipe=0 ramp=770 wipe+ramp=0 rx=768 wipe+rx=0 | started=770 early=0/0us last=2635us | open lead=231us max=258us late=0 glen=4888 cc0=2888[0m
[00:24:56.375,797] [0m<inf> radiant_gate_mpsl: hiend: timer0=768 rel=2 | lasted=2889us max=3485us | dur=2865us max=3463us short=2 | t0arm=32us stale=774[0m
[00:24:56.375,815] [0m<inf> radiant_gate_mpsl: gate: acq=798 in_grant=768/768 placed=796 granted=779 blocked=16 cancel=0 eagain=62 near=0 long=0 ext=198/4 dead=0 | den pend=3 anch=4 dist=0 degen=0 nosess=0 owed=0 | sent grant=1 dead=0 blk=16 supp=770 | end=779 (norm=777 rel=2 idle=0 late=0) | bad over=0 inval=0 unk=0 inl=16 | len=4888/4888 el=3500 skew=6055 brun=0 sig=7 g=0 hw=0 p=1 rel=0 end=1 boot=0 anchor=1 owes=1[0m
[00:24:56.989,149] [0m<inf> radiant_api: SWEEP set=1 steer=0 dwell=198687/260000 adv=1 sweeps=0 win=1 ok=2 searching=0 carrier=255 | chunks=20 preempt=0 missed=0 ebusy=0 rej=0 | pumps=4953 hk=4952 | scan_us=1884000/20 track_us=162764/774 | end ok=0 abrt=4 miss=0 fail=0 deny=23 replan=0[0m
[00:24:57.375,885] [0m<inf> radiant_gate_mpsl: hi: acq=775 den=0 resv=0 pend=775 blk=0 grant=774[0m
[00:24:57.375,901] [0m<inf> radiant_gate_mpsl: seam: grant=778 nostage=0 prog=778/0 | sigrad=1548 sigt0=974 isr=1548 end=774 dis=2 term=22 | ramp=778/5 state=0 ev=0x13 rxen saved=0x80000014 cont=0x13f a=0x80000014 p=0x80000014 e=0x80000014 inten=0x00000140[0m
[00:24:57.375,910] [0m<inf> radiant_gate_mpsl: sw: n=774 wipe=0 ramp=774 wipe+ramp=0 rx=772 wipe+rx=0 | started=774 early=0/0us last=2634us | open lead=232us max=258us late=0 glen=4888 cc0=2888[0m
[00:24:57.375,951] [0m<inf> radiant_gate_mpsl: hiend: timer0=772 rel=2 | lasted=2890us max=3485us | dur=2865us max=3463us short=2 | t0arm=32us stale=778[0m
[00:24:57.375,969] [0m<inf> radiant_gate_mpsl: gate: acq=802 in_grant=772/772 placed=800 granted=783 blocked=16 cancel=0 eagain=63 near=0 long=0 ext=198/4 dead=0 | den pend=3 anch=4 dist=0 degen=0 nosess=0 owed=0 | sent grant=1 dead=0 blk=16 supp=774 | end=783 (norm=781 rel=2 idle=0 late=0) | bad over=0 inval=0 unk=0 inl=16 | len=4888/4888 el=3500 skew=6055 brun=0 sig=7 g=0 hw=0 p=1 rel=0 end=1 boot=0 anchor=1 owes=1[0m
[00:24:58.038,120] [0m<inf> radiant_api: SWEEP set=1 steer=0 dwell=198687/260000 adv=1 sweeps=0 win=1 ok=2 searching=0 carrier=255 | chunks=20 preempt=0 missed=0 ebusy=0 rej=0 | pumps=4978 hk=4977 | scan_us=1884000/20 track_us=163580/778 | end ok=0 abrt=4 miss=0 fail=0 deny=23 replan=0[0m
[00:24:58.376,059] [0m<inf> radiant_gate_mpsl: hi: acq=779 den=0 resv=0 pend=779 blk=0 grant=778[0m
[00:24:58.376,071] [0m<inf> radiant_gate_mpsl: seam: grant=782 nostage=0 prog=782/0 | sigrad=1556 sigt0=978 isr=1556 end=778 dis=2 term=22 | ramp=782/5 state=0 ev=0x13 rxen saved=0x80000014 cont=0x13f a=0x80000014 p=0x80000014 e=0x80000014 inten=0x00000140[0m
[00:24:58.376,080] [0m<inf> radiant_gate_mpsl: sw: n=778 wipe=0 ramp=778 wipe+ramp=0 rx=776 wipe+rx=0 | started=778 early=0/0us last=2635us | open lead=231us max=258us late=0 glen=4888 cc0=2888[0m
[00:24:58.376,117] [0m<inf> radiant_gate_mpsl: hiend: timer0=776 rel=2 | lasted=2889us max=3485us | dur=2866us max=3463us short=2 | t0arm=31us stale=782[0m
[00:24:58.376,139] [0m<inf> radiant_gate_mpsl: gate: acq=806 in_grant=776/776 placed=804 granted=787 blocked=16 cancel=0 eagain=64 near=0 long=0 ext=198/4 dead=0 | den pend=3 anch=4 dist=0 degen=0 nosess=0 owed=0 | sent grant=1 dead=0 blk=16 supp=778 | end=787 (norm=785 rel=2 idle=0 late=0) | bad over=0 inval=0 unk=0 inl=16 | len=4888/4888 el=3500 skew=6055 brun=0 sig=7 g=0 hw=0 p=1 rel=0 end=1 boot=0 anchor=1 owes=1[0m
[00:24:59.087,097] [0m<inf> radiant_api: SWEEP set=1 steer=0 dwell=198687/260000 adv=1 sweeps=0 win=1 ok=2 searching=0 carrier=255 | chunks=20 preempt=0 missed=0 ebusy=0 rej=0 | pumps=5003 hk=5002 | scan_us=1884000/20 track_us=164396/782 | end ok=0 abrt=4 miss=0 fail=0 deny=23 replan=0[0m
[00:24:59.376,224] [0m<inf> radiant_gate_mpsl: hi: acq=783 den=0 resv=0 pend=783 blk=0 grant=782[0m
[00:24:59.376,235] [0m<inf> radiant_gate_mpsl: seam: grant=786 nostage=0 prog=786/0 | sigrad=1564 sigt0=982 isr=1564 end=782 dis=2 term=22 | ramp=786/5 state=0 ev=0x13 rxen saved=0x80000014 cont=0x13f a=0x80000014 p=0x80000014 e=0x80000014 inten=0x00000140[0m
[00:24:59.376,244] [0m<inf> radiant_gate_mpsl: sw: n=782 wipe=0 ramp=782 wipe+ramp=0 rx=780 wipe+rx=0 | started=782 early=0/0us last=2634us | open lead=231us max=258us late=0 glen=4888 cc0=2888[0m
[00:24:59.376,285] [0m<inf> radiant_gate_mpsl: hiend: timer0=780 rel=2 | lasted=2889us max=3485us | dur=2866us max=3463us short=2 | t0arm=32us stale=786[0m
[00:24:59.376,303] [0m<inf> radiant_gate_mpsl: gate: acq=810 in_grant=780/780 placed=808 granted=791 blocked=16 cancel=0 eagain=64 near=0 long=0 ext=198/4 dead=0 | den pend=3 anch=4 dist=0 degen=0 nosess=0 owed=0 | sent grant=1 dead=0 blk=16 supp=782 | end=791 (norm=789 rel=2 idle=0 late=0) | bad over=0 inval=0 unk=0 inl=16 | len=4888/4888 el=3500 skew=6055 brun=0 sig=7 g=0 hw=0 p=1 rel=0 end=1 boot=0 anchor=1 owes=1[0m
[00:25:00.135,937] [0m<inf> radiant_api: SWEEP set=1 steer=0 dwell=198687/260000 adv=1 sweeps=0 win=1 ok=2 searching=0 carrier=255 | chunks=20 preempt=0 missed=0 ebusy=0 rej=0 | pumps=5028 hk=5027 | scan_us=1884000/20 track_us=165212/786 | end ok=0 abrt=4 miss=0 fail=0 deny=23 replan=0[0m
[00:25:00.376,381] [0m<inf> radiant_gate_mpsl: hi: acq=787 den=0 resv=0 pend=787 blk=0 grant=786[0m
[00:25:00.376,397] [0m<inf> radiant_gate_mpsl: seam: grant=790 nostage=0 prog=790/0 | sigrad=1572 sigt0=986 isr=1572 end=786 dis=2 term=22 | ramp=790/5 state=0 ev=0x13 rxen saved=0x80000014 cont=0x13f a=0x80000014 p=0x80000014 e=0x80000014 inten=0x00000140[0m
[00:25:00.376,406] [0m<inf> radiant_gate_mpsl: sw: n=786 wipe=0 ramp=786 wipe+ramp=0 rx=784 wipe+rx=0 | started=786 early=0/0us last=2637us | open lead=229us max=258us late=0 glen=4888 cc0=2888[0m
[00:25:00.376,447] [0m<inf> radiant_gate_mpsl: hiend: timer0=784 rel=2 | lasted=2890us max=3485us | dur=2866us max=3463us short=2 | t0arm=31us stale=790[0m
[00:25:00.376,465] [0m<inf> radiant_gate_mpsl: gate: acq=814 in_grant=784/784 placed=812 granted=795 blocked=16 cancel=0 eagain=66 near=0 long=0 ext=198/4 dead=0 | den pend=3 anch=4 dist=0 degen=0 nosess=0 owed=0 | sent grant=1 dead=0 blk=16 supp=786 | end=795 (norm=793 rel=2 idle=0 late=0) | bad over=0 inval=0 unk=0 inl=16 | len=4888/4888 el=3500 skew=6055 brun=0 sig=7 g=0 hw=0 p=1 rel=0 end=1 boot=0 anchor=1 owes=1[0m
[00:25:00.716,236] [0m<inf> thread_coex: thread load: role=2 sent=2000 failed=0 interval=100ms payload=64B[0m
[00:25:00.716,246] [0m<inf> thread_coex: thread lat us: <64=0 64=0 128=1987 256=13 512=0 1k=0 2k=0 4k=0 8k=0 16k=0 32k=0 64k=0 >=128k=0 max=431[0m
[00:25:00.716,255] [0m<inf> thread_coex: thread mac d: tx=200 retry=1 cca=0 abort=0 busy=0 | tot tx=4134 retry=28 cca=0 abort=0 busy=0[0m
[00:25:01.183,770] [0m<inf> radiant_api: SWEEP set=1 steer=0 dwell=198687/260000 adv=1 sweeps=0 win=1 ok=2 searching=0 carrier=255 | chunks=20 preempt=0 missed=0 ebusy=0 rej=0 | pumps=5053 hk=5052 | scan_us=1884000/20 track_us=166232/791 | end ok=0 abrt=4 miss=0 fail=0 deny=23 replan=0[0m
[00:25:01.376,518] [0m<inf> radiant_gate_mpsl: hi: acq=791 den=0 resv=0 pend=791 blk=0 grant=790[0m
[00:25:01.376,532] [0m<inf> radiant_gate_mpsl: seam: grant=794 nostage=0 prog=794/0 | sigrad=1580 sigt0=990 isr=1580 end=790 dis=2 term=22 | ramp=794/5 state=0 ev=0x13 rxen saved=0x80000014 cont=0x13f a=0x80000014 p=0x80000014 e=0x80000014 inten=0x00000140[0m
[00:25:01.376,541] [0m<inf> radiant_gate_mpsl: sw: n=790 wipe=0 ramp=790 wipe+ramp=0 rx=788 wipe+rx=0 | started=790 early=0/0us last=2636us | open lead=231us max=258us late=0 glen=4888 cc0=2888[0m
[00:25:01.376,579] [0m<inf> radiant_gate_mpsl: hiend: timer0=788 rel=2 | lasted=2890us max=3485us | dur=2867us max=3463us short=2 | t0arm=30us stale=794[0m
[00:25:01.376,597] [0m<inf> radiant_gate_mpsl: gate: acq=818 in_grant=788/788 placed=816 granted=799 blocked=16 cancel=0 eagain=68 near=0 long=0 ext=198/4 dead=0 | den pend=3 anch=4 dist=0 degen=0 nosess=0 owed=0 | sent grant=1 dead=0 blk=16 supp=790 | end=799 (norm=797 rel=2 idle=0 late=0) | bad over=0 inval=0 unk=0 inl=16 | len=4888/4888 el=3500 skew=6055 brun=0 sig=7 g=0 hw=0 p=1 rel=0 end=1 boot=0 anchor=1 owes=1[0m
[00:25:02.232,763] [0m<inf> radiant_api: SWEEP set=1 steer=0 dwell=198687/260000 adv=1 sweeps=0 win=1 ok=2 searching=0 carrier=255 | chunks=20 preempt=0 missed=0 ebusy=0 rej=0 | pumps=5079 hk=5078 | scan_us=1884000/20 track_us=167048/795 | end ok=0 abrt=4 miss=0 fail=0 deny=23 replan=0[0m
[00:25:02.376,664] [0m<inf> radiant_gate_mpsl: hi: acq=795 den=0 resv=0 pend=795 blk=0 grant=794[0m
[00:25:02.376,675] [0m<inf> radiant_gate_mpsl: seam: grant=798 nostage=0 prog=798/0 | sigrad=1588 sigt0=994 isr=1588 end=794 dis=2 term=22 | ramp=798/5 state=0 ev=0x13 rxen saved=0x80000014 cont=0x13f a=0x80000014 p=0x80000014 e=0x80000014 inten=0x00000140[0m
[00:25:02.376,684] [0m<inf> radiant_gate_mpsl: sw: n=794 wipe=0 ramp=794 wipe+ramp=0 rx=792 wipe+rx=0 | started=794 early=0/0us last=2635us | open lead=232us max=258us late=0 glen=4888 cc0=2888[0m
[00:25:02.376,725] [0m<inf> radiant_gate_mpsl: hiend: timer0=792 rel=2 | lasted=2889us max=3485us | dur=2867us max=3463us short=2 | t0arm=30us stale=798[0m
[00:25:02.376,744] [0m<inf> radiant_gate_mpsl: gate: acq=822 in_grant=792/792 placed=820 granted=803 blocked=16 cancel=0 eagain=68 near=0 long=0 ext=198/4 dead=0 | den pend=3 anch=4 dist=0 degen=0 nosess=0 owed=0 | sent grant=1 dead=0 blk=16 supp=794 | end=803 (norm=801 rel=2 idle=0 late=0) | bad over=0 inval=0 unk=0 inl=16 | len=4888/4888 el=3500 skew=6055 brun=0 sig=7 g=0 hw=0 p=1 rel=0 end=1 boot=0 anchor=1 owes=1[0m
[00:25:03.281,682] [0m<inf> radiant_api: SWEEP set=1 steer=0 dwell=198687/260000 adv=1 sweeps=0 win=1 ok=2 searching=0 carrier=255 | chunks=20 preempt=0 missed=0 ebusy=0 rej=0 | pumps=5104 hk=5103 | scan_us=1884000/20 track_us=167864/799 | end ok=0 abrt=4 miss=0 fail=0 deny=23 replan=0[0m
[00:25:03.376,796] [0m<inf> radiant_gate_mpsl: hi: acq=799 den=0 resv=0 pend=799 blk=0 grant=798[0m
[00:25:03.376,808] [0m<inf> radiant_gate_mpsl: seam: grant=802 nostage=0 prog=802/0 | sigrad=1596 sigt0=998 isr=1596 end=798 dis=2 term=22 | ramp=802/5 state=0 ev=0x13 rxen saved=0x80000014 cont=0x13f a=0x80000014 p=0x80000014 e=0x80000014 inten=0x00000140[0m
[00:25:03.376,816] [0m<inf> radiant_gate_mpsl: sw: n=798 wipe=0 ramp=798 wipe+ramp=0 rx=796 wipe+rx=0 | started=798 early=0/0us last=2635us | open lead=231us max=258us late=0 glen=4888 cc0=2888[0m
[00:25:03.376,853] [0m<inf> radiant_gate_mpsl: hiend: timer0=796 rel=2 | lasted=2889us max=3485us | dur=2867us max=3463us short=2 | t0arm=30us stale=802[0m
[00:25:03.376,871] [0m<inf> radiant_gate_mpsl: gate: acq=826 in_grant=796/796 placed=824 granted=807 blocked=16 cancel=0 eagain=68 near=0 long=0 ext=198/4 dead=0 | den pend=3 anch=4 dist=0 degen=0 nosess=0 owed=0 | sent grant=1 dead=0 blk=16 supp=798 | end=807 (norm=805 rel=2 idle=0 late=0) | bad over=0 inval=0 unk=0 inl=16 | len=4888/4888 el=3500 skew=6055 brun=0 sig=7 g=0 hw=0 p=1 rel=0 end=1 boot=0 anchor=1 owes=1[0m
[00:25:04.330,637] [0m<inf> radiant_api: SWEEP set=1 steer=0 dwell=198687/260000 adv=1 sweeps=0 win=1 ok=2 searching=0 carrier=255 | chunks=20 preempt=0 missed=0 ebusy=0 rej=0 | pumps=5129 hk=5128 | scan_us=1884000/20 track_us=168680/803 | end ok=0 abrt=4 miss=0 fail=0 deny=23 replan=0[0m
[00:25:04.376,969] [0m<inf> radiant_gate_mpsl: hi: acq=803 den=0 resv=0 pend=803 blk=0 grant=802[0m
[00:25:04.376,980] [0m<inf> radiant_gate_mpsl: seam: grant=806 nostage=0 prog=806/0 | sigrad=1604 sigt0=1002 isr=1604 end=802 dis=2 term=22 | ramp=806/5 state=0 ev=0x13 rxen saved=0x80000014 cont=0x13f a=0x80000014 p=0x80000014 e=0x80000014 inten=0x00000140[0m
[00:25:04.376,989] [0m<inf> radiant_gate_mpsl: sw: n=802 wipe=0 ramp=802 wipe+ramp=0 rx=800 wipe+rx=0 | started=802 early=0/0us last=2635us | open lead=232us max=258us late=0 glen=4888 cc0=2888[0m
[00:25:04.377,030] [0m<inf> radiant_gate_mpsl: hiend: timer0=800 rel=2 | lasted=2889us max=3485us | dur=2866us max=3463us short=2 | t0arm=30us stale=806[0m
[00:25:04.377,048] [0m<inf> radiant_gate_mpsl: gate: acq=830 in_grant=800/800 placed=828 granted=811 blocked=16 cancel=0 eagain=68 near=0 long=0 ext=198/4 dead=0 | den pend=3 anch=4 dist=0 degen=0 nosess=0 owed=0 | sent grant=1 dead=0 blk=16 supp=802 | end=811 (norm=809 rel=2 idle=0 late=0) | bad over=0 inval=0 unk=0 inl=16 | len=4888/4888 el=3500 skew=6055 brun=0 sig=7 g=0 hw=0 p=1 rel=0 end=1 boot=0 anchor=1 owes=1[0m
[00:25:05.377,113] [0m<inf> radiant_gate_mpsl: hi: acq=807 den=0 resv=0 pend=807 blk=0 grant=806[0m
[00:25:05.377,124] [0m<inf> radiant_gate_mpsl: seam: grant=810 nostage=0 prog=810/0 | sigrad=1612 sigt0=1006 isr=1612 end=806 dis=2 term=22 | ramp=810/5 state=0 ev=0x13 rxen saved=0x80000014 cont=0x13f a=0x80000014 p=0x80000014 e=0x80000014 inten=0x00000140[0m
[00:25:05.377,133] [0m<inf> radiant_gate_mpsl: sw: n=806 wipe=0 ramp=806 wipe+ramp=0 rx=804 wipe+rx=0 | started=806 early=0/0us last=2634us | open lead=231us max=258us late=0 glen=4888 cc0=2888[0m
[00:25:05.377,170] [0m<inf> radiant_gate_mpsl: hiend: timer0=804 rel=2 | lasted=2889us max=3485us | dur=2866us max=3463us short=2 | t0arm=31us stale=810[0m
[00:25:05.377,188] [0m<inf> radiant_gate_mpsl: gate: acq=834 in_grant=804/804 placed=832 granted=815 blocked=16 cancel=0 eagain=69 near=0 long=0 ext=198/4 dead=0 | den pend=3 anch=4 dist=0 degen=0 nosess=0 owed=0 | sent grant=1 dead=0 blk=16 supp=806 | end=815 (norm=813 rel=2 idle=0 late=0) | bad over=0 inval=0 unk=0 inl=16 | len=4888/4888 el=3500 skew=6055 brun=0 sig=7 g=0 hw=0 p=1 rel=0 end=1 boot=0 anchor=1 owes=1[0m
[00:25:05.379,700] [0m<inf> radiant_api: SWEEP set=1 steer=0 dwell=198687/260000 adv=1 sweeps=0 win=1 ok=2 searching=0 carrier=255 | chunks=20 preempt=0 missed=0 ebusy=0 rej=0 | pumps=5154 hk=5153 | scan_us=1884000/20 track_us=169496/807 | end ok=0 abrt=4 miss=0 fail=0 deny=23 replan=0[0m
[00:25:06.377,287] [0m<inf> radiant_gate_mpsl: hi: acq=811 den=0 resv=0 pend=811 blk=0 grant=810[0m
[00:25:06.377,304] [0m<inf> radiant_gate_mpsl: seam: grant=814 nostage=0 prog=814/0 | sigrad=1620 sigt0=1010 isr=1620 end=810 dis=2 term=22 | ramp=814/5 state=0 ev=0x13 rxen saved=0x80000014 cont=0x13f a=0x80000014 p=0x80000014 e=0x80000014 inten=0x00000140[0m
[00:25:06.377,313] [0m<inf> radiant_gate_mpsl: sw: n=810 wipe=0 ramp=810 wipe+ramp=0 rx=808 wipe+rx=0 | started=810 early=0/0us last=2635us | open lead=231us max=258us late=0 glen=4888 cc0=2888[0m
[00:25:06.377,354] [0m<inf> radiant_gate_mpsl: hiend: timer0=808 rel=2 | lasted=2889us max=3485us | dur=2865us max=3463us short=2 | t0arm=31us stale=814[0m
[00:25:06.377,372] [0m<inf> radiant_gate_mpsl: gate: acq=838 in_grant=808/808 placed=836 granted=819 blocked=16 cancel=0 eagain=70 near=0 long=0 ext=198/4 dead=0 | den pend=3 anch=4 dist=0 degen=0 nosess=0 owed=0 | sent grant=1 dead=0 blk=16 supp=810 | end=819 (norm=817 rel=2 idle=0 late=0) | bad over=0 inval=0 unk=0 inl=16 | len=4888/4888 el=3500 skew=6055 brun=0 sig=7 g=0 hw=0 p=1 rel=0 end=1 boot=0 anchor=1 owes=1[0m
[00:25:06.427,422] [0m<inf> radiant_api: SWEEP set=1 steer=0 dwell=198687/260000 adv=1 sweeps=0 win=1 ok=2 searching=0 carrier=255 | chunks=20 preempt=0 missed=0 ebusy=0 rej=0 | pumps=5179 hk=5178 | scan_us=1884000/20 track_us=170516/812 | end ok=0 abrt=4 miss=0 fail=0 deny=23 replan=0[0m
[00:25:07.377,465] [0m<inf> radiant_gate_mpsl: hi: acq=815 den=0 resv=0 pend=815 blk=0 grant=814[0m
[00:25:07.377,477] [0m<inf> radiant_gate_mpsl: seam: grant=818 nostage=0 prog=818/0 | sigrad=1628 sigt0=1014 isr=1628 end=814 dis=2 term=22 | ramp=818/5 state=0 ev=0x13 rxen saved=0x80000014 cont=0x13f a=0x80000014 p=0x80000014 e=0x80000014 inten=0x00000140[0m
[00:25:07.377,486] [0m<inf> radiant_gate_mpsl: sw: n=814 wipe=0 ramp=814 wipe+ramp=0 rx=812 wipe+rx=0 | started=814 early=0/0us last=2635us | open lead=231us max=258us late=0 glen=4888 cc0=2888[0m
[00:25:07.377,524] [0m<inf> radiant_gate_mpsl: hiend: timer0=812 rel=2 | lasted=2889us max=3485us | dur=2866us max=3463us short=2 | t0arm=31us stale=818[0m
[00:25:07.377,545] [0m<inf> radiant_gate_mpsl: gate: acq=842 in_grant=812/812 placed=840 granted=823 blocked=16 cancel=0 eagain=70 near=0 long=0 ext=198/4 dead=0 | den pend=3 anch=4 dist=0 degen=0 nosess=0 owed=0 | sent grant=1 dead=0 blk=16 supp=814 | end=823 (norm=821 rel=2 idle=0 late=0) | bad over=0 inval=0 unk=0 inl=16 | len=4888/4888 el=3500 skew=6055 brun=0 sig=7 g=0 hw=0 p=1 rel=0 end=1 boot=0 anchor=1 owes=1[0m
[00:25:07.476,411] [0m<inf> radiant_api: SWEEP set=1 steer=0 dwell=198687/260000 adv=1 sweeps=0 win=1 ok=2 searching=0 carrier=255 | chunks=20 preempt=0 missed=0 ebusy=0 rej=0 | pumps=5205 hk=5204 | scan_us=1884000/20 track_us=171332/816 | end ok=0 abrt=4 miss=0 fail=0 deny=23 replan=0[0m
[00:25:08.377,641] [0m<inf> radiant_gate_mpsl: hi: acq=819 den=0 resv=0 pend=819 blk=0 grant=818[0m
[00:25:08.377,657] [0m<inf> radiant_gate_mpsl: seam: grant=822 nostage=0 prog=822/0 | sigrad=1636 sigt0=1018 isr=1636 end=818 dis=2 term=22 | ramp=822/5 state=0 ev=0x13 rxen saved=0x80000014 cont=0x13f a=0x80000014 p=0x80000014 e=0x80000014 inten=0x00000140[0m
[00:25:08.377,666] [0m<inf> radiant_gate_mpsl: sw: n=818 wipe=0 ramp=818 wipe+ramp=0 rx=816 wipe+rx=0 | started=818 early=0/0us last=2635us | open lead=230us max=258us late=0 glen=4888 cc0=2888[0m
[00:25:08.377,707] [0m<inf> radiant_gate_mpsl: hiend: timer0=816 rel=2 | lasted=2889us max=3485us | dur=2866us max=3463us short=2 | t0arm=31us stale=822[0m
[00:25:08.377,727] [0m<inf> radiant_gate_mpsl: gate: acq=846 in_grant=816/816 placed=844 granted=827 blocked=16 cancel=0 eagain=70 near=0 long=0 ext=198/4 dead=0 | den pend=3 anch=4 dist=0 degen=0 nosess=0 owed=0 | sent grant=1 dead=0 blk=16 supp=818 | end=827 (norm=825 rel=2 idle=0 late=0) | bad over=0 inval=0 unk=0 inl=16 | len=4888/4888 el=3500 skew=6055 brun=0 sig=7 g=0 hw=0 p=1 rel=0 end=1 boot=0 anchor=1 owes=1[0m
[00:25:08.525,339] [0m<inf> radiant_api: SWEEP set=1 steer=0 dwell=198687/260000 adv=1 sweeps=0 win=1 ok=2 searching=0 carrier=255 | chunks=20 preempt=0 missed=0 ebusy=0 rej=0 | pumps=5230 hk=5229 | scan_us=1884000/20 track_us=172148/820 | end ok=0 abrt=4 miss=0 fail=0 deny=23 replan=0[0m
[00:25:09.377,790] [0m<inf> radiant_gate_mpsl: hi: acq=823 den=0 resv=0 pend=823 blk=0 grant=822[0m
[00:25:09.377,802] [0m<inf> radiant_gate_mpsl: seam: grant=826 nostage=0 prog=826/0 | sigrad=1644 sigt0=1022 isr=1644 end=822 dis=2 term=22 | ramp=826/5 state=0 ev=0x13 rxen saved=0x80000014 cont=0x13f a=0x80000014 p=0x80000014 e=0x80000014 inten=0x00000140[0m
[00:25:09.377,811] [0m<inf> radiant_gate_mpsl: sw: n=822 wipe=0 ramp=822 wipe+ramp=0 rx=820 wipe+rx=0 | started=822 early=0/0us last=2635us | open lead=231us max=258us late=0 glen=4888 cc0=2888[0m
[00:25:09.377,849] [0m<inf> radiant_gate_mpsl: hiend: timer0=820 rel=2 | lasted=2889us max=3485us | dur=2865us max=3463us short=2 | t0arm=31us stale=826[0m
[00:25:09.377,870] [0m<inf> radiant_gate_mpsl: gate: acq=850 in_grant=820/820 placed=848 granted=831 blocked=16 cancel=0 eagain=70 near=0 long=0 ext=198/4 dead=0 | den pend=3 anch=4 dist=0 degen=0 nosess=0 owed=0 | sent grant=1 dead=0 blk=16 supp=822 | end=831 (norm=829 rel=2 idle=0 late=0) | bad over=0 inval=0 unk=0 inl=16 | len=4888/4888 el=3500 skew=6055 brun=0 sig=7 g=0 hw=0 p=1 rel=0 end=1 boot=0 anchor=1 owes=1[0m
[00:25:09.574,239] [0m<inf> radiant_api: SWEEP set=1 steer=0 dwell=198687/260000 adv=1 sweeps=0 win=1 ok=2 searching=0 carrier=255 | chunks=20 preempt=0 missed=0 ebusy=0 rej=0 | pumps=5255 hk=5254 | scan_us=1884000/20 track_us=172964/824 | end ok=0 abrt=4 miss=0 fail=0 deny=23 replan=0[0m
[00:25:10.377,935] [0m<inf> radiant_gate_mpsl: hi: acq=827 den=0 resv=0 pend=827 blk=0 grant=826[0m
[00:25:10.377,951] [0m<inf> radiant_gate_mpsl: seam: grant=830 nostage=0 prog=830/0 | sigrad=1652 sigt0=1026 isr=1652 end=826 dis=2 term=22 | ramp=830/5 state=0 ev=0x13 rxen saved=0x80000014 cont=0x13f a=0x80000014 p=0x80000014 e=0x80000014 inten=0x00000140[0m
[00:25:10.377,960] [0m<inf> radiant_gate_mpsl: sw: n=826 wipe=0 ramp=826 wipe+ramp=0 rx=824 wipe+rx=0 | started=826 early=0/0us last=2634us | open lead=231us max=258us late=0 glen=4888 cc0=2888[0m
[00:25:10.378,001] [0m<inf> radiant_gate_mpsl: hiend: timer0=824 rel=2 | lasted=2889us max=3485us | dur=2866us max=3463us short=2 | t0arm=31us stale=830[0m
[00:25:10.378,019] [0m<inf> radiant_gate_mpsl: gate: acq=854 in_grant=824/824 placed=852 granted=835 blocked=16 cancel=0 eagain=70 near=0 long=0 ext=198/4 dead=0 | den pend=3 anch=4 dist=0 degen=0 nosess=0 owed=0 | sent grant=1 dead=0 blk=16 supp=826 | end=835 (norm=833 rel=2 idle=0 late=0) | bad over=0 inval=0 unk=0 inl=16 | len=4888/4888 el=3500 skew=6055 brun=0 sig=7 g=0 hw=0 p=1 rel=0 end=1 boot=0 anchor=1 owes=1[0m
[00:25:10.623,201] [0m<inf> radiant_api: SWEEP set=1 steer=0 dwell=198687/260000 adv=1 sweeps=0 win=1 ok=2 searching=0 carrier=255 | chunks=20 preempt=0 missed=0 ebusy=0 rej=0 | pumps=5280 hk=5279 | scan_us=1884000/20 track_us=173780/828 | end ok=0 abrt=4 miss=0 fail=0 deny=23 replan=0[0m
[00:25:10.739,429] [0m<inf> thread_coex: thread load: role=2 sent=2100 failed=0 interval=100ms payload=64B[0m
[00:25:10.739,439] [0m<inf> thread_coex: thread lat us: <64=0 64=0 128=2087 256=13 512=0 1k=0 2k=0 4k=0 8k=0 16k=0 32k=0 64k=0 >=128k=0 max=431[0m
[00:25:10.739,447] [0m<inf> thread_coex: thread mac d: tx=200 retry=1 cca=0 abort=0 busy=0 | tot tx=4334 retry=29 cca=0 abort=0 busy=0[0m
[00:25:11.378,084] [0m<inf> radiant_gate_mpsl: hi: acq=831 den=0 resv=0 pend=831 blk=0 grant=830[0m
[00:25:11.378,098] [0m<inf> radiant_gate_mpsl: seam: grant=834 nostage=0 prog=834/0 | sigrad=1660 sigt0=1030 isr=1660 end=830 dis=2 term=22 | ramp=834/5 state=0 ev=0x13 rxen saved=0x80000014 cont=0x13f a=0x80000014 p=0x80000014 e=0x80000014 inten=0x00000140[0m
[00:25:11.378,107] [0m<inf> radiant_gate_mpsl: sw: n=830 wipe=0 ramp=830 wipe+ramp=0 rx=828 wipe+rx=0 | started=830 early=0/0us last=2635us | open lead=231us max=258us late=0 glen=4888 cc0=2888[0m
[00:25:11.378,145] [0m<inf> radiant_gate_mpsl: hiend: timer0=828 rel=2 | lasted=2888us max=3485us | dur=2865us max=3463us short=2 | t0arm=31us stale=834[0m
[00:25:11.378,163] [0m<inf> radiant_gate_mpsl: gate: acq=858 in_grant=828/828 placed=856 granted=839 blocked=16 cancel=0 eagain=70 near=0 long=0 ext=198/4 dead=0 | den pend=3 anch=4 dist=0 degen=0 nosess=0 owed=0 | sent grant=1 dead=0 blk=16 supp=830 | end=839 (norm=837 rel=2 idle=0 late=0) | bad over=0 inval=0 unk=0 inl=16 | len=4888/4888 el=3500 skew=6055 brun=0 sig=7 g=0 hw=0 p=1 rel=0 end=1 boot=0 anchor=1 owes=1[0m
[00:25:11.671,050] [0m<inf> radiant_api: SWEEP set=1 steer=0 dwell=198687/260000 adv=1 sweeps=0 win=1 ok=2 searching=0 carrier=255 | chunks=20 preempt=0 missed=0 ebusy=0 rej=0 | pumps=5305 hk=5304 | scan_us=1884000/20 track_us=174800/833 | end ok=0 abrt=4 miss=0 fail=0 deny=23 replan=0[0m
[00:25:12.378,224] [0m<inf> radiant_gate_mpsl: hi: acq=835 den=0 resv=0 pend=835 blk=0 grant=834[0m
[00:25:12.378,235] [0m<inf> radiant_gate_mpsl: seam: grant=838 nostage=0 prog=838/0 | sigrad=1668 sigt0=1034 isr=1668 end=834 dis=2 term=22 | ramp=838/5 state=0 ev=0x13 rxen saved=0x80000014 cont=0x13f a=0x80000014 p=0x80000014 e=0x80000014 inten=0x00000140[0m
[00:25:12.378,244] [0m<inf> radiant_gate_mpsl: sw: n=834 wipe=0 ramp=834 wipe+ramp=0 rx=832 wipe+rx=0 | started=834 early=0/0us last=2635us | open lead=231us max=258us late=0 glen=4888 cc0=2888[0m
[00:25:12.378,285] [0m<inf> radiant_gate_mpsl: hiend: timer0=832 rel=2 | lasted=2889us max=3485us | dur=2866us max=3463us short=2 | t0arm=31us stale=838[0m
[00:25:12.378,303] [0m<inf> radiant_gate_mpsl: gate: acq=862 in_grant=832/832 placed=860 granted=843 blocked=16 cancel=0 eagain=70 near=0 long=0 ext=198/4 dead=0 | den pend=3 anch=4 dist=0 degen=0 nosess=0 owed=0 | sent grant=1 dead=0 blk=16 supp=834 | end=843 (norm=841 rel=2 idle=0 late=0) | bad over=0 inval=0 unk=0 inl=16 | len=4888/4888 el=3500 skew=6055 brun=0 sig=7 g=0 hw=0 p=1 rel=0 end=1 boot=0 anchor=1 owes=1[0m
[00:25:12.720,002] [0m<inf> radiant_api: SWEEP set=1 steer=0 dwell=198687/260000 adv=1 sweeps=0 win=1 ok=2 searching=0 carrier=255 | chunks=20 preempt=0 missed=0 ebusy=0 rej=0 | pumps=5331 hk=5330 | scan_us=1884000/20 track_us=175616/837 | end ok=0 abrt=4 miss=0 fail=0 deny=23 replan=0[0m
[00:25:13.378,391] [0m<inf> radiant_gate_mpsl: hi: acq=839 den=0 resv=0 pend=839 blk=0 grant=838[0m
[00:25:13.378,407] [0m<inf> radiant_gate_mpsl: seam: grant=842 nostage=0 prog=842/0 | sigrad=1676 sigt0=1038 isr=1676 end=838 dis=2 term=22 | ramp=842/5 state=0 ev=0x13 rxen saved=0x80000014 cont=0x13f a=0x80000014 p=0x80000014 e=0x80000014 inten=0x00000140[0m
[00:25:13.378,416] [0m<inf> radiant_gate_mpsl: sw: n=838 wipe=0 ramp=838 wipe+ramp=0 rx=836 wipe+rx=0 | started=838 early=0/0us last=2635us | open lead=230us max=258us late=0 glen=4888 cc0=2888[0m
[00:25:13.378,457] [0m<inf> radiant_gate_mpsl: hiend: timer0=836 rel=2 | lasted=2889us max=3485us | dur=2866us max=3463us short=2 | t0arm=31us stale=842[0m
[00:25:13.378,475] [0m<inf> radiant_gate_mpsl: gate: acq=866 in_grant=836/836 placed=864 granted=847 blocked=16 cancel=0 eagain=70 near=0 long=0 ext=198/4 dead=0 | den pend=3 anch=4 dist=0 degen=0 nosess=0 owed=0 | sent grant=1 dead=0 blk=16 supp=838 | end=847 (norm=845 rel=2 idle=0 late=0) | bad over=0 inval=0 unk=0 inl=16 | len=4888/4888 el=3500 skew=6055 brun=0 sig=7 g=0 hw=0 p=1 rel=0 end=1 boot=0 anchor=1 owes=1[0m
[00:25:13.768,978] [0m<inf> radiant_api: SWEEP set=1 steer=0 dwell=198687/260000 adv=1 sweeps=0 win=1 ok=2 searching=0 carrier=255 | chunks=20 preempt=0 missed=0 ebusy=0 rej=0 | pumps=5356 hk=5355 | scan_us=1884000/20 track_us=176432/841 | end ok=0 abrt=4 miss=0 fail=0 deny=23 replan=0[0m
[00:25:14.378,535] [0m<inf> radiant_gate_mpsl: hi: acq=843 den=0 resv=0 pend=843 blk=0 grant=842[0m
[00:25:14.378,547] [0m<inf> radiant_gate_mpsl: seam: grant=846 nostage=0 prog=846/0 | sigrad=1684 sigt0=1042 isr=1684 end=842 dis=2 term=22 | ramp=846/5 state=0 ev=0x13 rxen saved=0x80000014 cont=0x13f a=0x80000014 p=0x80000014 e=0x80000014 inten=0x00000140[0m
[00:25:14.378,557] [0m<inf> radiant_gate_mpsl: sw: n=842 wipe=0 ramp=842 wipe+ramp=0 rx=840 wipe+rx=0 | started=842 early=0/0us last=2635us | open lead=231us max=258us late=0 glen=4888 cc0=2888[0m
[00:25:14.378,595] [0m<inf> radiant_gate_mpsl: hiend: timer0=840 rel=2 | lasted=2889us max=3485us | dur=2865us max=3463us short=2 | t0arm=31us stale=846[0m
[00:25:14.378,616] [0m<inf> radiant_gate_mpsl: gate: acq=870 in_grant=840/840 placed=868 granted=851 blocked=16 cancel=0 eagain=70 near=0 long=0 ext=198/4 dead=0 | den pend=3 anch=4 dist=0 degen=0 nosess=0 owed=0 | sent grant=1 dead=0 blk=16 supp=842 | end=851 (norm=849 rel=2 idle=0 late=0) | bad over=0 inval=0 unk=0 inl=16 | len=4888/4888 el=3500 skew=6055 brun=0 sig=7 g=0 hw=0 p=1 rel=0 end=1 boot=0 anchor=1 owes=1[0m
[00:25:14.817,907] [0m<inf> radiant_api: SWEEP set=1 steer=0 dwell=198687/260000 adv=1 sweeps=0 win=1 ok=2 searching=0 carrier=255 | chunks=20 preempt=0 missed=0 ebusy=0 rej=0 | pumps=5381 hk=5380 | scan_us=1884000/20 track_us=177248/845 | end ok=0 abrt=4 miss=0 fail=0 deny=23 replan=0[0m
[00:25:15.378,693] [0m<inf> radiant_gate_mpsl: hi: acq=847 den=0 resv=0 pend=847 blk=0 grant=846[0m
[00:25:15.378,704] [0m<inf> radiant_gate_mpsl: seam: grant=850 nostage=0 prog=850/0 | sigrad=1692 sigt0=1046 isr=1692 end=846 dis=2 term=22 | ramp=850/5 state=0 ev=0x13 rxen saved=0x80000014 cont=0x13f a=0x80000014 p=0x80000014 e=0x80000014 inten=0x00000140[0m
[00:25:15.378,713] [0m<inf> radiant_gate_mpsl: sw: n=846 wipe=0 ramp=846 wipe+ramp=0 rx=844 wipe+rx=0 | started=846 early=0/0us last=2635us | open lead=231us max=258us late=0 glen=4888 cc0=2888[0m
[00:25:15.378,754] [0m<inf> radiant_gate_mpsl: hiend: timer0=844 rel=2 | lasted=2889us max=3485us | dur=2866us max=3463us short=2 | t0arm=31us stale=850[0m
[00:25:15.378,772] [0m<inf> radiant_gate_mpsl: gate: acq=874 in_grant=844/844 placed=872 granted=855 blocked=16 cancel=0 eagain=70 near=0 long=0 ext=198/4 dead=0 | den pend=3 anch=4 dist=0 degen=0 nosess=0 owed=0 | sent grant=1 dead=0 blk=16 supp=846 | end=855 (norm=853 rel=2 idle=0 late=0) | bad over=0 inval=0 unk=0 inl=16 | len=4888/4888 el=3500 skew=6055 brun=0 sig=7 g=0 hw=0 p=1 rel=0 end=1 boot=0 anchor=1 owes=1[0m
[00:25:15.866,816] [0m<inf> radiant_api: SWEEP set=1 steer=0 dwell=198687/260000 adv=1 sweeps=0 win=1 ok=2 searching=0 carrier=255 | chunks=20 preempt=0 missed=0 ebusy=0 rej=0 | pumps=5406 hk=5405 | scan_us=1884000/20 track_us=178064/849 | end ok=0 abrt=4 miss=0 fail=0 deny=23 replan=0[0m
[00:25:16.378,848] [0m<inf> radiant_gate_mpsl: hi: acq=851 den=0 resv=0 pend=851 blk=0 grant=850[0m
[00:25:16.378,864] [0m<inf> radiant_gate_mpsl: seam: grant=854 nostage=0 prog=854/0 | sigrad=1700 sigt0=1050 isr=1700 end=850 dis=2 term=22 | ramp=854/5 state=0 ev=0x13 rxen saved=0x80000014 cont=0x13f a=0x80000014 p=0x80000014 e=0x80000014 inten=0x00000140[0m
[00:25:16.378,873] [0m<inf> radiant_gate_mpsl: sw: n=850 wipe=0 ramp=850 wipe+ramp=0 rx=848 wipe+rx=0 | started=850 early=0/0us last=2659us | open lead=206us max=258us late=0 glen=4888 cc0=2888[0m
[00:25:16.378,914] [0m<inf> radiant_gate_mpsl: hiend: timer0=848 rel=2 | lasted=2888us max=3485us | dur=2865us max=3463us short=2 | t0arm=32us stale=854[0m
[00:25:16.378,932] [0m<inf> radiant_gate_mpsl: gate: acq=878 in_grant=848/848 placed=876 granted=859 blocked=16 cancel=0 eagain=70 near=0 long=0 ext=198/4 dead=0 | den pend=3 anch=4 dist=0 degen=0 nosess=0 owed=0 | sent grant=1 dead=0 blk=16 supp=850 | end=859 (norm=857 rel=2 idle=0 late=0) | bad over=0 inval=0 unk=0 inl=16 | len=4888/4888 el=3500 skew=6055 brun=0 sig=7 g=0 hw=0 p=1 rel=0 end=1 boot=0 anchor=1 owes=1[0m
[00:25:16.914,667] [0m<inf> radiant_api: SWEEP set=1 steer=0 dwell=198687/260000 adv=1 sweeps=0 win=1 ok=2 searching=0 carrier=255 | chunks=20 preempt=0 missed=0 ebusy=0 rej=0 | pumps=5431 hk=5430 | scan_us=1884000/20 track_us=179084/854 | end ok=0 abrt=4 miss=0 fail=0 deny=23 replan=0[0m
[00:25:17.378,987] [0m<inf> radiant_gate_mpsl: hi: acq=855 den=0 resv=0 pend=855 blk=0 grant=854[0m
[00:25:17.378,998] [0m<inf> radiant_gate_mpsl: seam: grant=858 nostage=0 prog=858/0 | sigrad=1708 sigt0=1054 isr=1708 end=854 dis=2 term=22 | ramp=858/5 state=0 ev=0x13 rxen saved=0x80000014 cont=0x13f a=0x80000014 p=0x80000014 e=0x80000014 inten=0x00000140[0m
[00:25:17.379,007] [0m<inf> radiant_gate_mpsl: sw: n=854 wipe=0 ramp=854 wipe+ramp=0 rx=852 wipe+rx=0 | started=854 early=0/0us last=2634us | open lead=231us max=258us late=0 glen=4888 cc0=2888[0m
[00:25:17.379,045] [0m<inf> radiant_gate_mpsl: hiend: timer0=852 rel=2 | lasted=2889us max=3485us | dur=2865us max=3463us short=2 | t0arm=32us stale=858[0m
[00:25:17.379,066] [0m<inf> radiant_gate_mpsl: gate: acq=882 in_grant=852/852 placed=880 granted=863 blocked=16 cancel=0 eagain=70 near=0 long=0 ext=198/4 dead=0 | den pend=3 anch=4 dist=0 degen=0 nosess=0 owed=0 | sent grant=1 dead=0 blk=16 supp=854 | end=863 (norm=861 rel=2 idle=0 late=0) | bad over=0 inval=0 unk=0 inl=16 | len=4888/4888 el=3500 skew=6055 brun=0 sig=7 g=0 hw=0 p=1 rel=0 end=1 boot=0 anchor=1 owes=1[0m
[00:25:17.963,679] [0m<inf> radiant_api: SWEEP set=1 steer=0 dwell=198687/260000 adv=1 sweeps=0 win=1 ok=2 searching=0 carrier=255 | chunks=20 preempt=0 missed=0 ebusy=0 rej=0 | pumps=5457 hk=5456 | scan_us=1884000/20 track_us=179900/858 | end ok=0 abrt=4 miss=0 fail=0 deny=23 replan=0[0m
[00:25:18.379,132] [0m<inf> radiant_gate_mpsl: hi: acq=859 den=0 resv=0 pend=859 blk=0 grant=858[0m
[00:25:18.379,143] [0m<inf> radiant_gate_mpsl: seam: grant=862 nostage=0 prog=862/0 | sigrad=1716 sigt0=1058 isr=1716 end=858 dis=2 term=22 | ramp=862/5 state=0 ev=0x13 rxen saved=0x80000014 cont=0x13f a=0x80000014 p=0x80000014 e=0x80000014 inten=0x00000140[0m
[00:25:18.379,152] [0m<inf> radiant_gate_mpsl: sw: n=858 wipe=0 ramp=858 wipe+ramp=0 rx=856 wipe+rx=0 | started=858 early=0/0us last=2635us | open lead=231us max=258us late=0 glen=4888 cc0=2888[0m
[00:25:18.379,193] [0m<inf> radiant_gate_mpsl: hiend: timer0=856 rel=2 | lasted=2889us max=3485us | dur=2865us max=3463us short=2 | t0arm=32us stale=862[0m
[00:25:18.379,211] [0m<inf> radiant_gate_mpsl: gate: acq=886 in_grant=856/856 placed=884 granted=867 blocked=16 cancel=0 eagain=70 near=0 long=0 ext=198/4 dead=0 | den pend=3 anch=4 dist=0 degen=0 nosess=0 owed=0 | sent grant=1 dead=0 blk=16 supp=858 | end=867 (norm=865 rel=2 idle=0 late=0) | bad over=0 inval=0 unk=0 inl=16 | len=4888/4888 el=3500 skew=6055 brun=0 sig=7 g=0 hw=0 p=1 rel=0 end=1 boot=0 anchor=1 owes=1[0m
[00:25:19.012,577] [0m<inf> radiant_api: SWEEP set=1 steer=0 dwell=198687/260000 adv=1 sweeps=0 win=1 ok=2 searching=0 carrier=255 | chunks=20 preempt=0 missed=0 ebusy=0 rej=0 | pumps=5482 hk=5481 | scan_us=1884000/20 track_us=180716/862 | end ok=0 abrt=4 miss=0 fail=0 deny=23 replan=0[0m
[00:25:19.379,297] [0m<inf> radiant_gate_mpsl: hi: acq=863 den=0 resv=0 pend=863 blk=0 grant=862[0m
[00:25:19.379,314] [0m<inf> radiant_gate_mpsl: seam: grant=866 nostage=0 prog=866/0 | sigrad=1724 sigt0=1062 isr=1724 end=862 dis=2 term=22 | ramp=866/5 state=0 ev=0x13 rxen saved=0x80000014 cont=0x13f a=0x80000014 p=0x80000014 e=0x80000014 inten=0x00000140[0m
[00:25:19.379,323] [0m<inf> radiant_gate_mpsl: sw: n=862 wipe=0 ramp=862 wipe+ramp=0 rx=860 wipe+rx=0 | started=862 early=0/0us last=2635us | open lead=230us max=258us late=0 glen=4888 cc0=2888[0m
[00:25:19.379,364] [0m<inf> radiant_gate_mpsl: hiend: timer0=860 rel=2 | lasted=2889us max=3485us | dur=2866us max=3463us short=2 | t0arm=32us stale=866[0m
[00:25:19.379,391] [0m<inf> radiant_gate_mpsl: gate: acq=890 in_grant=860/860 placed=888 granted=871 blocked=16 cancel=0 eagain=71 near=0 long=0 ext=198/4 dead=0 | den pend=3 anch=4 dist=0 degen=0 nosess=0 owed=0 | sent grant=1 dead=0 blk=16 supp=862 | end=871 (norm=869 rel=2 idle=0 late=0) | bad over=0 inval=0 unk=0 inl=16 | len=4888/4888 el=3500 skew=6055 brun=0 sig=7 g=0 hw=0 p=1 rel=0 end=1 boot=0 anchor=1 owes=1[0m
[00:25:20.061,594] [0m<inf> radiant_api: SWEEP set=1 steer=0 dwell=198687/260000 adv=1 sweeps=0 win=1 ok=2 searching=0 carrier=255 | chunks=20 preempt=0 missed=0 ebusy=0 rej=0 | pumps=5507 hk=5506 | scan_us=1884000/20 track_us=181532/866 | end ok=0 abrt=4 miss=0 fail=0 deny=23 replan=0[0m
[00:25:20.379,468] [0m<inf> radiant_gate_mpsl: hi: acq=867 den=0 resv=0 pend=867 blk=0 grant=866[0m
[00:25:20.379,479] [0m<inf> radiant_gate_mpsl: seam: grant=870 nostage=0 prog=870/0 | sigrad=1732 sigt0=1066 isr=1732 end=866 dis=2 term=22 | ramp=870/5 state=0 ev=0x13 rxen saved=0x80000014 cont=0x13f a=0x80000014 p=0x80000014 e=0x80000014 inten=0x00000140[0m
[00:25:20.379,490] [0m<inf> radiant_gate_mpsl: sw: n=866 wipe=0 ramp=866 wipe+ramp=0 rx=864 wipe+rx=0 | started=866 early=0/0us last=2635us | open lead=232us max=258us late=0 glen=4888 cc0=2888[0m
[00:25:20.379,537] [0m<inf> radiant_gate_mpsl: hiend: timer0=864 rel=2 | lasted=2889us max=3485us | dur=2867us max=3463us short=2 | t0arm=30us stale=870[0m
[00:25:20.379,558] [0m<inf> radiant_gate_mpsl: gate: acq=894 in_grant=864/864 placed=892 granted=875 blocked=16 cancel=0 eagain=72 near=0 long=0 ext=198/4 dead=0 | den pend=3 anch=4 dist=0 degen=0 nosess=0 owed=0 | sent grant=1 dead=0 blk=16 supp=866 | end=875 (norm=873 rel=2 idle=0 late=0) | bad over=0 inval=0 unk=0 inl=16 | len=4888/4888 el=3500 skew=6055 brun=0 sig=7 g=0 hw=0 p=1 rel=0 end=1 boot=0 anchor=1 owes=1[0m
[00:25:20.762,309] [0m<inf> thread_coex: thread load: role=2 sent=2200 failed=0 interval=100ms payload=64B[0m
[00:25:20.762,325] [0m<inf> thread_coex: thread lat us: <64=0 64=0 128=2187 256=13 512=0 1k=0 2k=0 4k=0 8k=0 16k=0 32k=0 64k=0 >=128k=0 max=431[0m
[00:25:20.762,334] [0m<inf> thread_coex: thread mac d: tx=200 retry=2 cca=0 abort=0 busy=0 | tot tx=4534 retry=31 cca=0 abort=0 busy=0[0m
[00:25:21.110,448] [0m<inf> radiant_api: SWEEP set=1 steer=0 dwell=198687/260000 adv=1 sweeps=0 win=1 ok=2 searching=0 carrier=255 | chunks=20 preempt=0 missed=0 ebusy=0 rej=0 | pumps=5532 hk=5531 | scan_us=1884000/20 track_us=182348/870 | end ok=0 abrt=4 miss=0 fail=0 deny=23 replan=0[0m
[00:25:21.379,638] [0m<inf> radiant_gate_mpsl: hi: acq=871 den=0 resv=0 pend=871 blk=0 grant=870[0m
[00:25:21.379,650] [0m<inf> radiant_gate_mpsl: seam: grant=874 nostage=0 prog=874/0 | sigrad=1740 sigt0=1070 isr=1740 end=870 dis=2 term=22 | ramp=874/5 state=0 ev=0x13 rxen saved=0x80000014 cont=0x13f a=0x80000014 p=0x80000014 e=0x80000014 inten=0x00000140[0m
[00:25:21.379,666] [0m<inf> radiant_gate_mpsl: sw: n=870 wipe=0 ramp=870 wipe+ramp=0 rx=868 wipe+rx=0 | started=870 early=0/0us last=2635us | open lead=231us max=258us late=0 glen=4888 cc0=2888[0m
[00:25:21.379,709] [0m<inf> radiant_gate_mpsl: hiend: timer0=868 rel=2 | lasted=2889us max=3485us | dur=2866us max=3463us short=2 | t0arm=31us stale=874[0m
[00:25:21.379,727] [0m<inf> radiant_gate_mpsl: gate: acq=898 in_grant=868/868 placed=896 granted=879 blocked=16 cancel=0 eagain=72 near=0 long=0 ext=198/4 dead=0 | den pend=3 anch=4 dist=0 degen=0 nosess=0 owed=0 | sent grant=1 dead=0 blk=16 supp=870 | end=879 (norm=877 rel=2 idle=0 late=0) | bad over=0 inval=0 unk=0 inl=16 | len=4888/4888 el=3500 skew=6055 brun=0 sig=7 g=0 hw=0 p=1 rel=0 end=1 boot=0 anchor=1 owes=1[0m
[00:25:22.158,311] [0m<inf> radiant_api: SWEEP set=1 steer=0 dwell=198687/260000 adv=1 sweeps=0 win=1 ok=2 searching=0 carrier=255 | chunks=20 preempt=0 missed=0 ebusy=0 rej=0 | pumps=5557 hk=5556 | scan_us=1884000/20 track_us=183368/875 | end ok=0 abrt=4 miss=0 fail=0 deny=23 replan=0[0m
[00:25:22.379,800] [0m<inf> radiant_gate_mpsl: hi: acq=875 den=0 resv=0 pend=875 blk=0 grant=874[0m
[00:25:22.379,812] [0m<inf> radiant_gate_mpsl: seam: grant=878 nostage=0 prog=878/0 | sigrad=1748 sigt0=1074 isr=1748 end=874 dis=2 term=22 | ramp=878/5 state=0 ev=0x13 rxen saved=0x80000014 cont=0x13f a=0x80000014 p=0x80000014 e=0x80000014 inten=0x00000140[0m
[00:25:22.379,828] [0m<inf> radiant_gate_mpsl: sw: n=874 wipe=0 ramp=874 wipe+ramp=0 rx=872 wipe+rx=0 | started=874 early=0/0us last=2634us | open lead=233us max=258us late=0 glen=4888 cc0=2888[0m
[00:25:22.379,871] [0m<inf> radiant_gate_mpsl: hiend: timer0=872 rel=2 | lasted=2889us max=3485us | dur=2866us max=3463us short=2 | t0arm=30us stale=878[0m
[00:25:22.379,889] [0m<inf> radiant_gate_mpsl: gate: acq=902 in_grant=872/872 placed=900 granted=883 blocked=16 cancel=0 eagain=72 near=0 long=0 ext=198/4 dead=0 | den pend=3 anch=4 dist=0 degen=0 nosess=0 owed=0 | sent grant=1 dead=0 blk=16 supp=874 | end=883 (norm=881 rel=2 idle=0 late=0) | bad over=0 inval=0 unk=0 inl=16 | len=4888/4888 el=3500 skew=6055 brun=0 sig=7 g=0 hw=0 p=1 rel=0 end=1 boot=0 anchor=1 owes=1[0m
[00:25:23.207,263] [0m<inf> radiant_api: SWEEP set=1 steer=0 dwell=198687/260000 adv=1 sweeps=0 win=1 ok=2 searching=0 carrier=255 | chunks=20 preempt=0 missed=0 ebusy=0 rej=0 | pumps=5583 hk=5582 | scan_us=1884000/20 track_us=184184/879 | end ok=0 abrt=4 miss=0 fail=0 deny=23 replan=0[0m
[00:25:23.379,975] [0m<inf> radiant_gate_mpsl: hi: acq=879 den=0 resv=0 pend=879 blk=0 grant=878[0m
[00:25:23.379,992] [0m<inf> radiant_gate_mpsl: seam: grant=882 nostage=0 prog=882/0 | sigrad=1756 sigt0=1078 isr=1756 end=878 dis=2 term=22 | ramp=882/5 state=0 ev=0x13 rxen saved=0x80000014 cont=0x13f a=0x80000014 p=0x80000014 e=0x80000014 inten=0x00000140[0m
[00:25:23.380,001] [0m<inf> radiant_gate_mpsl: sw: n=878 wipe=0 ramp=878 wipe+ramp=0 rx=876 wipe+rx=0 | started=878 early=0/0us last=2635us | open lead=231us max=258us late=0 glen=4888 cc0=2888[0m
[00:25:23.380,042] [0m<inf> radiant_gate_mpsl: hiend: timer0=876 rel=2 | lasted=2889us max=3485us | dur=2867us max=3463us short=2 | t0arm=30us stale=882[0m
[00:25:23.380,069] [0m<inf> radiant_gate_mpsl: gate: acq=906 in_grant=876/876 placed=904 granted=887 blocked=16 cancel=0 eagain=72 near=0 long=0 ext=198/4 dead=0 | den pend=3 anch=4 dist=0 degen=0 nosess=0 owed=0 | sent grant=1 dead=0 blk=16 supp=878 | end=887 (norm=885 rel=2 idle=0 late=0) | bad over=0 inval=0 unk=0 inl=16 | len=4888/4888 el=3500 skew=6055 brun=0 sig=7 g=0 hw=0 p=1 rel=0 end=1 boot=0 anchor=1 owes=1[0m
[00:25:24.256,206] [0m<inf> radiant_api: SWEEP set=1 steer=0 dwell=198687/260000 adv=1 sweeps=0 win=1 ok=2 searching=0 carrier=255 | chunks=20 preempt=0 missed=0 ebusy=0 rej=0 | pumps=5608 hk=5607 | scan_us=1884000/20 track_us=185000/883 | end ok=0 abrt=4 miss=0 fail=0 deny=23 replan=0[0m
[00:25:24.380,142] [0m<inf> radiant_gate_mpsl: hi: acq=883 den=0 resv=0 pend=883 blk=0 grant=882[0m
[00:25:24.380,153] [0m<inf> radiant_gate_mpsl: seam: grant=886 nostage=0 prog=886/0 | sigrad=1764 sigt0=1082 isr=1764 end=882 dis=2 term=22 | ramp=886/5 state=0 ev=0x13 rxen saved=0x80000014 cont=0x13f a=0x80000014 p=0x80000014 e=0x80000014 inten=0x00000140[0m
[00:25:24.380,162] [0m<inf> radiant_gate_mpsl: sw: n=882 wipe=0 ramp=882 wipe+ramp=0 rx=880 wipe+rx=0 | started=882 early=0/0us last=2635us | open lead=231us max=258us late=0 glen=4888 cc0=2888[0m
[00:25:24.380,210] [0m<inf> radiant_gate_mpsl: hiend: timer0=880 rel=2 | lasted=2890us max=3485us | dur=2867us max=3463us short=2 | t0arm=30us stale=886[0m
[00:25:24.380,231] [0m<inf> radiant_gate_mpsl: gate: acq=910 in_grant=880/880 placed=908 granted=891 blocked=16 cancel=0 eagain=72 near=0 long=0 ext=198/4 dead=0 | den pend=3 anch=4 dist=0 degen=0 nosess=0 owed=0 | sent grant=1 dead=0 blk=16 supp=882 | end=891 (norm=889 rel=2 idle=0 late=0) | bad over=0 inval=0 unk=0 inl=16 | len=4888/4888 el=3500 skew=6055 brun=0 sig=7 g=0 hw=0 p=1 rel=0 end=1 boot=0 anchor=1 owes=1[0m
[00:25:25.305,109] [0m<inf> radiant_api: SWEEP set=1 steer=0 dwell=198687/260000 adv=1 sweeps=0 win=1 ok=2 searching=0 carrier=255 | chunks=20 preempt=0 missed=0 ebusy=0 rej=0 | pumps=5633 hk=5632 | scan_us=1884000/20 track_us=185816/887 | end ok=0 abrt=4 miss=0 fail=0 deny=23 replan=0[0m
[00:25:25.380,298] [0m<inf> radiant_gate_mpsl: hi: acq=887 den=0 resv=0 pend=887 blk=0 grant=886[0m
[00:25:25.380,310] [0m<inf> radiant_gate_mpsl: seam: grant=890 nostage=0 prog=890/0 | sigrad=1772 sigt0=1086 isr=1772 end=886 dis=2 term=22 | ramp=890/5 state=0 ev=0x13 rxen saved=0x80000014 cont=0x13f a=0x80000014 p=0x80000014 e=0x80000014 inten=0x00000140[0m
[00:25:25.380,318] [0m<inf> radiant_gate_mpsl: sw: n=886 wipe=0 ramp=886 wipe+ramp=0 rx=884 wipe+rx=0 | started=886 early=0/0us last=2635us | open lead=232us max=258us late=0 glen=4888 cc0=2888[0m
[00:25:25.380,369] [0m<inf> radiant_gate_mpsl: hiend: timer0=884 rel=2 | lasted=2889us max=3485us | dur=2866us max=3463us short=2 | t0arm=30us stale=890[0m
[00:25:25.380,387] [0m<inf> radiant_gate_mpsl: gate: acq=914 in_grant=884/884 placed=912 granted=895 blocked=16 cancel=0 eagain=72 near=0 long=0 ext=198/4 dead=0 | den pend=3 anch=4 dist=0 degen=0 nosess=0 owed=0 | sent grant=1 dead=0 blk=16 supp=886 | end=895 (norm=893 rel=2 idle=0 late=0) | bad over=0 inval=0 unk=0 inl=16 | len=4888/4888 el=3500 skew=6055 brun=0 sig=7 g=0 hw=0 p=1 rel=0 end=1 boot=0 anchor=1 owes=1[0m
[00:25:26.354,092] [0m<inf> radiant_api: SWEEP set=1 steer=0 dwell=198687/260000 adv=1 sweeps=0 win=1 ok=2 searching=0 carrier=255 | chunks=20 preempt=0 missed=0 ebusy=0 rej=0 | pumps=5658 hk=5657 | scan_us=1884000/20 track_us=186632/891 | end ok=0 abrt=4 miss=0 fail=0 deny=23 replan=0[0m
[00:25:26.380,484] [0m<inf> radiant_gate_mpsl: hi: acq=891 den=0 resv=0 pend=891 blk=0 grant=890[0m
[00:25:26.380,495] [0m<inf> radiant_gate_mpsl: seam: grant=894 nostage=0 prog=894/0 | sigrad=1780 sigt0=1090 isr=1780 end=890 dis=2 term=22 | ramp=894/5 state=0 ev=0x13 rxen saved=0x80000014 cont=0x13f a=0x80000014 p=0x80000014 e=0x80000014 inten=0x00000140[0m
[00:25:26.380,504] [0m<inf> radiant_gate_mpsl: sw: n=890 wipe=0 ramp=890 wipe+ramp=0 rx=888 wipe+rx=0 | started=890 early=0/0us last=2635us | open lead=231us max=258us late=0 glen=4888 cc0=2888[0m
[00:25:26.380,541] [0m<inf> radiant_gate_mpsl: hiend: timer0=888 rel=2 | lasted=2889us max=3485us | dur=2867us max=3463us short=2 | t0arm=30us stale=894[0m
[00:25:26.380,560] [0m<inf> radiant_gate_mpsl: gate: acq=918 in_grant=888/888 placed=916 granted=899 blocked=16 cancel=0 eagain=72 near=0 long=0 ext=198/4 dead=0 | den pend=3 anch=4 dist=0 degen=0 nosess=0 owed=0 | sent grant=1 dead=0 blk=16 supp=890 | end=899 (norm=897 rel=2 idle=0 late=0) | bad over=0 inval=0 unk=0 inl=16 | len=4888/4888 el=3500 skew=6055 brun=0 sig=7 g=0 hw=0 p=1 rel=0 end=1 boot=0 anchor=1 owes=1[0m
[00:25:27.380,611] [0m<inf> radiant_gate_mpsl: hi: acq=895 den=0 resv=0 pend=895 blk=0 grant=894[0m
[00:25:27.380,628] [0m<inf> radiant_gate_mpsl: seam: grant=898 nostage=0 prog=898/0 | sigrad=1788 sigt0=1094 isr=1788 end=894 dis=2 term=22 | ramp=898/5 state=0 ev=0x13 rxen saved=0x80000014 cont=0x13f a=0x80000014 p=0x80000014 e=0x80000014 inten=0x00000140[0m
[00:25:27.380,637] [0m<inf> radiant_gate_mpsl: sw: n=894 wipe=0 ramp=894 wipe+ramp=0 rx=892 wipe+rx=0 | started=894 early=0/0us last=2635us | open lead=232us max=258us late=0 glen=4888 cc0=2888[0m
[00:25:27.380,687] [0m<inf> radiant_gate_mpsl: hiend: timer0=892 rel=2 | lasted=2889us max=3485us | dur=2866us max=3463us short=2 | t0arm=30us stale=898[0m
[00:25:27.380,706] [0m<inf> radiant_gate_mpsl: gate: acq=922 in_grant=892/892 placed=920 granted=903 blocked=16 cancel=0 eagain=72 near=0 long=0 ext=198/4 dead=0 | den pend=3 anch=4 dist=0 degen=0 nosess=0 owed=0 | sent grant=1 dead=0 blk=16 supp=894 | end=903 (norm=901 rel=2 idle=0 late=0) | bad over=0 inval=0 unk=0 inl=16 | len=4888/4888 el=3500 skew=6055 brun=0 sig=7 g=0 hw=0 p=1 rel=0 end=1 boot=0 anchor=1 owes=1[0m
[00:25:27.402,067] [0m<inf> radiant_api: SWEEP set=1 steer=0 dwell=198687/260000 adv=1 sweeps=0 win=1 ok=2 searching=0 carrier=255 | chunks=20 preempt=0 missed=0 ebusy=0 rej=0 | pumps=5683 hk=5682 | scan_us=1884000/20 track_us=187652/896 | end ok=0 abrt=4 miss=0 fail=0 deny=23 replan=0[0m
[00:25:28.381,098] [0m<inf> radiant_gate_mpsl: hi: acq=899 den=0 resv=0 pend=899 blk=0 grant=898[0m
[00:25:28.381,110] [0m<inf> radiant_gate_mpsl: seam: grant=902 nostage=0 prog=902/0 | sigrad=1796 sigt0=1098 isr=1796 end=898 dis=2 term=22 | ramp=902/5 state=0 ev=0x13 rxen saved=0x80000014 cont=0x13f a=0x80000014 p=0x80000014 e=0x80000014 inten=0x00000140[0m
[00:25:28.381,118] [0m<inf> radiant_gate_mpsl: sw: n=898 wipe=0 ramp=898 wipe+ramp=0 rx=896 wipe+rx=0 | started=898 early=0/0us last=2635us | open lead=231us max=258us late=0 glen=4888 cc0=2888[0m
[00:25:28.381,159] [0m<inf> radiant_gate_mpsl: hiend: timer0=896 rel=2 | lasted=2889us max=3485us | dur=2866us max=3463us short=2 | t0arm=31us stale=902[0m
[00:25:28.381,180] [0m<inf> radiant_gate_mpsl: gate: acq=926 in_grant=896/896 placed=924 granted=907 blocked=16 cancel=0 eagain=73 near=0 long=0 ext=198/4 dead=0 | den pend=3 anch=4 dist=0 degen=0 nosess=0 owed=0 | sent grant=1 dead=0 blk=16 supp=898 | end=907 (norm=905 rel=2 idle=0 late=0) | bad over=0 inval=0 unk=0 inl=16 | len=4888/4888 el=3500 skew=6055 brun=0 sig=7 g=0 hw=0 p=1 rel=0 end=1 boot=0 anchor=1 owes=1[0m
[00:25:28.448,862] [0m<inf> radiant_api: SWEEP set=1 steer=0 dwell=198687/260000 adv=1 sweeps=0 win=1 ok=2 searching=0 carrier=255 | chunks=20 preempt=0 missed=0 ebusy=0 rej=0 | pumps=5709 hk=5708 | scan_us=1884000/20 track_us=188468/900 | end ok=0 abrt=4 miss=0 fail=0 deny=23 replan=0[0m
[00:25:29.381,262] [0m<inf> radiant_gate_mpsl: hi: acq=903 den=0 resv=0 pend=903 blk=0 grant=902[0m
[00:25:29.381,278] [0m<inf> radiant_gate_mpsl: seam: grant=906 nostage=0 prog=906/0 | sigrad=1804 sigt0=1102 isr=1804 end=902 dis=2 term=22 | ramp=906/5 state=0 ev=0x13 rxen saved=0x80000014 cont=0x13f a=0x80000014 p=0x80000014 e=0x80000014 inten=0x00000140[0m
[00:25:29.381,294] [0m<inf> radiant_gate_mpsl: sw: n=902 wipe=0 ramp=902 wipe+ramp=0 rx=900 wipe+rx=0 | started=902 early=0/0us last=2635us | open lead=230us max=258us late=0 glen=4888 cc0=2888[0m
[00:25:29.381,337] [0m<inf> radiant_gate_mpsl: hiend: timer0=900 rel=2 | lasted=2889us max=3485us | dur=2866us max=3463us short=2 | t0arm=31us stale=906[0m
[00:25:29.381,355] [0m<inf> radiant_gate_mpsl: gate: acq=930 in_grant=900/900 placed=928 granted=911 blocked=16 cancel=0 eagain=75 near=0 long=0 ext=198/4 dead=0 | den pend=3 anch=4 dist=0 degen=0 nosess=0 owed=0 | sent grant=1 dead=0 blk=16 supp=902 | end=911 (norm=909 rel=2 idle=0 late=0) | bad over=0 inval=0 unk=0 inl=16 | len=4888/4888 el=3500 skew=6055 brun=0 sig=7 g=0 hw=0 p=1 rel=0 end=1 boot=0 anchor=1 owes=1[0m
[00:25:29.449,640] [0m<inf> radiant_api: SWEEP set=1 steer=0 dwell=198687/260000 adv=1 sweeps=0 win=1 ok=2 searching=0 carrier=255 | chunks=20 preempt=0 missed=0 ebusy=0 rej=0 | pumps=5733 hk=5732 | scan_us=1884000/20 track_us=189284/904 | end ok=0 abrt=4 miss=0 fail=0 deny=23 replan=0[0m
[00:25:30.381,424] [0m<inf> radiant_gate_mpsl: hi: acq=907 den=0 resv=0 pend=907 blk=0 grant=906[0m
[00:25:30.381,435] [0m<inf> radiant_gate_mpsl: seam: grant=910 nostage=0 prog=910/0 | sigrad=1812 sigt0=1106 isr=1812 end=906 dis=2 term=22 | ramp=910/5 state=0 ev=0x13 rxen saved=0x80000014 cont=0x13f a=0x80000014 p=0x80000014 e=0x80000014 inten=0x00000140[0m
[00:25:30.381,444] [0m<inf> radiant_gate_mpsl: sw: n=906 wipe=0 ramp=906 wipe+ramp=0 rx=904 wipe+rx=0 | started=906 early=0/0us last=2635us | open lead=231us max=258us late=0 glen=4888 cc0=2888[0m
[00:25:30.381,482] [0m<inf> radiant_gate_mpsl: hiend: timer0=904 rel=2 | lasted=2889us max=3485us | dur=2865us max=3463us short=2 | t0arm=31us stale=910[0m
[00:25:30.381,514] [0m<inf> radiant_gate_mpsl: gate: acq=934 in_grant=904/904 placed=932 granted=915 blocked=16 cancel=0 eagain=76 near=0 long=0 ext=198/4 dead=0 | den pend=3 anch=4 dist=0 degen=0 nosess=0 owed=0 | sent grant=1 dead=0 blk=16 supp=906 | end=915 (norm=913 rel=2 idle=0 late=0) | bad over=0 inval=0 unk=0 inl=16 | len=4888/4888 el=3500 skew=6055 brun=0 sig=7 g=0 hw=0 p=1 rel=0 end=1 boot=0 anchor=1 owes=1[0m
[00:25:30.498,621] [0m<inf> radiant_api: SWEEP set=1 steer=0 dwell=198687/260000 adv=1 sweeps=0 win=1 ok=2 searching=0 carrier=255 | chunks=20 preempt=0 missed=0 ebusy=0 rej=0 | pumps=5758 hk=5757 | scan_us=1884000/20 track_us=190100/908 | end ok=0 abrt=4 miss=0 fail=0 deny=23 replan=0[0m
[00:25:30.785,988] [0m<inf> thread_coex: thread load: role=2 sent=2300 failed=0 interval=100ms payload=64B[0m
[00:25:30.786,004] [0m<inf> thread_coex: thread lat us: <64=0 64=0 128=2287 256=13 512=0 1k=0 2k=0 4k=0 8k=0 16k=0 32k=0 64k=0 >=128k=0 max=431[0m
[00:25:30.786,012] [0m<inf> thread_coex: thread mac d: tx=200 retry=0 cca=0 abort=0 busy=0 | tot tx=4734 retry=31 cca=0 abort=0 busy=0[0m
[00:25:31.381,599] [0m<inf> radiant_gate_mpsl: hi: acq=911 den=0 resv=0 pend=911 blk=0 grant=910[0m
[00:25:31.381,610] [0m<inf> radiant_gate_mpsl: seam: grant=914 nostage=0 prog=914/0 | sigrad=1820 sigt0=1110 isr=1820 end=910 dis=2 term=22 | ramp=914/5 state=0 ev=0x13 rxen saved=0x80000014 cont=0x13f a=0x80000014 p=0x80000014 e=0x80000014 inten=0x00000140[0m
[00:25:31.381,619] [0m<inf> radiant_gate_mpsl: sw: n=910 wipe=0 ramp=910 wipe+ramp=0 rx=908 wipe+rx=0 | started=910 early=0/0us last=2634us | open lead=231us max=258us late=0 glen=4888 cc0=2888[0m
[00:25:31.381,669] [0m<inf> radiant_gate_mpsl: hiend: timer0=908 rel=2 | lasted=2889us max=3485us | dur=2866us max=3463us short=2 | t0arm=31us stale=914[0m
[00:25:31.381,688] [0m<inf> radiant_gate_mpsl: gate: acq=938 in_grant=908/908 placed=936 granted=919 blocked=16 cancel=0 eagain=76 near=0 long=0 ext=198/4 dead=0 | den pend=3 anch=4 dist=0 degen=0 nosess=0 owed=0 | sent grant=1 dead=0 blk=16 supp=910 | end=919 (norm=917 rel=2 idle=0 late=0) | bad over=0 inval=0 unk=0 inl=16 | len=4888/4888 el=3500 skew=6055 brun=0 sig=7 g=0 hw=0 p=1 rel=0 end=1 boot=0 anchor=1 owes=1[0m
[00:25:31.547,674] [0m<inf> radiant_api: SWEEP set=1 steer=0 dwell=198687/260000 adv=1 sweeps=0 win=1 ok=2 searching=0 carrier=255 | chunks=20 preempt=0 missed=0 ebusy=0 rej=0 | pumps=5783 hk=5782 | scan_us=1884000/20 track_us=190916/912 | end ok=0 abrt=4 miss=0 fail=0 deny=23 replan=0[0m
[00:25:32.381,763] [0m<inf> radiant_gate_mpsl: hi: acq=915 den=0 resv=0 pend=915 blk=0 grant=914[0m
[00:25:32.381,780] [0m<inf> radiant_gate_mpsl: seam: grant=918 nostage=0 prog=918/0 | sigrad=1828 sigt0=1114 isr=1828 end=914 dis=2 term=22 | ramp=918/5 state=0 ev=0x13 rxen saved=0x80000014 cont=0x13f a=0x80000014 p=0x80000014 e=0x80000014 inten=0x00000140[0m
[00:25:32.381,796] [0m<inf> radiant_gate_mpsl: sw: n=914 wipe=0 ramp=914 wipe+ramp=0 rx=912 wipe+rx=0 | started=914 early=0/0us last=2634us | open lead=231us max=258us late=0 glen=4888 cc0=2888[0m
[00:25:32.381,838] [0m<inf> radiant_gate_mpsl: hiend: timer0=912 rel=2 | lasted=2889us max=3485us | dur=2866us max=3463us short=2 | t0arm=31us stale=918[0m
[00:25:32.381,856] [0m<inf> radiant_gate_mpsl: gate: acq=942 in_grant=912/912 placed=940 granted=923 blocked=16 cancel=0 eagain=76 near=0 long=0 ext=198/4 dead=0 | den pend=3 anch=4 dist=0 degen=0 nosess=0 owed=0 | sent grant=1 dead=0 blk=16 supp=914 | end=923 (norm=921 rel=2 idle=0 late=0) | bad over=0 inval=0 unk=0 inl=16 | len=4888/4888 el=3500 skew=6055 brun=0 sig=7 g=0 hw=0 p=1 rel=0 end=1 boot=0 anchor=1 owes=1[0m
[00:25:32.596,624] [0m<inf> radiant_api: SWEEP set=1 steer=0 dwell=198687/260000 adv=1 sweeps=0 win=1 ok=2 searching=0 carrier=255 | chunks=20 preempt=0 missed=0 ebusy=0 rej=0 | pumps=5808 hk=5807 | scan_us=1884000/20 track_us=191732/916 | end ok=0 abrt=4 miss=0 fail=0 deny=23 replan=0[0m
[00:25:33.381,944] [0m<inf> radiant_gate_mpsl: hi: acq=919 den=0 resv=0 pend=919 blk=0 grant=918[0m
[00:25:33.381,955] [0m<inf> radiant_gate_mpsl: seam: grant=922 nostage=0 prog=922/0 | sigrad=1836 sigt0=1118 isr=1836 end=918 dis=2 term=22 | ramp=922/5 state=0 ev=0x13 rxen saved=0x80000014 cont=0x13f a=0x80000014 p=0x80000014 e=0x80000014 inten=0x00000140[0m
[00:25:33.381,964] [0m<inf> radiant_gate_mpsl: sw: n=918 wipe=0 ramp=918 wipe+ramp=0 rx=916 wipe+rx=0 | started=918 early=0/0us last=2635us | open lead=231us max=258us late=0 glen=4888 cc0=2888[0m
[00:25:33.382,012] [0m<inf> radiant_gate_mpsl: hiend: timer0=916 rel=2 | lasted=2889us max=3485us | dur=2866us max=3463us short=2 | t0arm=31us stale=922[0m
[00:25:33.382,033] [0m<inf> radiant_gate_mpsl: gate: acq=946 in_grant=916/916 placed=944 granted=927 blocked=16 cancel=0 eagain=76 near=0 long=0 ext=198/4 dead=0 | den pend=3 anch=4 dist=0 degen=0 nosess=0 owed=0 | sent grant=1 dead=0 blk=16 supp=918 | end=927 (norm=925 rel=2 idle=0 late=0) | bad over=0 inval=0 unk=0 inl=16 | len=4888/4888 el=3500 skew=6055 brun=0 sig=7 g=0 hw=0 p=1 rel=0 end=1 boot=0 anchor=1 owes=1[0m
[00:25:33.644,371] [0m<inf> radiant_api: SWEEP set=1 steer=0 dwell=198687/260000 adv=1 sweeps=0 win=1 ok=2 searching=0 carrier=255 | chunks=20 preempt=0 missed=0 ebusy=0 rej=0 | pumps=5833 hk=5832 | scan_us=1884000/20 track_us=192752/921 | end ok=0 abrt=4 miss=0 fail=0 deny=23 replan=0[0m
[00:25:34.382,093] [0m<inf> radiant_gate_mpsl: hi: acq=923 den=0 resv=0 pend=923 blk=0 grant=922[0m
[00:25:34.382,104] [0m<inf> radiant_gate_mpsl: seam: grant=926 nostage=0 prog=926/0 | sigrad=1844 sigt0=1122 isr=1844 end=922 dis=2 term=22 | ramp=926/5 state=0 ev=0x13 rxen saved=0x80000014 cont=0x13f a=0x80000014 p=0x80000014 e=0x80000014 inten=0x00000140[0m
[00:25:34.382,113] [0m<inf> radiant_gate_mpsl: sw: n=922 wipe=0 ramp=922 wipe+ramp=0 rx=920 wipe+rx=0 | started=922 early=0/0us last=2635us | open lead=230us max=258us late=0 glen=4888 cc0=2888[0m
[00:25:34.382,163] [0m<inf> radiant_gate_mpsl: hiend: timer0=920 rel=2 | lasted=2889us max=3485us | dur=2866us max=3463us short=2 | t0arm=31us stale=926[0m
[00:25:34.382,182] [0m<inf> radiant_gate_mpsl: gate: acq=950 in_grant=920/920 placed=948 granted=931 blocked=16 cancel=0 eagain=78 near=0 long=0 ext=198/4 dead=0 | den pend=3 anch=4 dist=0 degen=0 nosess=0 owed=0 | sent grant=1 dead=0 blk=16 supp=922 | end=931 (norm=929 rel=2 idle=0 late=0) | bad over=0 inval=0 unk=0 inl=16 | len=4888/4888 el=3500 skew=6055 brun=0 sig=7 g=0 hw=0 p=1 rel=0 end=1 boot=0 anchor=1 owes=1[0m
[00:25:34.693,306] [0m<inf> radiant_api: SWEEP set=1 steer=0 dwell=198687/260000 adv=1 sweeps=0 win=1 ok=2 searching=0 carrier=255 | chunks=20 preempt=0 missed=0 ebusy=0 rej=0 | pumps=5859 hk=5858 | scan_us=1884000/20 track_us=193568/925 | end ok=0 abrt=4 miss=0 fail=0 deny=23 replan=0[0m
[00:25:35.382,256] [0m<inf> radiant_gate_mpsl: hi: acq=927 den=0 resv=0 pend=927 blk=0 grant=926[0m
[00:25:35.382,272] [0m<inf> radiant_gate_mpsl: seam: grant=930 nostage=0 prog=930/0 | sigrad=1852 sigt0=1126 isr=1852 end=926 dis=2 term=22 | ramp=930/5 state=0 ev=0x13 rxen saved=0x80000014 cont=0x13f a=0x80000014 p=0x80000014 e=0x80000014 inten=0x00000140[0m
[00:25:35.382,288] [0m<inf> radiant_gate_mpsl: sw: n=926 wipe=0 ramp=926 wipe+ramp=0 rx=924 wipe+rx=0 | started=926 early=0/0us last=2635us | open lead=231us max=258us late=0 glen=4888 cc0=2888[0m
[00:25:35.382,331] [0m<inf> radiant_gate_mpsl: hiend: timer0=924 rel=2 | lasted=2889us max=3485us | dur=2865us max=3463us short=2 | t0arm=31us stale=930[0m
[00:25:35.382,349] [0m<inf> radiant_gate_mpsl: gate: acq=954 in_grant=924/924 placed=952 granted=935 blocked=16 cancel=0 eagain=78 near=0 long=0 ext=198/4 dead=0 | den pend=3 anch=4 dist=0 degen=0 nosess=0 owed=0 | sent grant=1 dead=0 blk=16 supp=926 | end=935 (norm=933 rel=2 idle=0 late=0) | bad over=0 inval=0 unk=0 inl=16 | len=4888/4888 el=3500 skew=6055 brun=0 sig=7 g=0 hw=0 p=1 rel=0 end=1 boot=0 anchor=1 owes=1[0m
[00:25:35.742,291] [0m<inf> radiant_api: SWEEP set=1 steer=0 dwell=198687/260000 adv=1 sweeps=0 win=1 ok=2 searching=0 carrier=255 | chunks=20 preempt=0 missed=0 ebusy=0 rej=0 | pumps=5884 hk=5883 | scan_us=1884000/20 track_us=194384/929 | end ok=0 abrt=4 miss=0 fail=0 deny=23 replan=0[0m
[00:25:36.382,405] [0m<inf> radiant_gate_mpsl: hi: acq=931 den=0 resv=0 pend=931 blk=0 grant=930[0m
[00:25:36.382,416] [0m<inf> radiant_gate_mpsl: seam: grant=934 nostage=0 prog=934/0 | sigrad=1860 sigt0=1130 isr=1860 end=930 dis=2 term=22 | ramp=934/5 state=0 ev=0x13 rxen saved=0x80000014 cont=0x13f a=0x80000014 p=0x80000014 e=0x80000014 inten=0x00000140[0m
[00:25:36.382,425] [0m<inf> radiant_gate_mpsl: sw: n=930 wipe=0 ramp=930 wipe+ramp=0 rx=928 wipe+rx=0 | started=930 early=0/0us last=2634us | open lead=231us max=258us late=0 glen=4888 cc0=2888[0m
[00:25:36.382,463] [0m<inf> radiant_gate_mpsl: hiend: timer0=928 rel=2 | lasted=2889us max=3485us | dur=2866us max=3463us short=2 | t0arm=31us stale=934[0m
[00:25:36.382,494] [0m<inf> radiant_gate_mpsl: gate: acq=958 in_grant=928/928 placed=956 granted=939 blocked=16 cancel=0 eagain=78 near=0 long=0 ext=198/4 dead=0 | den pend=3 anch=4 dist=0 degen=0 nosess=0 owed=0 | sent grant=1 dead=0 blk=16 supp=930 | end=939 (norm=937 rel=2 idle=0 late=0) | bad over=0 inval=0 unk=0 inl=16 | len=4888/4888 el=3500 skew=6055 brun=0 sig=7 g=0 hw=0 p=1 rel=0 end=1 boot=0 anchor=1 owes=1[0m
[00:25:36.789,106] [0m<inf> radiant_api: SWEEP set=1 steer=0 dwell=198687/260000 adv=1 sweeps=0 win=1 ok=2 searching=0 carrier=255 | chunks=20 preempt=0 missed=0 ebusy=0 rej=0 | pumps=5909 hk=5908 | scan_us=1884000/20 track_us=195250/933 | end ok=0 abrt=4 miss=0 fail=0 deny=23 replan=0[0m
[00:25:37.382,581] [0m<inf> radiant_gate_mpsl: hi: acq=935 den=0 resv=0 pend=935 blk=0 grant=934[0m
[00:25:37.382,592] [0m<inf> radiant_gate_mpsl: seam: grant=938 nostage=0 prog=938/0 | sigrad=1867 sigt0=1133 isr=1867 end=933 dis=3 term=23 | ramp=938/5 state=0 ev=0x13 rxen saved=0x80000014 cont=0x13f a=0x80000014 p=0x80000014 e=0x80000014 inten=0x00000140[0m
[00:25:37.382,601] [0m<inf> radiant_gate_mpsl: sw: n=934 wipe=0 ramp=934 wipe+ramp=0 rx=931 wipe+rx=0 | started=934 early=0/0us last=2635us | open lead=230us max=258us late=0 glen=4888 cc0=2888[0m
[00:25:37.382,651] [0m<inf> radiant_gate_mpsl: hiend: timer0=931 rel=3 | lasted=2889us max=3485us | dur=2866us max=3463us short=3 | t0arm=31us stale=938[0m
[00:25:37.382,669] [0m<inf> radiant_gate_mpsl: gate: acq=962 in_grant=931/931 placed=960 granted=943 blocked=16 cancel=0 eagain=78 near=0 long=0 ext=198/4 dead=0 | den pend=3 anch=4 dist=0 degen=0 nosess=0 owed=0 | sent grant=1 dead=0 blk=16 supp=934 | end=943 (norm=940 rel=3 idle=0 late=0) | bad over=0 inval=0 unk=0 inl=16 | len=4888/4888 el=3500 skew=6055 brun=0 sig=7 g=0 hw=0 p=1 rel=0 end=1 boot=0 anchor=1 owes=1[0m
[00:25:37.789,986] [0m<inf> radiant_api: SWEEP set=1 steer=0 dwell=198687/260000 adv=1 sweeps=0 win=1 ok=2 searching=0 carrier=255 | chunks=20 preempt=0 missed=0 ebusy=0 rej=0 | pumps=5933 hk=5932 | scan_us=1884000/20 track_us=196066/937 | end ok=0 abrt=4 miss=0 fail=0 deny=23 replan=0[0m
[00:25:38.382,743] [0m<inf> radiant_gate_mpsl: hi: acq=939 den=0 resv=0 pend=939 blk=0 grant=938[0m
[00:25:38.382,761] [0m<inf> radiant_gate_mpsl: seam: grant=942 nostage=0 prog=942/0 | sigrad=1875 sigt0=1137 isr=1875 end=937 dis=3 term=23 | ramp=942/5 state=0 ev=0x13 rxen saved=0x80000014 cont=0x13f a=0x80000014 p=0x80000014 e=0x80000014 inten=0x00000140[0m
[00:25:38.382,777] [0m<inf> radiant_gate_mpsl: sw: n=938 wipe=0 ramp=938 wipe+ramp=0 rx=935 wipe+rx=0 | started=938 early=0/0us last=2634us | open lead=232us max=258us late=0 glen=4888 cc0=2888[0m
[00:25:38.382,819] [0m<inf> radiant_gate_mpsl: hiend: timer0=935 rel=3 | lasted=2889us max=3485us | dur=2865us max=3463us short=3 | t0arm=31us stale=942[0m
[00:25:38.382,837] [0m<inf> radiant_gate_mpsl: gate: acq=966 in_grant=935/935 placed=964 granted=947 blocked=16 cancel=0 eagain=78 near=0 long=0 ext=198/4 dead=0 | den pend=3 anch=4 dist=0 degen=0 nosess=0 owed=0 | sent grant=1 dead=0 blk=16 supp=938 | end=947 (norm=944 rel=3 idle=0 late=0) | bad over=0 inval=0 unk=0 inl=16 | len=4888/4888 el=3500 skew=6055 brun=0 sig=7 g=0 hw=0 p=1 rel=0 end=1 boot=0 anchor=1 owes=1[0m
[00:25:38.838,943] [0m<inf> radiant_api: SWEEP set=1 steer=0 dwell=198687/260000 adv=1 sweeps=0 win=1 ok=2 searching=0 carrier=255 | chunks=20 preempt=0 missed=0 ebusy=0 rej=0 | pumps=5958 hk=5957 | scan_us=1884000/20 track_us=196882/941 | end ok=0 abrt=4 miss=0 fail=0 deny=23 replan=0[0m
[00:25:39.382,892] [0m<inf> radiant_gate_mpsl: hi: acq=943 den=0 resv=0 pend=943 blk=0 grant=942[0m
[00:25:39.382,904] [0m<inf> radiant_gate_mpsl: seam: grant=946 nostage=0 prog=946/0 | sigrad=1883 sigt0=1141 isr=1883 end=941 dis=3 term=23 | ramp=946/5 state=0 ev=0x13 rxen saved=0x80000014 cont=0x13f a=0x80000014 p=0x80000014 e=0x80000014 inten=0x00000140[0m
[00:25:39.382,913] [0m<inf> radiant_gate_mpsl: sw: n=942 wipe=0 ramp=942 wipe+ramp=0 rx=939 wipe+rx=0 | started=942 early=0/0us last=2634us | open lead=231us max=258us late=0 glen=4888 cc0=2888[0m
[00:25:39.382,950] [0m<inf> radiant_gate_mpsl: hiend: timer0=939 rel=3 | lasted=2889us max=3485us | dur=2866us max=3463us short=3 | t0arm=31us stale=946[0m
[00:25:39.382,982] [0m<inf> radiant_gate_mpsl: gate: acq=970 in_grant=939/939 placed=968 granted=951 blocked=16 cancel=0 eagain=78 near=0 long=0 ext=198/4 dead=0 | den pend=3 anch=4 dist=0 degen=0 nosess=0 owed=0 | sent grant=1 dead=0 blk=16 supp=942 | end=951 (norm=948 rel=3 idle=0 late=0) | bad over=0 inval=0 unk=0 inl=16 | len=4888/4888 el=3500 skew=6055 brun=0 sig=7 g=0 hw=0 p=1 rel=0 end=1 boot=0 anchor=1 owes=1[0m
[00:25:39.886,776] [0m<inf> radiant_api: SWEEP set=1 steer=0 dwell=198687/260000 adv=1 sweeps=0 win=1 ok=2 searching=0 carrier=255 | chunks=20 preempt=0 missed=0 ebusy=0 rej=0 | pumps=5983 hk=5982 | scan_us=1884000/20 track_us=197902/946 | end ok=0 abrt=4 miss=0 fail=0 deny=23 replan=0[0m
[00:25:40.383,135] [0m<inf> radiant_gate_mpsl: hi: acq=947 den=0 resv=0 pend=947 blk=0 grant=947[0m
[00:25:40.383,147] [0m<inf> radiant_gate_mpsl: seam: grant=951 nostage=0 prog=951/0 | sigrad=1891 sigt0=1145 isr=1891 end=945 dis=3 term=23 | ramp=950/5 state=0 ev=0x13 rxen saved=0x80000014 cont=0x13f a=0x80000014 p=0x80000014 e=0x80000014 inten=0x00000140[0m
[00:25:40.383,156] [0m<inf> radiant_gate_mpsl: sw: n=946 wipe=0 ramp=946 wipe+ramp=0 rx=943 wipe+rx=0 | started=946 early=0/0us last=2635us | open lead=232us max=258us late=0 glen=4888 cc0=2888[0m
[00:25:40.383,197] [0m<inf> radiant_gate_mpsl: hiend: timer0=943 rel=3 | lasted=2888us max=3485us | dur=2865us max=3463us short=3 | t0arm=30us stale=951[0m
[00:25:40.383,215] [0m<inf> radiant_gate_mpsl: gate: acq=974 in_grant=943/943 placed=972 granted=956 blocked=16 cancel=0 eagain=78 near=0 long=0 ext=198/4 dead=0 | den pend=3 anch=4 dist=0 degen=0 nosess=0 owed=0 | sent grant=1 dead=0 blk=16 supp=946 | end=955 (norm=952 rel=3 idle=0 late=0) | bad over=0 inval=0 unk=0 inl=16 | len=4888/4888 el=3500 skew=6055 brun=0 sig=0 g=1 hw=1 p=0 rel=0 end=0 boot=0 anchor=1 owes=0[0m
[00:25:40.810,117] [0m<inf> thread_coex: thread load: role=2 sent=2400 failed=0 interval=100ms payload=64B[0m
[00:25:40.810,127] [0m<inf> thread_coex: thread lat us: <64=0 64=0 128=2384 256=16 512=0 1k=0 2k=0 4k=0 8k=0 16k=0 32k=0 64k=0 >=128k=0 max=431[0m
[00:25:40.810,136] [0m<inf> thread_coex: thread mac d: tx=201 retry=1 cca=0 abort=0 busy=0 | tot tx=4935 retry=32 cca=0 abort=0 busy=0[0m
[00:25:40.933,639] [0m<inf> radiant_api: SWEEP set=1 steer=0 dwell=198687/260000 adv=1 sweeps=0 win=1 ok=2 searching=0 carrier=255 | chunks=20 preempt=0 missed=0 ebusy=0 rej=0 | pumps=6009 hk=6008 | scan_us=1884000/20 track_us=198718/950 | end ok=0 abrt=4 miss=0 fail=0 deny=23 replan=0[0m
[00:25:41.383,269] [0m<inf> radiant_gate_mpsl: hi: acq=952 den=0 resv=0 pend=952 blk=0 grant=951[0m
[00:25:41.383,286] [0m<inf> radiant_gate_mpsl: seam: grant=955 nostage=0 prog=955/0 | sigrad=1901 sigt0=1149 isr=1901 end=950 dis=3 term=23 | ramp=954/5 state=0 ev=0x13 rxen saved=0x80000014 cont=0x13f a=0x80000014 p=0x80000014 e=0x80000014 inten=0x00000140[0m
[00:25:41.383,295] [0m<inf> radiant_gate_mpsl: sw: n=950 wipe=0 ramp=950 wipe+ramp=0 rx=947 wipe+rx=0 | started=950 early=0/0us last=2635us | open lead=231us max=258us late=0 glen=4888 cc0=2888[0m
[00:25:41.383,346] [0m<inf> radiant_gate_mpsl: hiend: timer0=947 rel=3 | lasted=2889us max=3485us | dur=2865us max=3463us short=3 | t0arm=30us stale=955[0m
[00:25:41.383,365] [0m<inf> radiant_gate_mpsl: gate: acq=979 in_grant=948/948 placed=976 granted=960 blocked=16 cancel=0 eagain=80 near=0 long=0 ext=198/4 dead=0 | den pend=3 anch=4 dist=0 degen=0 nosess=0 owed=0 | sent grant=1 dead=0 blk=16 supp=950 | end=959 (norm=956 rel=3 idle=0 late=0) | bad over=0 inval=0 unk=0 inl=16 | len=4888/4888 el=3500 skew=6055 brun=0 sig=2 g=1 hw=1 p=1 rel=0 end=0 boot=0 anchor=1 owes=0[0m
[00:25:41.933,813] [0m<inf> radiant_api: SWEEP set=1 steer=0 dwell=198687/260000 adv=1 sweeps=0 win=1 ok=2 searching=0 carrier=255 | chunks=20 preempt=0 missed=0 ebusy=0 rej=0 | pumps=6033 hk=6032 | scan_us=1884000/20 track_us=199534/954 | end ok=0 abrt=4 miss=0 fail=0 deny=23 replan=0[0m
[00:25:42.383,453] [0m<inf> radiant_gate_mpsl: hi: acq=956 den=0 resv=0 pend=956 blk=0 grant=955[0m
[00:25:42.383,464] [0m<inf> radiant_gate_mpsl: seam: grant=959 nostage=0 prog=959/0 | sigrad=1909 sigt0=1153 isr=1909 end=954 dis=3 term=23 | ramp=958/5 state=0 ev=0x13 rxen saved=0x80000014 cont=0x13f a=0x80000014 p=0x80000014 e=0x80000014 inten=0x00000140[0m
[00:25:42.383,473] [0m<inf> radiant_gate_mpsl: sw: n=954 wipe=0 ramp=954 wipe+ramp=0 rx=951 wipe+rx=0 | started=954 early=0/0us last=2635us | open lead=232us max=258us late=0 glen=4888 cc0=2888[0m
[00:25:42.383,514] [0m<inf> radiant_gate_mpsl: hiend: timer0=951 rel=3 | lasted=2889us max=3485us | dur=2866us max=3463us short=3 | t0arm=30us stale=959[0m
[00:25:42.383,606] [0m<inf> radiant_gate_mpsl: gate: acq=983 in_grant=952/952 placed=980 granted=964 blocked=16 cancel=0 eagain=82 near=0 long=0 ext=198/4 dead=0 | den pend=3 anch=4 dist=0 degen=0 nosess=0 owed=0 | sent grant=1 dead=0 blk=16 supp=954 | end=964 (norm=960 rel=3 idle=0 late=0) | bad over=0 inval=0 unk=0 inl=16 | len=4888/4888 el=3500 skew=6055 brun=0 sig=7 g=0 hw=0 p=1 rel=0 end=1 boot=0 anchor=1 owes=0[0m
[00:25:42.983,478] [0m<inf> radiant_api: SWEEP set=1 steer=0 dwell=198687/260000 adv=1 sweeps=0 win=1 ok=2 searching=0 carrier=255 | chunks=20 preempt=0 missed=0 ebusy=0 rej=0 | pumps=6058 hk=6057 | scan_us=1884000/20 track_us=200350/958 | end ok=0 abrt=4 miss=0 fail=0 deny=23 replan=0[0m
[00:25:43.383,675] [0m<inf> radiant_gate_mpsl: hi: acq=960 den=0 resv=0 pend=960 blk=0 grant=959[0m
[00:25:43.383,687] [0m<inf> radiant_gate_mpsl: seam: grant=963 nostage=0 prog=963/0 | sigrad=1917 sigt0=1158 isr=1917 end=958 dis=3 term=23 | ramp=963/5 state=0 ev=0x13 rxen saved=0x80000014 cont=0x13f a=0x80000014 p=0x80000014 e=0x80000014 inten=0x00000140[0m
[00:25:43.383,696] [0m<inf> radiant_gate_mpsl: sw: n=959 wipe=0 ramp=959 wipe+ramp=0 rx=956 wipe+rx=0 | started=959 early=0/0us last=2635us | open lead=231us max=258us late=0 glen=4888 cc0=2888[0m
[00:25:43.383,737] [0m<inf> radiant_gate_mpsl: hiend: timer0=956 rel=3 | lasted=2889us max=3485us | dur=2867us max=3463us short=3 | t0arm=30us stale=963[0m
[00:25:43.383,755] [0m<inf> radiant_gate_mpsl: gate: acq=987 in_grant=956/956 placed=985 granted=968 blocked=16 cancel=0 eagain=82 near=0 long=0 ext=198/4 dead=0 | den pend=3 anch=4 dist=0 degen=0 nosess=0 owed=0 | sent grant=1 dead=0 blk=16 supp=959 | end=968 (norm=965 rel=3 idle=0 late=0) | bad over=0 inval=0 unk=0 inl=16 | len=4888/4888 el=3500 skew=6055 brun=0 sig=7 g=0 hw=0 p=1 rel=0 end=1 boot=0 anchor=1 owes=1[0m
[00:25:43.984,277] [0m<inf> radiant_api: SWEEP set=1 steer=0 dwell=198687/260000 adv=1 sweeps=0 win=1 ok=2 searching=0 carrier=255 | chunks=20 preempt=0 missed=0 ebusy=0 rej=0 | pumps=6083 hk=6081 | scan_us=1884000/20 track_us=200962/961 | end ok=0 abrt=4 miss=0 fail=0 deny=23 replan=0[0m
[00:25:44.383,835] [0m<inf> radiant_gate_mpsl: hi: acq=961 den=0 resv=0 pend=961 blk=0 grant=961[0m
[00:25:44.383,851] [0m<inf> radiant_gate_mpsl: seam: grant=965 nostage=1 prog=964/0 | sigrad=1919 sigt0=1159 isr=1919 end=959 dis=3 term=24 | ramp=964/6 state=0 ev=0x00 rxen saved=0x80000014 cont=0x13f a=0x80000014 p=0x80000014 e=0x00000000 inten=0x00000000[0m
[00:25:44.383,860] [0m<inf> radiant_gate_mpsl: sw: n=960 wipe=0 ramp=960 wipe+ramp=0 rx=957 wipe+rx=0 | started=960 early=0/0us last=2635us | open lead=231us max=258us late=0 glen=4888 cc0=2888[0m
[00:25:44.383,901] [0m<inf> radiant_gate_mpsl: hiend: timer0=957 rel=4 | lasted=5us max=3485us | dur=2865us max=3463us short=3 | t0arm=31us stale=964[0m
[00:25:44.383,919] [0m<inf> radiant_gate_mpsl: gate: acq=988 in_grant=957/957 placed=986 granted=970 blocked=16 cancel=0 eagain=82 near=0 long=0 ext=198/4 dead=0 | den pend=3 anch=4 dist=0 degen=0 nosess=0 owed=0 | sent grant=2 dead=0 blk=16 supp=960 | end=970 (norm=966 rel=4 idle=0 late=0) | bad over=0 inval=0 unk=0 inl=16 | len=4888/4888 el=3500 skew=6055 brun=0 sig=7 g=0 hw=0 p=0 rel=1 end=1 boot=0 anchor=1 owes=0[0m
[00:25:44.987,045] [0m<inf> radiant_api: SWEEP set=1 steer=0 dwell=198687/260000 adv=1 sweeps=0 win=1 ok=2 searching=0 carrier=255 | chunks=20 preempt=0 missed=0 ebusy=0 rej=0 | pumps=6103 hk=6101 | scan_us=1884000/20 track_us=200962/961 | end ok=0 abrt=4 miss=0 fail=0 deny=23 replan=0[0m
[00:25:45.383,996] [0m<inf> radiant_gate_mpsl: hi: acq=961 den=0 resv=0 pend=961 blk=0 grant=961[0m
[00:25:45.384,008] [0m<inf> radiant_gate_mpsl: seam: grant=965 nostage=1 prog=964/0 | sigrad=1919 sigt0=1159 isr=1919 end=959 dis=3 term=24 | ramp=964/6 state=0 ev=0x00 rxen saved=0x80000014 cont=0x13f a=0x80000014 p=0x80000014 e=0x00000000 inten=0x00000000[0m
[00:25:45.384,017] [0m<inf> radiant_gate_mpsl: sw: n=960 wipe=0 ramp=960 wipe+ramp=0 rx=957 wipe+rx=0 | started=960 early=0/0us last=2635us | open lead=231us max=258us late=0 glen=4888 cc0=2888[0m
[00:25:45.384,054] [0m<inf> radiant_gate_mpsl: hiend: timer0=957 rel=4 | lasted=5us max=3485us | dur=2865us max=3463us short=3 | t0arm=31us stale=964[0m
[00:25:45.384,086] [0m<inf> radiant_gate_mpsl: gate: acq=988 in_grant=957/957 placed=986 granted=970 blocked=16 cancel=0 eagain=82 near=0 long=0 ext=198/4 dead=0 | den pend=3 anch=4 dist=0 degen=0 nosess=0 owed=0 | sent grant=2 dead=0 blk=16 supp=960 | end=970 (norm=966 rel=4 idle=0 late=0) | bad over=0 inval=0 unk=0 inl=16 | len=4888/4888 el=3500 skew=6055 brun=0 sig=7 g=0 hw=0 p=0 rel=1 end=1 boot=0 anchor=1 owes=0[0m
[00:25:45.989,951] [0m<inf> radiant_api: SWEEP set=1 steer=0 dwell=198687/260000 adv=1 sweeps=0 win=1 ok=2 searching=0 carrier=255 | chunks=20 preempt=0 missed=0 ebusy=0 rej=0 | pumps=6123 hk=6121 | scan_us=1884000/20 track_us=200962/961 | end ok=0 abrt=4 miss=0 fail=0 deny=23 replan=0[0m
[00:25:46.384,152] [0m<inf> radiant_gate_mpsl: hi: acq=961 den=0 resv=0 pend=961 blk=0 grant=961[0m
[00:25:46.384,163] [0m<inf> radiant_gate_mpsl: seam: grant=965 nostage=1 prog=964/0 | sigrad=1919 sigt0=1159 isr=1919 end=959 dis=3 term=24 | ramp=964/6 state=0 ev=0x00 rxen saved=0x80000014 cont=0x13f a=0x80000014 p=0x80000014 e=0x00000000 inten=0x00000000[0m
[00:25:46.384,172] [0m<inf> radiant_gate_mpsl: sw: n=960 wipe=0 ramp=960 wipe+ramp=0 rx=957 wipe+rx=0 | started=960 early=0/0us last=2635us | open lead=231us max=258us late=0 glen=4888 cc0=2888[0m
[00:25:46.384,222] [0m<inf> radiant_gate_mpsl: hiend: timer0=957 rel=4 | lasted=5us max=3485us | dur=2865us max=3463us short=3 | t0arm=31us stale=964[0m
[00:25:46.384,241] [0m<inf> radiant_gate_mpsl: gate: acq=988 in_grant=957/957 placed=986 granted=970 blocked=16 cancel=0 eagain=82 near=0 long=0 ext=198/4 dead=0 | den pend=3 anch=4 dist=0 degen=0 nosess=0 owed=0 | sent grant=2 dead=0 blk=16 supp=960 | end=970 (norm=966 rel=4 idle=0 late=0) | bad over=0 inval=0 unk=0 inl=16 | len=4888/4888 el=3500 skew=6055 brun=0 sig=7 g=0 hw=0 p=0 rel=1 end=1 boot=0 anchor=1 owes=0[0m
[00:25:46.992,810] [0m<inf> radiant_api: SWEEP set=1 steer=0 dwell=198687/260000 adv=1 sweeps=0 win=1 ok=2 searching=0 carrier=255 | chunks=20 preempt=0 missed=0 ebusy=0 rej=0 | pumps=6143 hk=6141 | scan_us=1884000/20 track_us=200962/961 | end ok=0 abrt=4 miss=0 fail=0 deny=23 replan=0[0m
[00:25:47.384,299] [0m<inf> radiant_gate_mpsl: hi: acq=961 den=0 resv=0 pend=961 blk=0 grant=961[0m
[00:25:47.384,315] [0m<inf> radiant_gate_mpsl: seam: grant=965 nostage=1 prog=964/0 | sigrad=1919 sigt0=1159 isr=1919 end=959 dis=3 term=24 | ramp=964/6 state=0 ev=0x00 rxen saved=0x80000014 cont=0x13f a=0x80000014 p=0x80000014 e=0x00000000 inten=0x00000000[0m
[00:25:47.384,324] [0m<inf> radiant_gate_mpsl: sw: n=960 wipe=0 ramp=960 wipe+ramp=0 rx=957 wipe+rx=0 | started=960 early=0/0us last=2635us | open lead=231us max=258us late=0 glen=4888 cc0=2888[0m
[00:25:47.384,374] [0m<inf> radiant_gate_mpsl: hiend: timer0=957 rel=4 | lasted=5us max=3485us | dur=2865us max=3463us short=3 | t0arm=31us stale=964[0m
[00:25:47.384,393] [0m<inf> radiant_gate_mpsl: gate: acq=988 in_grant=957/957 placed=986 granted=970 blocked=16 cancel=0 eagain=82 near=0 long=0 ext=198/4 dead=0 | den pend=3 anch=4 dist=0 degen=0 nosess=0 owed=0 | sent grant=2 dead=0 blk=16 supp=960 | end=970 (norm=966 rel=4 idle=0 late=0) | bad over=0 inval=0 unk=0 inl=16 | len=4888/4888 el=3500 skew=6055 brun=0 sig=7 g=0 hw=0 p=0 rel=1 end=1 boot=0 anchor=1 owes=0[0m
[00:25:47.995,625] [0m<inf> radiant_api: SWEEP set=1 steer=0 dwell=198687/260000 adv=1 sweeps=0 win=1 ok=2 searching=0 carrier=255 | chunks=20 preempt=0 missed=0 ebusy=0 rej=0 | pumps=6163 hk=6161 | scan_us=1884000/20 track_us=200962/961 | end ok=0 abrt=4 miss=0 fail=0 deny=23 replan=0[0m
[00:25:48.384,468] [0m<inf> radiant_gate_mpsl: hi: acq=961 den=0 resv=0 pend=961 blk=0 grant=961[0m
[00:25:48.384,480] [0m<inf> radiant_gate_mpsl: seam: grant=965 nostage=1 prog=964/0 | sigrad=1919 sigt0=1159 isr=1919 end=959 dis=3 term=24 | ramp=964/6 state=0 ev=0x00 rxen saved=0x80000014 cont=0x13f a=0x80000014 p=0x80000014 e=0x00000000 inten=0x00000000[0m
[00:25:48.384,489] [0m<inf> radiant_gate_mpsl: sw: n=960 wipe=0 ramp=960 wipe+ramp=0 rx=957 wipe+rx=0 | started=960 early=0/0us last=2635us | open lead=231us max=258us late=0 glen=4888 cc0=2888[0m
[00:25:48.384,536] [0m<inf> radiant_gate_mpsl: hiend: timer0=957 rel=4 | lasted=5us max=3485us | dur=2865us max=3463us short=3 | t0arm=31us stale=964[0m
[00:25:48.384,557] [0m<inf> radiant_gate_mpsl: gate: acq=988 in_grant=957/957 placed=986 granted=970 blocked=16 cancel=0 eagain=82 near=0 long=0 ext=198/4 dead=0 | den pend=3 anch=4 dist=0 degen=0 nosess=0 owed=0 | sent grant=2 dead=0 blk=16 supp=960 | end=970 (norm=966 rel=4 idle=0 late=0) | bad over=0 inval=0 unk=0 inl=16 | len=4888/4888 el=3500 skew=6055 brun=0 sig=7 g=0 hw=0 p=0 rel=1 end=1 boot=0 anchor=1 owes=0[0m
[00:25:48.998,363] [0m<inf> radiant_api: SWEEP set=1 steer=0 dwell=198687/260000 adv=1 sweeps=0 win=1 ok=2 searching=0 carrier=255 | chunks=20 preempt=0 missed=0 ebusy=0 rej=0 | pumps=6183 hk=6181 | scan_us=1884000/20 track_us=200962/961 | end ok=0 abrt=4 miss=0 fail=0 deny=23 replan=0[0m
[00:25:49.384,628] [0m<inf> radiant_gate_mpsl: hi: acq=961 den=0 resv=0 pend=961 blk=0 grant=961[0m
[00:25:49.384,639] [0m<inf> radiant_gate_mpsl: seam: grant=965 nostage=1 prog=964/0 | sigrad=1919 sigt0=1159 isr=1919 end=959 dis=3 term=24 | ramp=964/6 state=0 ev=0x00 rxen saved=0x80000014 cont=0x13f a=0x80000014 p=0x80000014 e=0x00000000 inten=0x00000000[0m
[00:25:49.384,648] [0m<inf> radiant_gate_mpsl: sw: n=960 wipe=0 ramp=960 wipe+ramp=0 rx=957 wipe+rx=0 | started=960 early=0/0us last=2635us | open lead=231us max=258us late=0 glen=4888 cc0=2888[0m
[00:25:49.384,698] [0m<inf> radiant_gate_mpsl: hiend: timer0=957 rel=4 | lasted=5us max=3485us | dur=2865us max=3463us short=3 | t0arm=31us stale=964[0m
[00:25:49.384,717] [0m<inf> radiant_gate_mpsl: gate: acq=988 in_grant=957/957 placed=986 granted=970 blocked=16 cancel=0 eagain=82 near=0 long=0 ext=198/4 dead=0 | den pend=3 anch=4 dist=0 degen=0 nosess=0 owed=0 | sent grant=2 dead=0 blk=16 supp=960 | end=970 (norm=966 rel=4 idle=0 late=0) | bad over=0 inval=0 unk=0 inl=16 | len=4888/4888 el=3500 skew=6055 brun=0 sig=7 g=0 hw=0 p=0 rel=1 end=1 boot=0 anchor=1 owes=0[0m
[00:25:50.001,189] [0m<inf> radiant_api: SWEEP set=1 steer=0 dwell=198687/260000 adv=1 sweeps=0 win=1 ok=2 searching=0 carrier=255 | chunks=20 preempt=0 missed=0 ebusy=0 rej=0 | pumps=6203 hk=6201 | scan_us=1884000/20 track_us=200962/961 | end ok=0 abrt=4 miss=0 fail=0 deny=23 replan=0[0m

