[00:07:21.172,043] [0m<inf> radiant_gate_mpsl: hi: acq=961 den=0 resv=0 pend=961 blk=1 grant=961[0m
[00:07:21.172,059] [0m<i[00:16:31.534,635] [0m<inf> radiant_gate_mpsl: hi: acq=0 den=0 resv=0 pend=0 blk=0 grant=0[0m
[00:16:31.534,650] [0m<inf> radiant_gate_mpsl: seam: grant=0 nostage=0 prog=0/0 | sigrad=0 sigt0=0 isr=0 end=0 dis=0 term=0 | ramp=0/1 state=0 ev=0x00 rxen saved=0x00000000 cont=0x000 a=0x00000000 p=0x00000000 e=0x80000014 inten=0x00000000[0m
[00:16:31.534,659] [0m<inf> radiant_gate_mpsl: sw: n=0 wipe=0 ramp=0 wipe+ramp=0 rx=0 wipe+rx=0 | started=0 early=0/0us last=0us | open lead=0us max=0us late=0 glen=0 cc0=0[0m
[00:16:31.534,677] [0m<inf> radiant_gate_mpsl: hiend: | lasted=0us max=0us | dur=0us max=0us short=0 | t0arm=0us stale=0[0m
[00:16:31.534,696] [0m<inf> radiant_gate_mpsl: gate: acq=0 in_grant=0/0 placed=1 granted=1 blocked=0 cancel=0 eagain=0 near=0 long=0 ext=0/0 dead=0 | den pend=0 anch=0 dist=0 degen=0 nosess=0 owed=0 | sent grant=0 dead=0 blk=0 supp=0 | end=1 (norm=1 rel=0 idle=0 late=0) | bad over=0 inval=0 unk=0 inl=0 | len=100/100 el=10000 skew=0 brun=0 sig=7 g=0 hw=0 p=0 rel=0 end=1 boot=0 anchor=1 owes=0[0m
[00:16:31.550,659] [0m<inf> radiant_api: SWEEP set=0 steer=0 dwell=0/260000 adv=0 sweeps=0 win=0 ok=0 searching=0 carrier=255 | chunks=0 preempt=0 missed=0 ebusy=0 rej=0 | pumps=100 hk=100 | scan_us=0/0 track_us=0/0 | end ok=0 abrt=0 miss=0 fail=0 deny=0 replan=0[0m
[00:16:32.534,781] [0m<inf> radiant_gate_mpsl: hi: acq=0 den=0 resv=0 pend=0 blk=0 grant=0[0m
[00:16:32.534,792] [0m<inf> radiant_gate_mpsl: seam: grant=0 nostage=0 prog=0/0 | sigrad=0 sigt0=0 isr=0 end=0 dis=0 term=0 | ramp=0/1 state=0 ev=0x00 rxen saved=0x00000000 cont=0x000 a=0x00000000 p=0x00000000 e=0x80000014 inten=0x00000000[0m
[00:16:32.534,801] [0m<inf> radiant_gate_mpsl: sw: n=0 wipe=0 ramp=0 wipe+ramp=0 rx=0 wipe+rx=0 | started=0 early=0/0us last=0us | open lead=0us max=0us late=0 glen=0 cc0=0[0m
[00:16:32.534,819] [0m<inf> radiant_gate_mpsl: hiend: | lasted=0us max=0us | dur=0us max=0us short=0 | t0arm=0us stale=0[0m
[00:16:32.534,840] [0m<inf> radiant_gate_mpsl: gate: acq=0 in_grant=0/0 placed=1 granted=1 blocked=0 cancel=0 eagain=0 near=0 long=0 ext=0/0 dead=0 | den pend=0 anch=0 dist=0 degen=0 nosess=0 owed=0 | sent grant=0 dead=0 blk=0 supp=0 | end=1 (norm=1 rel=0 idle=0 late=0) | bad over=0 inval=0 unk=0 inl=0 | len=100/100 el=10000 skew=0 brun=0 sig=7 g=0 hw=0 p=0 rel=0 end=1 boot=0 anchor=1 owes=0[0m
[00:16:32.553,503] [0m<inf> radiant_api: SWEEP set=0 steer=0 dwell=0/260000 adv=0 sweeps=0 win=0 ok=0 searching=0 carrier=255 | chunks=0 preempt=0 missed=0 ebusy=0 rej=0 | pumps=120 hk=120 | scan_us=0/0 track_us=0/0 | end ok=0 abrt=0 miss=0 fail=0 deny=0 replan=0[0m
[00:16:33.534,892] [0m<inf> radiant_gate_mpsl: hi: acq=0 den=0 resv=0 pend=0 blk=0 grant=0[0m
[00:16:33.534,907] [0m<inf> radiant_gate_mpsl: seam: grant=0 nostage=0 prog=0/0 | sigrad=0 sigt0=0 isr=0 end=0 dis=0 term=0 | ramp=0/1 state=0 ev=0x00 rxen saved=0x00000000 cont=0x000 a=0x00000000 p=0x00000000 e=0x80000014 inten=0x00000000[0m
[00:16:33.534,916] [0m<inf> radiant_gate_mpsl: sw: n=0 wipe=0 ramp=0 wipe+ramp=0 rx=0 wipe+rx=0 | started=0 early=0/0us last=0us | open lead=0us max=0us late=0 glen=0 cc0=0[0m
[00:16:33.534,934] [0m<inf> radiant_gate_mpsl: hiend: | lasted=0us max=0us | dur=0us max=0us short=0 | t0arm=0us stale=0[0m
[00:16:33.534,953] [0m<inf> radiant_gate_mpsl: gate: acq=0 in_grant=0/0 placed=1 granted=1 blocked=0 cancel=0 eagain=0 near=0 long=0 ext=0/0 dead=0 | den pend=0 anch=0 dist=0 degen=0 nosess=0 owed=0 | sent grant=0 dead=0 blk=0 supp=0 | end=1 (norm=1 rel=0 idle=0 late=0) | bad over=0 inval=0 unk=0 inl=0 | len=100/100 el=10000 skew=0 brun=0 sig=7 g=0 hw=0 p=0 rel=0 end=1 boot=0 anchor=1 owes=0[0m
[00:16:33.556,324] [0m<inf> radiant_api: SWEEP set=0 steer=0 dwell=0/260000 adv=0 sweeps=0 win=0 ok=0 searching=0 carrier=255 | chunks=0 preempt=0 missed=0 ebusy=0 rej=0 | pumps=140 hk=140 | scan_us=0/0 track_us=0/0 | end ok=0 abrt=0 miss=0 fail=0 deny=0 replan=0[0m
[00:16:34.535,036] [0m<inf> radiant_gate_mpsl: hi: acq=0 den=0 resv=0 pend=0 blk=0 grant=0[0m
[00:16:34.535,047] [0m<inf> radiant_gate_mpsl: seam: grant=0 nostage=0 prog=0/0 | sigrad=0 sigt0=0 isr=0 end=0 dis=0 term=0 | ramp=0/1 state=0 ev=0x00 rxen saved=0x00000000 cont=0x000 a=0x00000000 p=0x00000000 e=0x80000014 inten=0x00000000[0m
[00:16:34.535,056] [0m<inf> radiant_gate_mpsl: sw: n=0 wipe=0 ramp=0 wipe+ramp=0 rx=0 wipe+rx=0 | started=0 early=0/0us last=0us | open lead=0us max=0us late=0 glen=0 cc0=0[0m
[00:16:34.535,074] [0m<inf> radiant_gate_mpsl: hiend: | lasted=0us max=0us | dur=0us max=0us short=0 | t0arm=0us stale=0[0m
[00:16:34.535,095] [0m<inf> radiant_gate_mpsl: gate: acq=0 in_grant=0/0 placed=1 granted=1 blocked=0 cancel=0 eagain=0 near=0 long=0 ext=0/0 dead=0 | den pend=0 anch=0 dist=0 degen=0 nosess=0 owed=0 | sent grant=0 dead=0 blk=0 supp=0 | end=1 (norm=1 rel=0 idle=0 late=0) | bad over=0 inval=0 unk=0 inl=0 | len=100/100 el=10000 skew=0 brun=0 sig=7 g=0 hw=0 p=0 rel=0 end=1 boot=0 anchor=1 owes=0[0m
[00:16:34.559,156] [0m<inf> radiant_api: SWEEP set=0 steer=0 dwell=0/260000 adv=0 sweeps=0 win=0 ok=0 searching=0 carrier=255 | chunks=0 preempt=0 missed=0 ebusy=0 rej=0 | pumps=160 hk=160 | scan_us=0/0 track_us=0/0 | end ok=0 abrt=0 miss=0 fail=0 deny=0 replan=0[0m
[00:16:35.535,153] [0m<inf> radiant_gate_mpsl: hi: acq=0 den=0 resv=0 pend=0 blk=0 grant=0[0m
[00:16:35.535,168] [0m<inf> radiant_gate_mpsl: seam: grant=0 nostage=0 prog=0/0 | sigrad=0 sigt0=0 isr=0 end=0 dis=0 term=0 | ramp=0/1 state=0 ev=0x00 rxen saved=0x00000000 cont=0x000 a=0x00000000 p=0x00000000 e=0x80000014 inten=0x00000000[0m
[00:16:35.535,177] [0m<inf> radiant_gate_mpsl: sw: n=0 wipe=0 ramp=0 wipe+ramp=0 rx=0 wipe+rx=0 | started=0 early=0/0us last=0us | open lead=0us max=0us late=0 glen=0 cc0=0[0m
[00:16:35.535,195] [0m<inf> radiant_gate_mpsl: hiend: | lasted=0us max=0us | dur=0us max=0us short=0 | t0arm=0us stale=0[0m
[00:16:35.535,213] [0m<inf> radiant_gate_mpsl: gate: acq=0 in_grant=0/0 placed=1 granted=1 blocked=0 cancel=0 eagain=0 near=0 long=0 ext=0/0 dead=0 | den pend=0 anch=0 dist=0 degen=0 nosess=0 owed=0 | sent grant=0 dead=0 blk=0 supp=0 | end=1 (norm=1 rel=0 idle=0 late=0) | bad over=0 inval=0 unk=0 inl=0 | len=100/100 el=10000 skew=0 brun=0 sig=7 g=0 hw=0 p=0 rel=0 end=1 boot=0 anchor=1 owes=0[0m
[00:16:35.561,994] [0m<inf> radiant_api: SWEEP set=0 steer=0 dwell=0/260000 adv=0 sweeps=0 win=0 ok=0 searching=0 carrier=255 | chunks=0 preempt=0 missed=0 ebusy=0 rej=0 | pumps=180 hk=180 | scan_us=0/0 track_us=0/0 | end ok=0 abrt=0 miss=0 fail=0 deny=0 replan=0[0m
[00:16:36.535,266] [0m<inf> radiant_gate_mpsl: hi: acq=0 den=0 resv=0 pend=0 blk=0 grant=0[0m
[00:16:36.535,277] [0m<inf> radiant_gate_mpsl: seam: grant=0 nostage=0 prog=0/0 | sigrad=0 sigt0=0 isr=0 end=0 dis=0 term=0 | ramp=0/1 state=0 ev=0x00 rxen saved=0x00000000 cont=0x000 a=0x00000000 p=0x00000000 e=0x80000014 inten=0x00000000[0m
[00:16:36.535,286] [0m<inf> radiant_gate_mpsl: sw: n=0 wipe=0 ramp=0 wipe+ramp=0 rx=0 wipe+rx=0 | started=0 early=0/0us last=0us | open lead=0us max=0us late=0 glen=0 cc0=0[0m
[00:16:36.535,304] [0m<inf> radiant_gate_mpsl: hiend: | lasted=0us max=0us | dur=0us max=0us short=0 | t0arm=0us stale=0[0m
[00:16:36.535,325] [0m<inf> radiant_gate_mpsl: gate: acq=0 in_grant=0/0 placed=1 granted=1 blocked=0 cancel=0 eagain=0 near=0 long=0 ext=0/0 dead=0 | den pend=0 anch=0 dist=0 degen=0 nosess=0 owed=0 | sent grant=0 dead=0 blk=0 supp=0 | end=1 (norm=1 rel=0 idle=0 late=0) | bad over=0 inval=0 unk=0 inl=0 | len=100/100 el=10000 skew=0 brun=0 sig=7 g=0 hw=0 p=0 rel=0 end=1 boot=0 anchor=1 owes=0[0m
[00:16:36.564,826] [0m<inf> radiant_api: SWEEP set=0 steer=0 dwell=0/260000 adv=0 sweeps=0 win=0 ok=0 searching=0 carrier=255 | chunks=0 preempt=0 missed=0 ebusy=0 rej=0 | pumps=200 hk=200 | scan_us=0/0 track_us=0/0 | end ok=0 abrt=0 miss=0 fail=0 deny=0 replan=0[0m
[00:16:37.535,429] [0m<inf> radiant_gate_mpsl: hi: acq=0 den=0 resv=0 pend=0 blk=0 grant=0[0m
[00:16:37.535,445] [0m<inf> radiant_gate_mpsl: seam: grant=0 nostage=0 prog=0/0 | sigrad=0 sigt0=0 isr=0 end=0 dis=0 term=0 | ramp=0/1 state=0 ev=0x00 rxen saved=0x00000000 cont=0x000 a=0x00000000 p=0x00000000 e=0x80000014 inten=0x00000000[0m
[00:16:37.535,454] [0m<inf> radiant_gate_mpsl: sw: n=0 wipe=0 ramp=0 wipe+ramp=0 rx=0 wipe+rx=0 | started=0 early=0/0us last=0us | open lead=0us max=0us late=0 glen=0 cc0=0[0m
[00:16:37.535,472] [0m<inf> radiant_gate_mpsl: hiend: | lasted=0us max=0us | dur=0us max=0us short=0 | t0arm=0us stale=0[0m
[00:16:37.535,490] [0m<inf> radiant_gate_mpsl: gate: acq=0 in_grant=0/0 placed=1 granted=1 blocked=0 cancel=0 eagain=0 near=0 long=0 ext=0/0 dead=0 | den pend=0 anch=0 dist=0 degen=0 nosess=0 owed=0 | sent grant=0 dead=0 blk=0 supp=0 | end=1 (norm=1 rel=0 idle=0 late=0) | bad over=0 inval=0 unk=0 inl=0 | len=100/100 el=10000 skew=0 brun=0 sig=7 g=0 hw=0 p=0 rel=0 end=1 boot=0 anchor=1 owes=0[0m
[00:16:37.567,710] [0m<inf> radiant_api: SWEEP set=0 steer=0 dwell=0/260000 adv=0 sweeps=0 win=0 ok=0 searching=0 carrier=255 | chunks=0 preempt=0 missed=0 ebusy=0 rej=0 | pumps=220 hk=220 | scan_us=0/0 track_us=0/0 | end ok=0 abrt=0 miss=0 fail=0 deny=0 replan=0[0m
[00:16:38.535,556] [0m<inf> radiant_gate_mpsl: hi: acq=0 den=0 resv=0 pend=0 blk=0 grant=0[0m
[00:16:38.535,567] [0m<inf> radiant_gate_mpsl: seam: grant=0 nostage=0 prog=0/0 | sigrad=0 sigt0=0 isr=0 end=0 dis=0 term=0 | ramp=0/1 state=0 ev=0x00 rxen saved=0x00000000 cont=0x000 a=0x00000000 p=0x00000000 e=0x80000014 inten=0x00000000[0m
[00:16:38.535,578] [0m<inf> radiant_gate_mpsl: sw: n=0 wipe=0 ramp=0 wipe+ramp=0 rx=0 wipe+rx=0 | started=0 early=0/0us last=0us | open lead=0us max=0us late=0 glen=0 cc0=0[0m
[00:16:38.535,596] [0m<inf> radiant_gate_mpsl: hiend: | lasted=0us max=0us | dur=0us max=0us short=0 | t0arm=0us stale=0[0m
[00:16:38.535,617] [0m<inf> radiant_gate_mpsl: gate: acq=0 in_grant=0/0 placed=1 granted=1 blocked=0 cancel=0 eagain=0 near=0 long=0 ext=0/0 dead=0 | den pend=0 anch=0 dist=0 degen=0 nosess=0 owed=0 | sent grant=0 dead=0 blk=0 supp=0 | end=1 (norm=1 rel=0 idle=0 late=0) | bad over=0 inval=0 unk=0 inl=0 | len=100/100 el=10000 skew=0 brun=0 sig=7 g=0 hw=0 p=0 rel=0 end=1 boot=0 anchor=1 owes=0[0m
[00:16:38.536,229] [0m<inf> thread_coex: thread role -> child[0m
[00:16:38.570,544] [0m<inf> radiant_api: SWEEP set=0 steer=0 dwell=0/260000 adv=0 sweeps=0 win=0 ok=0 searching=0 carrier=255 | chunks=0 preempt=0 missed=0 ebusy=0 rej=0 | pumps=240 hk=240 | scan_us=0/0 track_us=0/0 | end ok=0 abrt=0 miss=0 fail=0 deny=0 replan=0[0m
[00:16:39.535,707] [0m<inf> radiant_gate_mpsl: hi: acq=0 den=0 resv=0 pend=0 blk=0 grant=0[0m
[00:16:39.535,723] [0m<inf> radiant_gate_mpsl: seam: grant=0 nostage=0 prog=0/0 | sigrad=0 sigt0=0 isr=0 end=0 dis=0 term=0 | ramp=0/1 state=0 ev=0x00 rxen saved=0x00000000 cont=0x000 a=0x00000000 p=0x00000000 e=0x80000014 inten=0x00000000[0m
[00:16:39.535,732] [0m<inf> radiant_gate_mpsl: sw: n=0 wipe=0 ramp=0 wipe+ramp=0 rx=0 wipe+rx=0 | started=0 early=0/0us last=0us | open lead=0us max=0us late=0 glen=0 cc0=0[0m
[00:16:39.535,750] [0m<inf> radiant_gate_mpsl: hiend: | lasted=0us max=0us | dur=0us max=0us short=0 | t0arm=0us stale=0[0m
[00:16:39.535,768] [0m<inf> radiant_gate_mpsl: gate: acq=0 in_grant=0/0 placed=1 granted=1 blocked=0 cancel=0 eagain=0 near=0 long=0 ext=0/0 dead=0 | den pend=0 anch=0 dist=0 degen=0 nosess=0 owed=0 | sent grant=0 dead=0 blk=0 supp=0 | end=1 (norm=1 rel=0 idle=0 late=0) | bad over=0 inval=0 unk=0 inl=0 | len=100/100 el=10000 skew=0 brun=0 sig=7 g=0 hw=0 p=0 rel=0 end=1 boot=0 anchor=1 owes=0[0m
[00:16:39.573,439] [0m<inf> radiant_api: SWEEP set=0 steer=0 dwell=0/260000 adv=0 sweeps=0 win=0 ok=0 searching=0 carrier=255 | chunks=0 preempt=0 missed=0 ebusy=0 rej=0 | pumps=260 hk=260 | scan_us=0/0 track_us=0/0 | end ok=0 abrt=0 miss=0 fail=0 deny=0 replan=0[0m
[00:16:40.535,827] [0m<inf> radiant_gate_mpsl: hi: acq=0 den=0 resv=0 pend=0 blk=0 grant=0[0m
[00:16:40.535,838] [0m<inf> radiant_gate_mpsl: seam: grant=0 nostage=0 prog=0/0 | sigrad=0 sigt0=0 isr=0 end=0 dis=0 term=0 | ramp=0/1 state=0 ev=0x00 rxen saved=0x00000000 cont=0x000 a=0x00000000 p=0x00000000 e=0x80000014 inten=0x00000000[0m
[00:16:40.535,847] [0m<inf> radiant_gate_mpsl: sw: n=0 wipe=0 ramp=0 wipe+ramp=0 rx=0 wipe+rx=0 | started=0 early=0/0us last=0us | open lead=0us max=0us late=0 glen=0 cc0=0[0m
[00:16:40.535,866] [0m<inf> radiant_gate_mpsl: hiend: | lasted=0us max=0us | dur=0us max=0us short=0 | t0arm=0us stale=0[0m
[00:16:40.535,887] [0m<inf> radiant_gate_mpsl: gate: acq=0 in_grant=0/0 placed=1 granted=1 blocked=0 cancel=0 eagain=0 near=0 long=0 ext=0/0 dead=0 | den pend=0 anch=0 dist=0 degen=0 nosess=0 owed=0 | sent grant=0 dead=0 blk=0 supp=0 | end=1 (norm=1 rel=0 idle=0 late=0) | bad over=0 inval=0 unk=0 inl=0 | len=100/100 el=10000 skew=0 brun=0 sig=7 g=0 hw=0 p=0 rel=0 end=1 boot=0 anchor=1 owes=0[0m
[00:16:40.576,338] [0m<inf> radiant_api: SWEEP set=0 steer=0 dwell=0/260000 adv=0 sweeps=0 win=0 ok=0 searching=0 carrier=255 | chunks=0 preempt=0 missed=0 ebusy=0 rej=0 | pumps=280 hk=280 | scan_us=0/0 track_us=0/0 | end ok=0 abrt=0 miss=0 fail=0 deny=0 replan=0[0m
[00:16:41.535,971] [0m<inf> radiant_gate_mpsl: hi: acq=0 den=0 resv=0 pend=0 blk=0 grant=0[0m
[00:16:41.535,987] [0m<inf> radiant_gate_mpsl: seam: grant=0 nostage=0 prog=0/0 | sigrad=0 sigt0=0 isr=0 end=0 dis=0 term=0 | ramp=0/1 state=0 ev=0x00 rxen saved=0x00000000 cont=0x000 a=0x00000000 p=0x00000000 e=0x80000014 inten=0x00000000[0m
[00:16:41.535,996] [0m<inf> radiant_gate_mpsl: sw: n=0 wipe=0 ramp=0 wipe+ramp=0 rx=0 wipe+rx=0 | started=0 early=0/0us last=0us | open lead=0us max=0us late=0 glen=0 cc0=0[0m
[00:16:41.536,014] [0m<inf> radiant_gate_mpsl: hiend: | lasted=0us max=0us | dur=0us max=0us short=0 | t0arm=0us stale=0[0m
[00:16:41.536,032] [0m<inf> radiant_gate_mpsl: gate: acq=0 in_grant=0/0 placed=1 granted=1 blocked=0 cancel=0 eagain=0 near=0 long=0 ext=0/0 dead=0 | den pend=0 anch=0 dist=0 degen=0 nosess=0 owed=0 | sent grant=0 dead=0 blk=0 supp=0 | end=1 (norm=1 rel=0 idle=0 late=0) | bad over=0 inval=0 unk=0 inl=0 | len=100/100 el=10000 skew=0 brun=0 sig=7 g=0 hw=0 p=0 rel=0 end=1 boot=0 anchor=1 owes=0[0m
[00:16:41.579,207] [0m<inf> radiant_api: SWEEP set=0 steer=0 dwell=0/260000 adv=0 sweeps=0 win=0 ok=0 searching=0 carrier=255 | chunks=0 preempt=0 missed=0 ebusy=0 rej=0 | pumps=300 hk=300 | scan_us=0/0 track_us=0/0 | end ok=0 abrt=0 miss=0 fail=0 deny=0 replan=0[0m
[00:16:42.536,123] [0m<inf> radiant_gate_mpsl: hi: acq=3 den=0 resv=0 pend=3 blk=0 grant=2[0m
[00:16:42.536,135] [0m<inf> radiant_gate_mpsl: seam: grant=4 nostage=0 prog=4/0 | sigrad=7 sigt0=82 isr=7 end=5 dis=0 term=6 | ramp=4/2 state=0 ev=0x13 rxen saved=0x80000014 cont=0x13f a=0x80000014 p=0x80000014 e=0x80000014 inten=0x00000140[0m
[00:16:42.536,144] [0m<inf> radiant_gate_mpsl: sw: n=2 wipe=0 ramp=2 wipe+ramp=0 rx=2 wipe+rx=0 | started=2 early=0/0us last=3231us | open lead=231us max=231us late=0 glen=5484 cc0=3484[0m
[00:16:42.536,174] [0m<inf> radiant_gate_mpsl: hiend: timer0=2 | lasted=3485us max=3485us | dur=3463us max=3463us short=0 | t0arm=31us stale=4[0m
[00:16:42.536,195] [0m<inf> radiant_gate_mpsl: gate: acq=11 in_grant=2/2 placed=11 granted=6 blocked=4 cancel=0 eagain=0 near=0 long=0 ext=78/2 dead=0 | den pend=1 anch=1 dist=0 degen=0 nosess=0 owed=0 | sent grant=1 dead=0 blk=4 supp=2 | end=6 (norm=6 rel=0 idle=0 late=0) | bad over=0 inval=0 unk=0 inl=4 | len=5484/5484 el=3500 skew=8548 brun=0 sig=7 g=0 hw=0 p=1 rel=0 end=1 boot=0 anchor=1 owes=1[0m
[00:16:42.614,142] [0m<inf> radiant_api: SWEEP set=1 steer=0 dwell=85425/260000 adv=1 sweeps=0 win=1 ok=3 searching=0 carrier=255 | chunks=6 preempt=0 missed=0 ebusy=0 rej=0 | pumps=326 hk=325 | scan_us=565200/6 track_us=2400/3 | end ok=0 abrt=2 miss=0 fail=0 deny=6 replan=0[0m
[00:16:43.536,270] [0m<inf> radiant_gate_mpsl: hi: acq=7 den=0 resv=0 pend=7 blk=0 grant=6[0m
[00:16:43.536,287] [0m<inf> radiant_gate_mpsl: seam: grant=8 nostage=0 prog=8/0 | sigrad=15 sigt0=86 isr=15 end=9 dis=0 term=6 | ramp=8/2 state=0 ev=0x13 rxen saved=0x80000014 cont=0x13f a=0x80000014 p=0x80000014 e=0x80000014 inten=0x00000140[0m
[00:16:43.536,296] [0m<inf> radiant_gate_mpsl: sw: n=6 wipe=0 ramp=6 wipe+ramp=0 rx=6 wipe+rx=0 | started=6 early=0/0us last=3232us | open lead=230us max=232us late=0 glen=5484 cc0=3484[0m
[00:16:43.536,329] [0m<inf> radiant_gate_mpsl: hiend: timer0=6 | lasted=3485us max=3486us | dur=3462us max=3463us short=0 | t0arm=31us stale=8[0m
[00:16:43.536,347] [0m<inf> radiant_gate_mpsl: gate: acq=15 in_grant=6/6 placed=15 granted=10 blocked=4 cancel=0 eagain=0 near=0 long=0 ext=78/2 dead=0 | den pend=1 anch=1 dist=0 degen=0 nosess=0 owed=0 | sent grant=1 dead=0 blk=4 supp=6 | end=10 (norm=10 rel=0 idle=0 late=0) | bad over=0 inval=0 unk=0 inl=4 | len=5484/5484 el=3500 skew=8548 brun=0 sig=7 g=0 hw=0 p=1 rel=0 end=1 boot=0 anchor=1 owes=1[0m
[00:16:43.663,145] [0m<inf> radiant_api: SWEEP set=1 steer=0 dwell=85425/260000 adv=1 sweeps=0 win=1 ok=3 searching=0 carrier=255 | chunks=6 preempt=0 missed=0 ebusy=0 rej=0 | pumps=351 hk=350 | scan_us=565200/6 track_us=5600/7 | end ok=0 abrt=2 miss=0 fail=0 deny=6 replan=0[0m
[00:16:44.536,407] [0m<inf> radiant_gate_mpsl: hi: acq=11 den=0 resv=0 pend=11 blk=0 grant=10[0m
[00:16:44.536,419] [0m<inf> radiant_gate_mpsl: seam: grant=12 nostage=0 prog=12/0 | sigrad=23 sigt0=90 isr=23 end=13 dis=0 term=6 | ramp=12/2 state=0 ev=0x13 rxen saved=0x80000014 cont=0x13f a=0x80000014 p=0x80000014 e=0x80000014 inten=0x00000140[0m
[00:16:44.536,428] [0m<inf> radiant_gate_mpsl: sw: n=10 wipe=0 ramp=10 wipe+ramp=0 rx=10 wipe+rx=0 | started=10 early=0/0us last=2636us | open lead=231us max=232us late=0 glen=4888 cc0=2888[0m
[00:16:44.536,461] [0m<inf> radiant_gate_mpsl: hiend: timer0=10 | lasted=2889us max=3486us | dur=2866us max=3463us short=0 | t0arm=31us stale=12[0m
[00:16:44.536,482] [0m<inf> radiant_gate_mpsl: gate: acq=19 in_grant=10/10 placed=19 granted=14 blocked=4 cancel=0 eagain=0 near=0 long=0 ext=78/2 dead=0 | den pend=1 anch=1 dist=0 degen=0 nosess=0 owed=0 | sent grant=1 dead=0 blk=4 supp=10 | end=14 (norm=14 rel=0 idle=0 late=0) | bad over=0 inval=0 unk=0 inl=4 | len=4888/4888 el=3500 skew=8548 brun=0 sig=7 g=0 hw=0 p=1 rel=0 end=1 boot=0 anchor=1 owes=1[0m
[00:16:44.711,617] [0m<inf> radiant_api: SWEEP set=1 steer=0 dwell=85425/260000 adv=1 sweeps=0 win=1 ok=3 searching=0 carrier=255 | chunks=6 preempt=0 missed=0 ebusy=0 rej=0 | pumps=376 hk=375 | scan_us=565200/6 track_us=7012/11 | end ok=0 abrt=2 miss=0 fail=0 deny=6 replan=0[0m
[00:16:45.536,586] [0m<inf> radiant_gate_mpsl: hi: acq=15 den=0 resv=0 pend=15 blk=0 grant=14[0m
[00:16:45.536,603] [0m<inf> radiant_gate_mpsl: seam: grant=16 nostage=0 prog=16/0 | sigrad=31 sigt0=94 isr=31 end=17 dis=0 term=6 | ramp=16/2 state=0 ev=0x13 rxen saved=0x80000014 cont=0x13f a=0x80000014 p=0x80000014 e=0x80000014 inten=0x00000140[0m
[00:16:45.536,612] [0m<inf> radiant_gate_mpsl: sw: n=14 wipe=0 ramp=14 wipe+ramp=0 rx=14 wipe+rx=0 | started=14 early=0/0us last=2636us | open lead=230us max=232us late=0 glen=4888 cc0=2888[0m
[00:16:45.536,645] [0m<inf> radiant_gate_mpsl: hiend: timer0=14 | lasted=2890us max=3486us | dur=2867us max=3463us short=0 | t0arm=31us stale=16[0m
[00:16:45.536,664] [0m<inf> radiant_gate_mpsl: gate: acq=23 in_grant=14/14 placed=23 granted=18 blocked=4 cancel=0 eagain=0 near=0 long=0 ext=78/2 dead=0 | den pend=1 anch=1 dist=0 degen=0 nosess=0 owed=0 | sent grant=1 dead=0 blk=4 supp=14 | end=18 (norm=18 rel=0 idle=0 late=0) | bad over=0 inval=0 unk=0 inl=4 | len=4888/4888 el=3500 skew=8548 brun=0 sig=7 g=0 hw=0 p=1 rel=0 end=1 boot=0 anchor=1 owes=1[0m
[00:16:45.759,713] [0m<inf> radiant_api: SWEEP set=1 steer=0 dwell=85425/260000 adv=1 sweeps=0 win=1 ok=3 searching=0 carrier=255 | chunks=6 preempt=0 missed=0 ebusy=0 rej=0 | pumps=401 hk=400 | scan_us=565200/6 track_us=8032/16 | end ok=0 abrt=2 miss=0 fail=0 deny=6 replan=0[0m
[00:16:46.536,731] [0m<inf> radiant_gate_mpsl: hi: acq=19 den=0 resv=0 pend=19 blk=0 grant=18[0m
[00:16:46.536,743] [0m<inf> radiant_gate_mpsl: seam: grant=20 nostage=0 prog=20/0 | sigrad=39 sigt0=98 isr=39 end=21 dis=0 term=6 | ramp=20/2 state=0 ev=0x13 rxen saved=0x80000014 cont=0x13f a=0x80000014 p=0x80000014 e=0x80000014 inten=0x00000140[0m
[00:16:46.536,752] [0m<inf> radiant_gate_mpsl: sw: n=18 wipe=0 ramp=18 wipe+ramp=0 rx=18 wipe+rx=0 | started=18 early=0/0us last=2635us | open lead=230us max=232us late=0 glen=4888 cc0=2888[0m
[00:16:46.536,783] [0m<inf> radiant_gate_mpsl: hiend: timer0=18 | lasted=2889us max=3486us | dur=2865us max=3463us short=0 | t0arm=32us stale=20[0m
[00:16:46.536,804] [0m<inf> radiant_gate_mpsl: gate: acq=27 in_grant=18/18 placed=27 granted=22 blocked=4 cancel=0 eagain=0 near=0 long=0 ext=78/2 dead=0 | den pend=1 anch=1 dist=0 degen=0 nosess=0 owed=0 | sent grant=1 dead=0 blk=4 supp=18 | end=22 (norm=22 rel=0 idle=0 late=0) | bad over=0 inval=0 unk=0 inl=4 | len=4888/4888 el=3500 skew=8548 brun=0 sig=7 g=0 hw=0 p=1 rel=0 end=1 boot=0 anchor=1 owes=1[0m
[00:16:46.806,592] [0m<inf> radiant_api: SWEEP set=1 steer=0 dwell=85425/260000 adv=1 sweeps=0 win=1 ok=3 searching=0 carrier=255 | chunks=6 preempt=0 missed=0 ebusy=0 rej=0 | pumps=427 hk=426 | scan_us=565200/6 track_us=8848/20 | end ok=0 abrt=2 miss=0 fail=0 deny=6 replan=0[0m
[00:16:47.536,909] [0m<inf> radiant_gate_mpsl: hi: acq=23 den=0 resv=0 pend=23 blk=0 grant=22[0m
[00:16:47.536,920] [0m<inf> radiant_gate_mpsl: seam: grant=24 nostage=0 prog=24/0 | sigrad=47 sigt0=102 isr=47 end=25 dis=0 term=6 | ramp=24/2 state=0 ev=0x13 rxen saved=0x80000014 cont=0x13f a=0x80000014 p=0x80000014 e=0x80000014 inten=0x00000140[0m
[00:16:47.536,930] [0m<inf> radiant_gate_mpsl: sw: n=22 wipe=0 ramp=22 wipe+ramp=0 rx=22 wipe+rx=0 | started=22 early=0/0us last=2635us | open lead=231us max=232us late=0 glen=4888 cc0=2888[0m
[00:16:47.536,963] [0m<inf> radiant_gate_mpsl: hiend: timer0=22 | lasted=2889us max=3486us | dur=2865us max=3463us short=0 | t0arm=32us stale=24[0m
[00:16:47.536,982] [0m<inf> radiant_gate_mpsl: gate: acq=31 in_grant=22/22 placed=31 granted=26 blocked=4 cancel=0 eagain=2 near=0 long=0 ext=78/2 dead=0 | den pend=1 anch=1 dist=0 degen=0 nosess=0 owed=0 | sent grant=1 dead=0 blk=4 supp=22 | end=26 (norm=26 rel=0 idle=0 late=0) | bad over=0 inval=0 unk=0 inl=4 | len=4888/4888 el=3500 skew=8548 brun=0 sig=7 g=0 hw=0 p=1 rel=0 end=1 boot=0 anchor=1 owes=1[0m
[00:16:47.807,342] [0m<inf> radiant_api: SWEEP set=1 steer=0 dwell=85425/260000 adv=1 sweeps=0 win=1 ok=3 searching=0 carrier=255 | chunks=6 preempt=0 missed=0 ebusy=0 rej=0 | pumps=451 hk=450 | scan_us=565200/6 track_us=9664/24 | end ok=0 abrt=2 miss=0 fail=0 deny=6 replan=0[0m
[00:16:48.459,506] [0m<inf> thread_coex: thread load: role=2 sent=100 failed=0 interval=100ms payload=64B[0m
[00:16:48.459,522] [0m<inf> thread_coex: thread lat us: <64=0 64=0 128=99 256=1 512=0 1k=0 2k=0 4k=0 8k=0 16k=0 32k=0 64k=0 >=128k=0 max=257[0m
[00:16:48.459,531] [0m<inf> thread_coex: thread mac d: tx=106 retry=0 cca=0 abort=0 busy=0 | tot tx=106 retry=0 cca=0 abort=0 busy=0[0m
[00:16:48.537,040] [0m<inf> radiant_gate_mpsl: hi: acq=27 den=0 resv=0 pend=27 blk=0 grant=26[0m
[00:16:48.537,051] [0m<inf> radiant_gate_mpsl: seam: grant=28 nostage=0 prog=28/0 | sigrad=55 sigt0=106 isr=55 end=29 dis=0 term=6 | ramp=28/2 state=0 ev=0x13 rxen saved=0x80000014 cont=0x13f a=0x80000014 p=0x80000014 e=0x80000014 inten=0x00000140[0m
[00:16:48.537,061] [0m<inf> radiant_gate_mpsl: sw: n=26 wipe=0 ramp=26 wipe+ramp=0 rx=26 wipe+rx=0 | started=26 early=0/0us last=2634us | open lead=231us max=232us late=0 glen=4888 cc0=2888[0m
[00:16:48.537,094] [0m<inf> radiant_gate_mpsl: hiend: timer0=26 | lasted=2889us max=3486us | dur=2865us max=3463us short=0 | t0arm=32us stale=28[0m
[00:16:48.537,113] [0m<inf> radiant_gate_mpsl: gate: acq=35 in_grant=26/26 placed=35 granted=30 blocked=4 cancel=0 eagain=2 near=0 long=0 ext=78/2 dead=0 | den pend=1 anch=1 dist=0 degen=0 nosess=0 owed=0 | sent grant=1 dead=0 blk=4 supp=26 | end=30 (norm=30 rel=0 idle=0 late=0) | bad over=0 inval=0 unk=0 inl=4 | len=4888/4888 el=3500 skew=8548 brun=0 sig=7 g=0 hw=0 p=1 rel=0 end=1 boot=0 anchor=1 owes=1[0m
[00:16:48.856,285] [0m<inf> radiant_api: SWEEP set=1 steer=0 dwell=85425/260000 adv=1 sweeps=0 win=1 ok=3 searching=0 carrier=255 | chunks=6 preempt=0 missed=0 ebusy=0 rej=0 | pumps=476 hk=475 | scan_us=565200/6 track_us=10480/28 | end ok=0 abrt=2 miss=0 fail=0 deny=6 replan=0[0m
[00:16:49.537,165] [0m<inf> radiant_gate_mpsl: hi: acq=31 den=0 resv=0 pend=31 blk=0 grant=30[0m
[00:16:49.537,176] [0m<inf> radiant_gate_mpsl: seam: grant=32 nostage=0 prog=32/0 | sigrad=63 sigt0=110 isr=63 end=33 dis=0 term=6 | ramp=32/2 state=0 ev=0x13 rxen saved=0x80000014 cont=0x13f a=0x80000014 p=0x80000014 e=0x80000014 inten=0x00000140[0m
[00:16:49.537,185] [0m<inf> radiant_gate_mpsl: sw: n=30 wipe=0 ramp=30 wipe+ramp=0 rx=30 wipe+rx=0 | started=30 early=0/0us last=2636us | open lead=230us max=232us late=0 glen=4888 cc0=2888[0m
[00:16:49.537,216] [0m<inf> radiant_gate_mpsl: hiend: timer0=30 | lasted=2889us max=3486us | dur=2866us max=3463us short=0 | t0arm=32us stale=32[0m
[00:16:49.537,234] [0m<inf> radiant_gate_mpsl: gate: acq=39 in_grant=30/30 placed=39 granted=34 blocked=4 cancel=0 eagain=2 near=0 long=0 ext=78/2 dead=0 | den pend=1 anch=1 dist=0 degen=0 nosess=0 owed=0 | sent grant=1 dead=0 blk=4 supp=30 | end=34 (norm=34 rel=0 idle=0 late=0) | bad over=0 inval=0 unk=0 inl=4 | len=4888/4888 el=3500 skew=8548 brun=0 sig=7 g=0 hw=0 p=1 rel=0 end=1 boot=0 anchor=1 owes=1[0m
[00:16:49.905,224] [0m<inf> radiant_api: SWEEP set=1 steer=0 dwell=85425/260000 adv=1 sweeps=0 win=1 ok=3 searching=0 carrier=255 | chunks=6 preempt=0 missed=0 ebusy=0 rej=0 | pumps=501 hk=500 | scan_us=565200/6 track_us=11296/32 | end ok=0 abrt=2 miss=0 fail=0 deny=6 replan=0[0m
[00:16:50.537,302] [0m<inf> radiant_gate_mpsl: hi: acq=35 den=0 resv=0 pend=35 blk=0 grant=34[0m
[00:16:50.537,313] [0m<inf> radiant_gate_mpsl: seam: grant=36 nostage=0 prog=36/0 | sigrad=71 sigt0=114 isr=71 end=37 dis=0 term=6 | ramp=36/2 state=0 ev=0x13 rxen saved=0x80000014 cont=0x13f a=0x80000014 p=0x80000014 e=0x80000014 inten=0x00000140[0m
[00:16:50.537,324] [0m<inf> radiant_gate_mpsl: sw: n=34 wipe=0 ramp=34 wipe+ramp=0 rx=34 wipe+rx=0 | started=34 early=0/0us last=2635us | open lead=230us max=233us late=0 glen=4888 cc0=2888[0m
[00:16:50.537,358] [0m<inf> radiant_gate_mpsl: hiend: timer0=34 | lasted=2889us max=3486us | dur=2865us max=3463us short=0 | t0arm=32us stale=36[0m
[00:16:50.537,376] [0m<inf> radiant_gate_mpsl: gate: acq=43 in_grant=34/34 placed=43 granted=38 blocked=4 cancel=0 eagain=2 near=0 long=0 ext=78/2 dead=0 | den pend=1 anch=1 dist=0 degen=0 nosess=0 owed=0 | sent grant=1 dead=0 blk=4 supp=34 | end=38 (norm=38 rel=0 idle=0 late=0) | bad over=0 inval=0 unk=0 inl=4 | len=4888/4888 el=3500 skew=8548 brun=0 sig=7 g=0 hw=0 p=1 rel=0 end=1 boot=0 anchor=1 owes=1[0m
[00:16:50.954,176] [0m<inf> radiant_api: SWEEP set=1 steer=0 dwell=85425/260000 adv=1 sweeps=0 win=1 ok=3 searching=0 carrier=255 | chunks=6 preempt=0 missed=0 ebusy=0 rej=0 | pumps=526 hk=525 | scan_us=565200/6 track_us=12112/36 | end ok=0 abrt=2 miss=0 fail=0 deny=6 replan=0[0m
[00:16:51.537,464] [0m<inf> radiant_gate_mpsl: hi: acq=39 den=0 resv=0 pend=39 blk=0 grant=38[0m
[00:16:51.537,481] [0m<inf> radiant_gate_mpsl: seam: grant=40 nostage=0 prog=40/0 | sigrad=79 sigt0=118 isr=79 end=41 dis=0 term=6 | ramp=40/2 state=0 ev=0x13 rxen saved=0x80000014 cont=0x13f a=0x80000014 p=0x80000014 e=0x80000014 inten=0x00000140[0m
[00:16:51.537,490] [0m<inf> radiant_gate_mpsl: sw: n=38 wipe=0 ramp=38 wipe+ramp=0 rx=38 wipe+rx=0 | started=38 early=0/0us last=2635us | open lead=230us max=233us late=0 glen=4888 cc0=2888[0m
[00:16:51.537,523] [0m<inf> radiant_gate_mpsl: hiend: timer0=38 | lasted=2890us max=3486us | dur=2866us max=3463us short=0 | t0arm=32us stale=40[0m
[00:16:51.537,542] [0m<inf> radiant_gate_mpsl: gate: acq=47 in_grant=38/38 placed=47 granted=42 blocked=4 cancel=0 eagain=2 near=0 long=0 ext=78/2 dead=0 | den pend=1 anch=1 dist=0 degen=0 nosess=0 owed=0 | sent grant=1 dead=0 blk=4 supp=38 | end=42 (norm=42 rel=0 idle=0 late=0) | bad over=0 inval=0 unk=0 inl=4 | len=4888/4888 el=3500 skew=8548 brun=0 sig=7 g=0 hw=0 p=1 rel=0 end=1 boot=0 anchor=1 owes=1[0m
[00:16:52.002,016] [0m<inf> radiant_api: SWEEP set=1 steer=0 dwell=85425/260000 adv=1 sweeps=0 win=1 ok=3 searching=0 carrier=255 | chunks=6 preempt=0 missed=0 ebusy=0 rej=0 | pumps=551 hk=550 | scan_us=565200/6 track_us=13132/41 | end ok=0 abrt=2 miss=0 fail=0 deny=6 replan=0[0m
[00:16:52.537,610] [0m<inf> radiant_gate_mpsl: hi: acq=43 den=0 resv=0 pend=43 blk=0 grant=42[0m
[00:16:52.537,622] [0m<inf> radiant_gate_mpsl: seam: grant=44 nostage=0 prog=44/0 | sigrad=87 sigt0=122 isr=87 end=45 dis=0 term=6 | ramp=44/2 state=0 ev=0x13 rxen saved=0x80000014 cont=0x13f a=0x80000014 p=0x80000014 e=0x80000014 inten=0x00000140[0m
[00:16:52.537,631] [0m<inf> radiant_gate_mpsl: sw: n=42 wipe=0 ramp=42 wipe+ramp=0 rx=42 wipe+rx=0 | started=42 early=0/0us last=2635us | open lead=231us max=233us late=0 glen=4888 cc0=2888[0m
[00:16:52.537,662] [0m<inf> radiant_gate_mpsl: hiend: timer0=42 | lasted=2889us max=3486us | dur=2865us max=3463us short=0 | t0arm=32us stale=44[0m
[00:16:52.537,683] [0m<inf> radiant_gate_mpsl: gate: acq=51 in_grant=42/42 placed=51 granted=46 blocked=4 cancel=0 eagain=2 near=0 long=0 ext=78/2 dead=0 | den pend=1 anch=1 dist=0 degen=0 nosess=0 owed=0 | sent grant=1 dead=0 blk=4 supp=42 | end=46 (norm=46 rel=0 idle=0 late=0) | bad over=0 inval=0 unk=0 inl=4 | len=4888/4888 el=3500 skew=8548 brun=0 sig=7 g=0 hw=0 p=1 rel=0 end=1 boot=0 anchor=1 owes=1[0m
[00:16:53.050,992] [0m<inf> radiant_api: SWEEP set=1 steer=0 dwell=85425/260000 adv=1 sweeps=0 win=1 ok=3 searching=0 carrier=255 | chunks=6 preempt=0 missed=0 ebusy=0 rej=0 | pumps=577 hk=576 | scan_us=565200/6 track_us=13948/45 | end ok=0 abrt=2 miss=0 fail=0 deny=6 replan=0[0m
[00:16:53.537,758] [0m<inf> radiant_gate_mpsl: hi: acq=47 den=0 resv=0 pend=47 blk=0 grant=46[0m
[00:16:53.537,769] [0m<inf> radiant_gate_mpsl: seam: grant=48 nostage=0 prog=48/0 | sigrad=95 sigt0=126 isr=95 end=49 dis=0 term=6 | ramp=48/2 state=0 ev=0x13 rxen saved=0x80000014 cont=0x13f a=0x80000014 p=0x80000014 e=0x80000014 inten=0x00000140[0m
[00:16:53.537,779] [0m<inf> radiant_gate_mpsl: sw: n=46 wipe=0 ramp=46 wipe+ramp=0 rx=46 wipe+rx=0 | started=46 early=0/0us last=2635us | open lead=230us max=233us late=0 glen=4888 cc0=2888[0m
[00:16:53.537,812] [0m<inf> radiant_gate_mpsl: hiend: timer0=46 | lasted=2889us max=3486us | dur=2866us max=3463us short=0 | t0arm=32us stale=48[0m
[00:16:53.537,831] [0m<inf> radiant_gate_mpsl: gate: acq=55 in_grant=46/46 placed=55 granted=50 blocked=4 cancel=0 eagain=2 near=0 long=0 ext=78/2 dead=0 | den pend=1 anch=1 dist=0 degen=0 nosess=0 owed=0 | sent grant=1 dead=0 blk=4 supp=46 | end=50 (norm=50 rel=0 idle=0 late=0) | bad over=0 inval=0 unk=0 inl=4 | len=4888/4888 el=3500 skew=8548 brun=0 sig=7 g=0 hw=0 p=1 rel=0 end=1 boot=0 anchor=1 owes=1[0m
[00:16:54.099,921] [0m<inf> radiant_api: SWEEP set=1 steer=0 dwell=85425/260000 adv=1 sweeps=0 win=1 ok=3 searching=0 carrier=255 | chunks=6 preempt=0 missed=0 ebusy=0 rej=0 | pumps=602 hk=601 | scan_us=565200/6 track_us=14764/49 | end ok=0 abrt=2 miss=0 fail=0 deny=6 replan=0[0m
[00:16:54.537,920] [0m<inf> radiant_gate_mpsl: hi: acq=51 den=0 resv=0 pend=51 blk=0 grant=50[0m
[00:16:54.537,937] [0m<inf> radiant_gate_mpsl: seam: grant=52 nostage=0 prog=52/0 | sigrad=103 sigt0=130 isr=103 end=53 dis=0 term=6 | ramp=52/2 state=0 ev=0x13 rxen saved=0x80000014 cont=0x13f a=0x80000014 p=0x80000014 e=0x80000014 inten=0x00000140[0m
[00:16:54.537,946] [0m<inf> radiant_gate_mpsl: sw: n=50 wipe=0 ramp=50 wipe+ramp=0 rx=50 wipe+rx=0 | started=50 early=0/0us last=2635us | open lead=230us max=233us late=0 glen=4888 cc0=2888[0m
[00:16:54.537,980] [0m<inf> radiant_gate_mpsl: hiend: timer0=50 | lasted=2889us max=3486us | dur=2866us max=3463us short=0 | t0arm=32us stale=52[0m
[00:16:54.537,998] [0m<inf> radiant_gate_mpsl: gate: acq=59 in_grant=50/50 placed=59 granted=54 blocked=4 cancel=0 eagain=2 near=0 long=0 ext=78/2 dead=0 | den pend=1 anch=1 dist=0 degen=0 nosess=0 owed=0 | sent grant=1 dead=0 blk=4 supp=50 | end=54 (norm=54 rel=0 idle=0 late=0) | bad over=0 inval=0 unk=0 inl=4 | len=4888/4888 el=3500 skew=8548 brun=0 sig=7 g=0 hw=0 p=1 rel=0 end=1 boot=0 anchor=1 owes=1[0m
[00:16:55.148,850] [0m<inf> radiant_api: SWEEP set=1 steer=0 dwell=85425/260000 adv=1 sweeps=0 win=1 ok=3 searching=0 carrier=255 | chunks=6 preempt=0 missed=0 ebusy=0 rej=0 | pumps=627 hk=626 | scan_us=565200/6 track_us=15580/53 | end ok=0 abrt=2 miss=0 fail=0 deny=6 replan=0[0m
[00:16:55.538,066] [0m<inf> radiant_gate_mpsl: hi: acq=55 den=0 resv=0 pend=55 blk=0 grant=54[0m
[00:16:55.538,078] [0m<inf> radiant_gate_mpsl: seam: grant=56 nostage=0 prog=56/0 | sigrad=111 sigt0=134 isr=111 end=57 dis=0 term=6 | ramp=56/2 state=0 ev=0x13 rxen saved=0x80000014 cont=0x13f a=0x80000014 p=0x80000014 e=0x80000014 inten=0x00000140[0m
[00:16:55.538,087] [0m<inf> radiant_gate_mpsl: sw: n=54 wipe=0 ramp=54 wipe+ramp=0 rx=54 wipe+rx=0 | started=54 early=0/0us last=2635us | open lead=231us max=233us late=0 glen=4888 cc0=2888[0m
[00:16:55.538,118] [0m<inf> radiant_gate_mpsl: hiend: timer0=54 | lasted=2889us max=3486us | dur=2865us max=3463us short=0 | t0arm=32us stale=56[0m
[00:16:55.538,139] [0m<inf> radiant_gate_mpsl: gate: acq=63 in_grant=54/54 placed=63 granted=58 blocked=4 cancel=0 eagain=2 near=0 long=0 ext=78/2 dead=0 | den pend=1 anch=1 dist=0 degen=0 nosess=0 owed=0 | sent grant=1 dead=0 blk=4 supp=54 | end=58 (norm=58 rel=0 idle=0 late=0) | bad over=0 inval=0 unk=0 inl=4 | len=4888/4888 el=3500 skew=8548 brun=0 sig=7 g=0 hw=0 p=1 rel=0 end=1 boot=0 anchor=1 owes=1[0m
[00:16:56.197,780] [0m<inf> radiant_api: SWEEP set=1 steer=0 dwell=85425/260000 adv=1 sweeps=0 win=1 ok=3 searching=0 carrier=255 | chunks=6 preempt=0 missed=0 ebusy=0 rej=0 | pumps=652 hk=651 | scan_us=565200/6 track_us=16396/57 | end ok=0 abrt=2 miss=0 fail=0 deny=6 replan=0[0m
[00:16:56.538,213] [0m<inf> radiant_gate_mpsl: hi: acq=59 den=0 resv=0 pend=59 blk=0 grant=58[0m
[00:16:56.538,224] [0m<inf> radiant_gate_mpsl: seam: grant=60 nostage=0 prog=60/0 | sigrad=119 sigt0=138 isr=119 end=61 dis=0 term=6 | ramp=60/2 state=0 ev=0x13 rxen saved=0x80000014 cont=0x13f a=0x80000014 p=0x80000014 e=0x80000014 inten=0x00000140[0m
[00:16:56.538,234] [0m<inf> radiant_gate_mpsl: sw: n=58 wipe=0 ramp=58 wipe+ramp=0 rx=58 wipe+rx=0 | started=58 early=0/0us last=2635us | open lead=230us max=233us late=0 glen=4888 cc0=2888[0m
[00:16:56.538,269] [0m<inf> radiant_gate_mpsl: hiend: timer0=58 | lasted=2889us max=3486us | dur=2866us max=3463us short=0 | t0arm=32us stale=60[0m
[00:16:56.538,287] [0m<inf> radiant_gate_mpsl: gate: acq=67 in_grant=58/58 placed=67 granted=62 blocked=4 cancel=0 eagain=2 near=0 long=0 ext=78/2 dead=0 | den pend=1 anch=1 dist=0 degen=0 nosess=0 owed=0 | sent grant=1 dead=0 blk=4 supp=58 | end=62 (norm=62 rel=0 idle=0 late=0) | bad over=0 inval=0 unk=0 inl=4 | len=4888/4888 el=3500 skew=8548 brun=0 sig=7 g=0 hw=0 p=1 rel=0 end=1 boot=0 anchor=1 owes=1[0m
[00:16:57.245,650] [0m<inf> radiant_api: SWEEP set=1 steer=0 dwell=85425/260000 adv=1 sweeps=0 win=1 ok=3 searching=0 carrier=255 | chunks=6 preempt=0 missed=0 ebusy=0 rej=0 | pumps=677 hk=676 | scan_us=565200/6 track_us=17416/62 | end ok=0 abrt=2 miss=0 fail=0 deny=6 replan=0[0m
[00:16:57.538,376] [0m<inf> radiant_gate_mpsl: hi: acq=63 den=0 resv=0 pend=63 blk=0 grant=62[0m
[00:16:57.538,393] [0m<inf> radiant_gate_mpsl: seam: grant=64 nostage=0 prog=64/0 | sigrad=127 sigt0=142 isr=127 end=65 dis=0 term=6 | ramp=64/2 state=0 ev=0x13 rxen saved=0x80000014 cont=0x13f a=0x80000014 p=0x80000014 e=0x80000014 inten=0x00000140[0m
[00:16:57.538,402] [0m<inf> radiant_gate_mpsl: sw: n=62 wipe=0 ramp=62 wipe+ramp=0 rx=62 wipe+rx=0 | started=62 early=0/0us last=2635us | open lead=230us max=233us late=0 glen=4888 cc0=2888[0m
[00:16:57.538,435] [0m<inf> radiant_gate_mpsl: hiend: timer0=62 | lasted=2889us max=3486us | dur=2865us max=3463us short=0 | t0arm=32us stale=64[0m
[00:16:57.538,454] [0m<inf> radiant_gate_mpsl: gate: acq=71 in_grant=62/62 placed=71 granted=66 blocked=4 cancel=0 eagain=2 near=0 long=0 ext=78/2 dead=0 | den pend=1 anch=1 dist=0 degen=0 nosess=0 owed=0 | sent grant=1 dead=0 blk=4 supp=62 | end=66 (norm=66 rel=0 idle=0 late=0) | bad over=0 inval=0 unk=0 inl=4 | len=4888/4888 el=3500 skew=8548 brun=0 sig=7 g=0 hw=0 p=1 rel=0 end=1 boot=0 anchor=1 owes=1[0m
[00:16:58.294,664] [0m<inf> radiant_api: SWEEP set=1 steer=0 dwell=85425/260000 adv=1 sweeps=0 win=1 ok=3 searching=0 carrier=255 | chunks=6 preempt=0 missed=0 ebusy=0 rej=0 | pumps=703 hk=702 | scan_us=565200/6 track_us=18232/66 | end ok=0 abrt=2 miss=0 fail=0 deny=6 replan=0[0m
[00:16:58.482,681] [0m<inf> thread_coex: thread load: role=2 sent=200 failed=0 interval=100ms payload=64B[0m
[00:16:58.482,691] [0m<inf> thread_coex: thread lat us: <64=0 64=0 128=199 256=1 512=0 1k=0 2k=0 4k=0 8k=0 16k=0 32k=0 64k=0 >=128k=0 max=257[0m
[00:16:58.482,699] [0m<inf> thread_coex: thread mac d: tx=100 retry=1 cca=0 abort=0 busy=0 | tot tx=206 retry=1 cca=0 abort=0 busy=0[0m
[00:16:58.538,507] [0m<inf> radiant_gate_mpsl: hi: acq=67 den=0 resv=0 pend=67 blk=0 grant=66[0m
[00:16:58.538,521] [0m<inf> radiant_gate_mpsl: seam: grant=68 nostage=0 prog=68/0 | sigrad=135 sigt0=146 isr=135 end=69 dis=0 term=6 | ramp=68/2 state=0 ev=0x13 rxen saved=0x80000014 cont=0x13f a=0x80000014 p=0x80000014 e=0x80000014 inten=0x00000140[0m
[00:16:58.538,530] [0m<inf> radiant_gate_mpsl: sw: n=66 wipe=0 ramp=66 wipe+ramp=0 rx=66 wipe+rx=0 | started=66 early=0/0us last=2635us | open lead=230us max=233us late=0 glen=4888 cc0=2888[0m
[00:16:58.538,560] [0m<inf> radiant_gate_mpsl: hiend: timer0=66 | lasted=2889us max=3486us | dur=2866us max=3463us short=0 | t0arm=32us stale=68[0m
[00:16:58.538,579] [0m<inf> radiant_gate_mpsl: gate: acq=75 in_grant=66/66 placed=75 granted=70 blocked=4 cancel=0 eagain=2 near=0 long=0 ext=78/2 dead=0 | den pend=1 anch=1 dist=0 degen=0 nosess=0 owed=0 | sent grant=1 dead=0 blk=4 supp=66 | end=70 (norm=70 rel=0 idle=0 late=0) | bad over=0 inval=0 unk=0 inl=4 | len=4888/4888 el=3500 skew=8548 brun=0 sig=7 g=0 hw=0 p=1 rel=0 end=1 boot=0 anchor=1 owes=1[0m
[00:16:59.343,591] [0m<inf> radiant_api: SWEEP set=1 steer=0 dwell=85425/260000 adv=1 sweeps=0 win=1 ok=3 searching=0 carrier=255 | chunks=6 preempt=0 missed=0 ebusy=0 rej=0 | pumps=728 hk=727 | scan_us=565200/6 track_us=19048/70 | end ok=0 abrt=2 miss=0 fail=0 deny=6 replan=0[0m
[00:16:59.538,638] [0m<inf> radiant_gate_mpsl: hi: acq=71 den=0 resv=0 pend=71 blk=0 grant=70[0m
[00:16:59.538,649] [0m<inf> radiant_gate_mpsl: seam: grant=72 nostage=0 prog=72/0 | sigrad=143 sigt0=150 isr=143 end=73 dis=0 term=6 | ramp=72/2 state=0 ev=0x13 rxen saved=0x80000014 cont=0x13f a=0x80000014 p=0x80000014 e=0x80000014 inten=0x00000140[0m
[00:16:59.538,658] [0m<inf> radiant_gate_mpsl: sw: n=70 wipe=0 ramp=70 wipe+ramp=0 rx=70 wipe+rx=0 | started=70 early=0/0us last=2635us | open lead=230us max=233us late=0 glen=4888 cc0=2888[0m
[00:16:59.538,692] [0m<inf> radiant_gate_mpsl: hiend: timer0=70 | lasted=2889us max=3486us | dur=2865us max=3463us short=0 | t0arm=32us stale=72[0m
[00:16:59.538,710] [0m<inf> radiant_gate_mpsl: gate: acq=79 in_grant=70/70 placed=79 granted=74 blocked=4 cancel=0 eagain=2 near=0 long=0 ext=78/2 dead=0 | den pend=1 anch=1 dist=0 degen=0 nosess=0 owed=0 | sent grant=1 dead=0 blk=4 supp=70 | end=74 (norm=74 rel=0 idle=0 late=0) | bad over=0 inval=0 unk=0 inl=4 | len=4888/4888 el=3500 skew=8548 brun=0 sig=7 g=0 hw=0 p=1 rel=0 end=1 boot=0 anchor=1 owes=1[0m
[00:17:00.392,457] [0m<inf> radiant_api: SWEEP set=1 steer=0 dwell=85425/260000 adv=1 sweeps=0 win=1 ok=3 searching=0 carrier=255 | chunks=6 preempt=0 missed=0 ebusy=0 rej=0 | pumps=753 hk=752 | scan_us=565200/6 track_us=19864/74 | end ok=0 abrt=2 miss=0 fail=0 deny=6 replan=0[0m
[00:17:00.538,766] [0m<inf> radiant_gate_mpsl: hi: acq=75 den=0 resv=0 pend=75 blk=0 grant=74[0m
[00:17:00.538,783] [0m<inf> radiant_gate_mpsl: seam: grant=76 nostage=0 prog=76/0 | sigrad=151 sigt0=154 isr=151 end=77 dis=0 term=6 | ramp=76/2 state=0 ev=0x13 rxen saved=0x80000014 cont=0x13f a=0x80000014 p=0x80000014 e=0x80000014 inten=0x00000140[0m
[00:17:00.538,792] [0m<inf> radiant_gate_mpsl: sw: n=74 wipe=0 ramp=74 wipe+ramp=0 rx=74 wipe+rx=0 | started=74 early=0/0us last=2635us | open lead=230us max=233us late=0 glen=4888 cc0=2888[0m
[00:17:00.538,825] [0m<inf> radiant_gate_mpsl: hiend: timer0=74 | lasted=2889us max=3486us | dur=2865us max=3463us short=0 | t0arm=32us stale=76[0m
[00:17:00.538,844] [0m<inf> radiant_gate_mpsl: gate: acq=83 in_grant=74/74 placed=83 granted=78 blocked=4 cancel=0 eagain=2 near=0 long=0 ext=78/2 dead=0 | den pend=1 anch=1 dist=0 degen=0 nosess=0 owed=0 | sent grant=1 dead=0 blk=4 supp=74 | end=78 (norm=78 rel=0 idle=0 late=0) | bad over=0 inval=0 unk=0 inl=4 | len=4888/4888 el=3500 skew=8548 brun=0 sig=7 g=0 hw=0 p=1 rel=0 end=1 boot=0 anchor=1 owes=1[0m
[00:17:01.441,440] [0m<inf> radiant_api: SWEEP set=1 steer=0 dwell=85425/260000 adv=1 sweeps=0 win=1 ok=3 searching=0 carrier=255 | chunks=6 preempt=0 missed=0 ebusy=0 rej=0 | pumps=778 hk=777 | scan_us=565200/6 track_us=20680/78 | end ok=0 abrt=2 miss=0 fail=0 deny=6 replan=0[0m
[00:17:01.538,881] [0m<inf> radiant_gate_mpsl: hi: acq=79 den=0 resv=0 pend=79 blk=0 grant=78[0m
[00:17:01.538,893] [0m<inf> radiant_gate_mpsl: seam: grant=80 nostage=0 prog=80/0 | sigrad=159 sigt0=158 isr=159 end=81 dis=0 term=6 | ramp=80/2 state=0 ev=0x13 rxen saved=0x80000014 cont=0x13f a=0x80000014 p=0x80000014 e=0x80000014 inten=0x00000140[0m
[00:17:01.538,902] [0m<inf> radiant_gate_mpsl: sw: n=78 wipe=0 ramp=78 wipe+ramp=0 rx=78 wipe+rx=0 | started=78 early=0/0us last=2636us | open lead=230us max=233us late=0 glen=4888 cc0=2888[0m
[00:17:01.538,933] [0m<inf> radiant_gate_mpsl: hiend: timer0=78 | lasted=2889us max=3486us | dur=2866us max=3463us short=0 | t0arm=31us stale=80[0m
[00:17:01.538,954] [0m<inf> radiant_gate_mpsl: gate: acq=87 in_grant=78/78 placed=87 granted=82 blocked=4 cancel=0 eagain=4 near=0 long=0 ext=78/2 dead=0 | den pend=1 anch=1 dist=0 degen=0 nosess=0 owed=0 | sent grant=1 dead=0 blk=4 supp=78 | end=82 (norm=82 rel=0 idle=0 late=0) | bad over=0 inval=0 unk=0 inl=4 | len=4888/4888 el=3500 skew=8548 brun=0 sig=7 g=0 hw=0 p=1 rel=0 end=1 boot=0 anchor=1 owes=1[0m
[00:17:02.489,265] [0m<inf> radiant_api: SWEEP set=1 steer=0 dwell=85425/260000 adv=1 sweeps=0 win=1 ok=3 searching=0 carrier=255 | chunks=6 preempt=0 missed=0 ebusy=0 rej=0 | pumps=803 hk=802 | scan_us=565200/6 track_us=21700/83 | end ok=0 abrt=2 miss=0 fail=0 deny=6 replan=0[0m
[00:17:02.539,050] [0m<inf> radiant_gate_mpsl: hi: acq=83 den=0 resv=0 pend=83 blk=0 grant=82[0m
[00:17:02.539,061] [0m<inf> radiant_gate_mpsl: seam: grant=84 nostage=0 prog=84/0 | sigrad=167 sigt0=162 isr=167 end=85 dis=0 term=6 | ramp=84/2 state=0 ev=0x13 rxen saved=0x80000014 cont=0x13f a=0x80000014 p=0x80000014 e=0x80000014 inten=0x00000140[0m
[00:17:02.539,072] [0m<inf> radiant_gate_mpsl: sw: n=82 wipe=0 ramp=82 wipe+ramp=0 rx=82 wipe+rx=0 | started=82 early=0/0us last=2635us | open lead=231us max=233us late=0 glen=4888 cc0=2888[0m
[00:17:02.539,105] [0m<inf> radiant_gate_mpsl: hiend: timer0=82 | lasted=2890us max=3486us | dur=2867us max=3463us short=0 | t0arm=31us stale=84[0m
[00:17:02.539,124] [0m<inf> radiant_gate_mpsl: gate: acq=91 in_grant=82/82 placed=91 granted=86 blocked=4 cancel=0 eagain=4 near=0 long=0 ext=78/2 dead=0 | den pend=1 anch=1 dist=0 degen=0 nosess=0 owed=0 | sent grant=1 dead=0 blk=4 supp=82 | end=86 (norm=86 rel=0 idle=0 late=0) | bad over=0 inval=0 unk=0 inl=4 | len=4888/4888 el=3500 skew=8548 brun=0 sig=7 g=0 hw=0 p=1 rel=0 end=1 boot=0 anchor=1 owes=1[0m
[00:17:03.538,214] [0m<inf> radiant_api: SWEEP set=1 steer=0 dwell=85425/260000 adv=1 sweeps=0 win=1 ok=3 searching=0 carrier=255 | chunks=6 preempt=0 missed=0 ebusy=0 rej=0 | pumps=829 hk=828 | scan_us=565200/6 track_us=22516/87 | end ok=0 abrt=2 miss=0 fail=0 deny=6 replan=0[0m
[00:17:03.539,174] [0m<inf> radiant_gate_mpsl: hi: acq=87 den=0 resv=0 pend=87 blk=0 grant=86[0m
[00:17:03.539,185] [0m<inf> radiant_gate_mpsl: seam: grant=88 nostage=0 prog=88/0 | sigrad=175 sigt0=166 isr=175 end=89 dis=0 term=6 | ramp=88/2 state=0 ev=0x13 rxen saved=0x80000014 cont=0x13f a=0x80000014 p=0x80000014 e=0x80000014 inten=0x00000140[0m
[00:17:03.539,194] [0m<inf> radiant_gate_mpsl: sw: n=86 wipe=0 ramp=86 wipe+ramp=0 rx=86 wipe+rx=0 | started=86 early=0/0us last=2635us | open lead=231us max=233us late=0 glen=4888 cc0=2888[0m
[00:17:03.539,225] [0m<inf> radiant_gate_mpsl: hiend: timer0=86 | lasted=2889us max=3486us | dur=2866us max=3463us short=0 | t0arm=31us stale=88[0m
[00:17:03.539,243] [0m<inf> radiant_gate_mpsl: gate: acq=95 in_grant=86/86 placed=95 granted=90 blocked=4 cancel=0 eagain=4 near=0 long=0 ext=78/2 dead=0 | den pend=1 anch=1 dist=0 degen=0 nosess=0 owed=0 | sent grant=1 dead=0 blk=4 supp=86 | end=90 (norm=90 rel=0 idle=0 late=0) | bad over=0 inval=0 unk=0 inl=4 | len=4888/4888 el=3500 skew=8548 brun=0 sig=7 g=0 hw=0 p=1 rel=0 end=1 boot=0 anchor=1 owes=1[0m
[00:17:04.539,308] [0m<inf> radiant_gate_mpsl: hi: acq=91 den=0 resv=0 pend=91 blk=0 grant=90[0m
[00:17:04.539,324] [0m<inf> radiant_gate_mpsl: seam: grant=92 nostage=0 prog=92/0 | sigrad=183 sigt0=170 isr=183 end=93 dis=0 term=6 | ramp=92/2 state=0 ev=0x13 rxen saved=0x80000014 cont=0x13f a=0x80000014 p=0x80000014 e=0x80000014 inten=0x00000140[0m
[00:17:04.539,333] [0m<inf> radiant_gate_mpsl: sw: n=90 wipe=0 ramp=90 wipe+ramp=0 rx=90 wipe+rx=0 | started=90 early=0/0us last=2635us | open lead=231us max=233us late=0 glen=4888 cc0=2888[0m
[00:17:04.539,367] [0m<inf> radiant_gate_mpsl: hiend: timer0=90 | lasted=2889us max=3486us | dur=2866us max=3463us short=0 | t0arm=31us stale=92[0m
[00:17:04.539,385] [0m<inf> radiant_gate_mpsl: gate: acq=99 in_grant=90/90 placed=99 granted=94 blocked=4 cancel=0 eagain=5 near=0 long=0 ext=78/2 dead=0 | den pend=1 anch=1 dist=0 degen=0 nosess=0 owed=0 | sent grant=1 dead=0 blk=4 supp=90 | end=94 (norm=94 rel=0 idle=0 late=0) | bad over=0 inval=0 unk=0 inl=4 | len=4888/4888 el=3500 skew=8548 brun=0 sig=7 g=0 hw=0 p=1 rel=0 end=1 boot=0 anchor=1 owes=1[0m
[00:17:04.587,175] [0m<inf> radiant_api: SWEEP set=1 steer=0 dwell=85425/260000 adv=1 sweeps=0 win=1 ok=3 searching=0 carrier=255 | chunks=6 preempt=0 missed=0 ebusy=0 rej=0 | pumps=854 hk=853 | scan_us=565200/6 track_us=23332/91 | end ok=0 abrt=2 miss=0 fail=0 deny=6 replan=0[0m
[00:17:05.539,426] [0m<inf> radiant_gate_mpsl: hi: acq=95 den=0 resv=0 pend=95 blk=0 grant=94[0m
[00:17:05.539,437] [0m<inf> radiant_gate_mpsl: seam: grant=96 nostage=0 prog=96/0 | sigrad=191 sigt0=174 isr=191 end=97 dis=0 term=6 | ramp=96/2 state=0 ev=0x13 rxen saved=0x80000014 cont=0x13f a=0x80000014 p=0x80000014 e=0x80000014 inten=0x00000140[0m
[00:17:05.539,446] [0m<inf> radiant_gate_mpsl: sw: n=94 wipe=0 ramp=94 wipe+ramp=0 rx=94 wipe+rx=0 | started=94 early=0/0us last=2635us | open lead=231us max=233us late=0 glen=4888 cc0=2888[0m
[00:17:05.539,477] [0m<inf> radiant_gate_mpsl: hiend: timer0=94 | lasted=2890us max=3486us | dur=2867us max=3463us short=0 | t0arm=31us stale=96[0m
[00:17:05.539,498] [0m<inf> radiant_gate_mpsl: gate: acq=103 in_grant=94/94 placed=103 granted=98 blocked=4 cancel=0 eagain=5 near=0 long=0 ext=78/2 dead=0 | den pend=1 anch=1 dist=0 degen=0 nosess=0 owed=0 | sent grant=1 dead=0 blk=4 supp=94 | end=98 (norm=98 rel=0 idle=0 late=0) | bad over=0 inval=0 unk=0 inl=4 | len=4888/4888 el=3500 skew=8548 brun=0 sig=7 g=0 hw=0 p=1 rel=0 end=1 boot=0 anchor=1 owes=1[0m
[00:17:05.636,078] [0m<inf> radiant_api: SWEEP set=1 steer=0 dwell=85425/260000 adv=1 sweeps=0 win=1 ok=3 searching=0 carrier=255 | chunks=6 preempt=0 missed=0 ebusy=0 rej=0 | pumps=879 hk=878 | scan_us=565200/6 track_us=24148/95 | end ok=0 abrt=2 miss=0 fail=0 deny=6 replan=0[0m
[00:17:06.539,569] [0m<inf> radiant_gate_mpsl: hi: acq=99 den=0 resv=0 pend=99 blk=0 grant=98[0m
[00:17:06.539,585] [0m<inf> radiant_gate_mpsl: seam: grant=100 nostage=0 prog=100/0 | sigrad=199 sigt0=178 isr=199 end=101 dis=0 term=6 | ramp=100/2 state=0 ev=0x13 rxen saved=0x80000014 cont=0x13f a=0x80000014 p=0x80000014 e=0x80000014 inten=0x00000140[0m
[00:17:06.539,594] [0m<inf> radiant_gate_mpsl: sw: n=98 wipe=0 ramp=98 wipe+ramp=0 rx=98 wipe+rx=0 | started=98 early=0/0us last=2635us | open lead=231us max=233us late=0 glen=4888 cc0=2888[0m
[00:17:06.539,628] [0m<inf> radiant_gate_mpsl: hiend: timer0=98 | lasted=2889us max=3486us | dur=2866us max=3463us short=0 | t0arm=31us stale=100[0m
[00:17:06.539,646] [0m<inf> radiant_gate_mpsl: gate: acq=107 in_grant=98/98 placed=107 granted=102 blocked=4 cancel=0 eagain=5 near=0 long=0 ext=78/2 dead=0 | den pend=1 anch=1 dist=0 degen=0 nosess=0 owed=0 | sent grant=1 dead=0 blk=4 supp=98 | end=102 (norm=102 rel=0 idle=0 late=0) | bad over=0 inval=0 unk=0 inl=4 | len=4888/4888 el=3500 skew=8548 brun=0 sig=7 g=0 hw=0 p=1 rel=0 end=1 boot=0 anchor=1 owes=1[0m
[00:17:06.685,041] [0m<inf> radiant_api: SWEEP set=1 steer=0 dwell=85425/260000 adv=1 sweeps=0 win=1 ok=3 searching=0 carrier=255 | chunks=6 preempt=0 missed=0 ebusy=0 rej=0 | pumps=904 hk=903 | scan_us=565200/6 track_us=24964/99 | end ok=0 abrt=2 miss=0 fail=0 deny=6 replan=0[0m
[00:17:07.539,730] [0m<inf> radiant_gate_mpsl: hi: acq=103 den=0 resv=0 pend=103 blk=0 grant=102[0m
[00:17:07.539,741] [0m<inf> radiant_gate_mpsl: seam: grant=104 nostage=0 prog=104/0 | sigrad=207 sigt0=182 isr=207 end=105 dis=0 term=6 | ramp=104/2 state=0 ev=0x13 rxen saved=0x80000014 cont=0x13f a=0x80000014 p=0x80000014 e=0x80000014 inten=0x00000140[0m
[00:17:07.539,750] [0m<inf> radiant_gate_mpsl: sw: n=102 wipe=0 ramp=102 wipe+ramp=0 rx=102 wipe+rx=0 | started=102 early=0/0us last=2635us | open lead=231us max=233us late=0 glen=4888 cc0=2888[0m
[00:17:07.539,782] [0m<inf> radiant_gate_mpsl: hiend: timer0=102 | lasted=2889us max=3486us | dur=2866us max=3463us short=0 | t0arm=31us stale=104[0m
[00:17:07.539,803] [0m<inf> radiant_gate_mpsl: gate: acq=111 in_grant=102/102 placed=111 granted=106 blocked=4 cancel=0 eagain=5 near=0 long=0 ext=78/2 dead=0 | den pend=1 anch=1 dist=0 degen=0 nosess=0 owed=0 | sent grant=1 dead=0 blk=4 supp=102 | end=106 (norm=106 rel=0 idle=0 late=0) | bad over=0 inval=0 unk=0 inl=4 | len=4888/4888 el=3500 skew=8548 brun=0 sig=7 g=0 hw=0 p=1 rel=0 end=1 boot=0 anchor=1 owes=1[0m
[00:17:07.732,909] [0m<inf> radiant_api: SWEEP set=1 steer=0 dwell=85425/260000 adv=1 sweeps=0 win=1 ok=3 searching=0 carrier=255 | chunks=6 preempt=0 missed=0 ebusy=0 rej=0 | pumps=929 hk=928 | scan_us=565200/6 track_us=25984/104 | end ok=0 abrt=2 miss=0 fail=0 deny=6 replan=0[0m
[00:17:08.506,057] [0m<inf> thread_coex: thread load: role=2 sent=300 failed=0 interval=100ms payload=64B[0m
[00:17:08.506,073] [0m<inf> thread_coex: thread lat us: <64=0 64=0 128=298 256=2 512=0 1k=0 2k=0 4k=0 8k=0 16k=0 32k=0 64k=0 >=128k=0 max=311[0m
[00:17:08.506,081] [0m<inf> thread_coex: thread mac d: tx=100 retry=2 cca=0 abort=0 busy=0 | tot tx=306 retry=3 cca=0 abort=0 busy=0[0m
[00:17:08.539,873] [0m<inf> radiant_gate_mpsl: hi: acq=107 den=0 resv=0 pend=107 blk=0 grant=106[0m
[00:17:08.539,884] [0m<inf> radiant_gate_mpsl: seam: grant=108 nostage=0 prog=108/0 | sigrad=215 sigt0=186 isr=215 end=109 dis=0 term=6 | ramp=108/2 state=0 ev=0x13 rxen saved=0x80000014 cont=0x13f a=0x80000014 p=0x80000014 e=0x80000014 inten=0x00000140[0m
[00:17:08.539,895] [0m<inf> radiant_gate_mpsl: sw: n=106 wipe=0 ramp=106 wipe+ramp=0 rx=106 wipe+rx=0 | started=106 early=0/0us last=2635us | open lead=231us max=233us late=0 glen=4888 cc0=2888[0m
[00:17:08.539,929] [0m<inf> radiant_gate_mpsl: hiend: timer0=106 | lasted=2890us max=3486us | dur=2867us max=3463us short=0 | t0arm=31us stale=108[0m
[00:17:08.539,948] [0m<inf> radiant_gate_mpsl: gate: acq=115 in_grant=106/106 placed=115 granted=110 blocked=4 cancel=0 eagain=5 near=0 long=0 ext=78/2 dead=0 | den pend=1 anch=1 dist=0 degen=0 nosess=0 owed=0 | sent grant=1 dead=0 blk=4 supp=106 | end=110 (norm=110 rel=0 idle=0 late=0) | bad over=0 inval=0 unk=0 inl=4 | len=4888/4888 el=3500 skew=8548 brun=0 sig=7 g=0 hw=0 p=1 rel=0 end=1 boot=0 anchor=1 owes=1[0m
[00:17:08.781,891] [0m<inf> radiant_api: SWEEP set=1 steer=0 dwell=85425/260000 adv=1 sweeps=0 win=1 ok=3 searching=0 carrier=255 | chunks=6 preempt=0 missed=0 ebusy=0 rej=0 | pumps=955 hk=954 | scan_us=565200/6 track_us=26800/108 | end ok=0 abrt=2 miss=0 fail=0 deny=6 replan=0[0m
[00:17:09.539,999] [0m<inf> radiant_gate_mpsl: hi: acq=111 den=0 resv=0 pend=111 blk=0 grant=110[0m
[00:17:09.540,010] [0m<inf> radiant_gate_mpsl: seam: grant=112 nostage=0 prog=112/0 | sigrad=223 sigt0=190 isr=223 end=113 dis=0 term=6 | ramp=112/2 state=0 ev=0x13 rxen saved=0x80000014 cont=0x13f a=0x80000014 p=0x80000014 e=0x80000014 inten=0x00000140[0m
[00:17:09.540,019] [0m<inf> radiant_gate_mpsl: sw: n=110 wipe=0 ramp=110 wipe+ramp=0 rx=110 wipe+rx=0 | started=110 early=0/0us last=2635us | open lead=232us max=233us late=0 glen=4888 cc0=2888[0m
[00:17:09.540,053] [0m<inf> radiant_gate_mpsl: hiend: timer0=110 | lasted=2889us max=3486us | dur=2866us max=3463us short=0 | t0arm=31us stale=112[0m
[00:17:09.540,071] [0m<inf> radiant_gate_mpsl: gate: acq=119 in_grant=110/110 placed=119 granted=114 blocked=4 cancel=0 eagain=5 near=0 long=0 ext=78/2 dead=0 | den pend=1 anch=1 dist=0 degen=0 nosess=0 owed=0 | sent grant=1 dead=0 blk=4 supp=110 | end=114 (norm=114 rel=0 idle=0 late=0) | bad over=0 inval=0 unk=0 inl=4 | len=4888/4888 el=3500 skew=8548 brun=0 sig=7 g=0 hw=0 p=1 rel=0 end=1 boot=0 anchor=1 owes=1[0m
[00:17:09.830,838] [0m<inf> radiant_api: SWEEP set=1 steer=0 dwell=85425/260000 adv=1 sweeps=0 win=1 ok=3 searching=0 carrier=255 | chunks=6 preempt=0 missed=0 ebusy=0 rej=0 | pumps=980 hk=979 | scan_us=565200/6 track_us=27616/112 | end ok=0 abrt=2 miss=0 fail=0 deny=6 replan=0[0m
[00:17:10.540,167] [0m<inf> radiant_gate_mpsl: hi: acq=115 den=0 resv=0 pend=115 blk=0 grant=114[0m
[00:17:10.540,178] [0m<inf> radiant_gate_mpsl: seam: grant=116 nostage=0 prog=116/0 | sigrad=231 sigt0=194 isr=231 end=117 dis=0 term=6 | ramp=116/2 state=0 ev=0x13 rxen saved=0x80000014 cont=0x13f a=0x80000014 p=0x80000014 e=0x80000014 inten=0x00000140[0m
[00:17:10.540,187] [0m<inf> radiant_gate_mpsl: sw: n=114 wipe=0 ramp=114 wipe+ramp=0 rx=114 wipe+rx=0 | started=114 early=0/0us last=2635us | open lead=231us max=233us late=0 glen=4888 cc0=2888[0m
[00:17:10.540,222] [0m<inf> radiant_gate_mpsl: hiend: timer0=114 | lasted=2890us max=3486us | dur=2867us max=3463us short=0 | t0arm=31us stale=116[0m
[00:17:10.540,240] [0m<inf> radiant_gate_mpsl: gate: acq=123 in_grant=114/114 placed=123 granted=118 blocked=4 cancel=0 eagain=5 near=0 long=0 ext=78/2 dead=0 | den pend=1 anch=1 dist=0 degen=0 nosess=0 owed=0 | sent grant=1 dead=0 blk=4 supp=114 | end=118 (norm=118 rel=0 idle=0 late=0) | bad over=0 inval=0 unk=0 inl=4 | len=4888/4888 el=3500 skew=8548 brun=0 sig=7 g=0 hw=0 p=1 rel=0 end=1 boot=0 anchor=1 owes=1[0m
[00:17:10.879,745] [0m<inf> radiant_api: SWEEP set=1 steer=0 dwell=85425/260000 adv=1 sweeps=0 win=1 ok=3 searching=0 carrier=255 | chunks=6 preempt=0 missed=0 ebusy=0 rej=0 | pumps=1005 hk=1004 | scan_us=565200/6 track_us=28432/116 | end ok=0 abrt=2 miss=0 fail=0 deny=6 replan=0[0m
[00:17:11.540,328] [0m<inf> radiant_gate_mpsl: hi: acq=119 den=0 resv=0 pend=119 blk=0 grant=118[0m
[00:17:11.540,344] [0m<inf> radiant_gate_mpsl: seam: grant=120 nostage=0 prog=120/0 | sigrad=239 sigt0=198 isr=239 end=121 dis=0 term=6 | ramp=120/2 state=0 ev=0x13 rxen saved=0x80000014 cont=0x13f a=0x80000014 p=0x80000014 e=0x80000014 inten=0x00000140[0m
[00:17:11.540,353] [0m<inf> radiant_gate_mpsl: sw: n=118 wipe=0 ramp=118 wipe+ramp=0 rx=118 wipe+rx=0 | started=118 early=0/0us last=2634us | open lead=232us max=233us late=0 glen=4888 cc0=2888[0m
[00:17:11.540,387] [0m<inf> radiant_gate_mpsl: hiend: timer0=118 | lasted=2890us max=3486us | dur=2867us max=3463us short=0 | t0arm=31us stale=120[0m
[00:17:11.540,406] [0m<inf> radiant_gate_mpsl: gate: acq=127 in_grant=118/118 placed=127 granted=122 blocked=4 cancel=0 eagain=5 near=0 long=0 ext=78/2 dead=0 | den pend=1 anch=1 dist=0 degen=0 nosess=0 owed=0 | sent grant=1 dead=0 blk=4 supp=118 | end=122 (norm=122 rel=0 idle=0 late=0) | bad over=0 inval=0 unk=0 inl=4 | len=4888/4888 el=3500 skew=8548 brun=0 sig=7 g=0 hw=0 p=1 rel=0 end=1 boot=0 anchor=1 owes=1[0m
[00:17:11.928,744] [0m<inf> radiant_api: SWEEP set=1 steer=0 dwell=85425/260000 adv=1 sweeps=0 win=1 ok=3 searching=0 carrier=255 | chunks=6 preempt=0 missed=0 ebusy=0 rej=0 | pumps=1030 hk=1029 | scan_us=565200/6 track_us=29248/120 | end ok=0 abrt=2 miss=0 fail=0 deny=6 replan=0[0m
[00:17:12.540,446] [0m<inf> radiant_gate_mpsl: hi: acq=123 den=0 resv=0 pend=123 blk=0 grant=122[0m
[00:17:12.540,457] [0m<inf> radiant_gate_mpsl: seam: grant=124 nostage=0 prog=124/0 | sigrad=247 sigt0=202 isr=247 end=125 dis=0 term=6 | ramp=124/2 state=0 ev=0x13 rxen saved=0x80000014 cont=0x13f a=0x80000014 p=0x80000014 e=0x80000014 inten=0x00000140[0m
[00:17:12.540,466] [0m<inf> radiant_gate_mpsl: sw: n=122 wipe=0 ramp=122 wipe+ramp=0 rx=122 wipe+rx=0 | started=122 early=0/0us last=2634us | open lead=232us max=233us late=0 glen=4888 cc0=2888[0m
[00:17:12.540,498] [0m<inf> radiant_gate_mpsl: hiend: timer0=122 | lasted=2889us max=3486us | dur=2866us max=3463us short=0 | t0arm=31us stale=124[0m
[00:17:12.540,519] [0m<inf> radiant_gate_mpsl: gate: acq=131 in_grant=122/122 placed=131 granted=126 blocked=4 cancel=0 eagain=5 near=0 long=0 ext=78/2 dead=0 | den pend=1 anch=1 dist=0 degen=0 nosess=0 owed=0 | sent grant=1 dead=0 blk=4 supp=122 | end=126 (norm=126 rel=0 idle=0 late=0) | bad over=0 inval=0 unk=0 inl=4 | len=4888/4888 el=3500 skew=8548 brun=0 sig=7 g=0 hw=0 p=1 rel=0 end=1 boot=0 anchor=1 owes=1[0m
[00:17:12.976,535] [0m<inf> radiant_api: SWEEP set=1 steer=0 dwell=85425/260000 adv=1 sweeps=0 win=1 ok=3 searching=0 carrier=255 | chunks=6 preempt=0 missed=0 ebusy=0 rej=0 | pumps=1055 hk=1054 | scan_us=565200/6 track_us=30268/125 | end ok=0 abrt=2 miss=0 fail=0 deny=6 replan=0[0m
[00:17:13.540,592] [0m<inf> radiant_gate_mpsl: hi: acq=127 den=0 resv=0 pend=127 blk=0 grant=126[0m
[00:17:13.540,603] [0m<inf> radiant_gate_mpsl: seam: grant=128 nostage=0 prog=128/0 | sigrad=255 sigt0=206 isr=255 end=129 dis=0 term=6 | ramp=128/2 state=0 ev=0x13 rxen saved=0x80000014 cont=0x13f a=0x80000014 p=0x80000014 e=0x80000014 inten=0x00000140[0m
[00:17:13.540,612] [0m<inf> radiant_gate_mpsl: sw: n=126 wipe=0 ramp=126 wipe+ramp=0 rx=126 wipe+rx=0 | started=126 early=0/0us last=2636us | open lead=230us max=233us late=0 glen=4888 cc0=2888[0m
[00:17:13.540,646] [0m<inf> radiant_gate_mpsl: hiend: timer0=126 | lasted=2890us max=3486us | dur=2867us max=3463us short=0 | t0arm=31us stale=128[0m
[00:17:13.540,665] [0m<inf> radiant_gate_mpsl: gate: acq=135 in_grant=126/126 placed=135 granted=130 blocked=4 cancel=0 eagain=5 near=0 long=0 ext=78/2 dead=0 | den pend=1 anch=1 dist=0 degen=0 nosess=0 owed=0 | sent grant=1 dead=0 blk=4 supp=126 | end=130 (norm=130 rel=0 idle=0 late=0) | bad over=0 inval=0 unk=0 inl=4 | len=4888/4888 el=3500 skew=8548 brun=0 sig=7 g=0 hw=0 p=1 rel=0 end=1 boot=0 anchor=1 owes=1[0m
[00:17:14.025,481] [0m<inf> radiant_api: SWEEP set=1 steer=0 dwell=85425/260000 adv=1 sweeps=0 win=1 ok=3 searching=0 carrier=255 | chunks=6 preempt=0 missed=0 ebusy=0 rej=0 | pumps=1081 hk=1080 | scan_us=565200/6 track_us=31084/129 | end ok=0 abrt=2 miss=0 fail=0 deny=6 replan=0[0m
[00:17:14.540,724] [0m<inf> radiant_gate_mpsl: hi: acq=131 den=0 resv=0 pend=131 blk=0 grant=130[0m
[00:17:14.540,741] [0m<inf> radiant_gate_mpsl: seam: grant=132 nostage=0 prog=132/0 | sigrad=263 sigt0=210 isr=263 end=133 dis=0 term=6 | ramp=132/2 state=0 ev=0x13 rxen saved=0x80000014 cont=0x13f a=0x80000014 p=0x80000014 e=0x80000014 inten=0x00000140[0m
[00:17:14.540,750] [0m<inf> radiant_gate_mpsl: sw: n=130 wipe=0 ramp=130 wipe+ramp=0 rx=130 wipe+rx=0 | started=130 early=0/0us last=2635us | open lead=231us max=233us late=0 glen=4888 cc0=2888[0m
[00:17:14.540,786] [0m<inf> radiant_gate_mpsl: hiend: timer0=130 | lasted=2889us max=3486us | dur=2865us max=3463us short=0 | t0arm=32us stale=132[0m
[00:17:14.540,804] [0m<inf> radiant_gate_mpsl: gate: acq=139 in_grant=130/130 placed=139 granted=134 blocked=4 cancel=0 eagain=5 near=0 long=0 ext=78/2 dead=0 | den pend=1 anch=1 dist=0 degen=0 nosess=0 owed=0 | sent grant=1 dead=0 blk=4 supp=130 | end=134 (norm=134 rel=0 idle=0 late=0) | bad over=0 inval=0 unk=0 inl=4 | len=4888/4888 el=3500 skew=8548 brun=0 sig=7 g=0 hw=0 p=1 rel=0 end=1 boot=0 anchor=1 owes=1[0m
[00:17:15.074,417] [0m<inf> radiant_api: SWEEP set=1 steer=0 dwell=85425/260000 adv=1 sweeps=0 win=1 ok=3 searching=0 carrier=255 | chunks=6 preempt=0 missed=0 ebusy=0 rej=0 | pumps=1106 hk=1105 | scan_us=565200/6 track_us=31900/133 | end ok=0 abrt=2 miss=0 fail=0 deny=6 replan=0[0m
[00:17:15.540,870] [0m<inf> radiant_gate_mpsl: hi: acq=135 den=0 resv=0 pend=135 blk=0 grant=134[0m
[00:17:15.540,882] [0m<inf> radiant_gate_mpsl: seam: grant=136 nostage=0 prog=136/0 | sigrad=271 sigt0=214 isr=271 end=137 dis=0 term=6 | ramp=136/2 state=0 ev=0x13 rxen saved=0x80000014 cont=0x13f a=0x80000014 p=0x80000014 e=0x80000014 inten=0x00000140[0m
[00:17:15.540,891] [0m<inf> radiant_gate_mpsl: sw: n=134 wipe=0 ramp=134 wipe+ramp=0 rx=134 wipe+rx=0 | started=134 early=0/0us last=2635us | open lead=230us max=233us late=0 glen=4888 cc0=2888[0m
[00:17:15.540,922] [0m<inf> radiant_gate_mpsl: hiend: timer0=134 | lasted=2889us max=3486us | dur=2866us max=3463us short=0 | t0arm=32us stale=136[0m
[00:17:15.540,943] [0m<inf> radiant_gate_mpsl: gate: acq=143 in_grant=134/134 placed=143 granted=138 blocked=4 cancel=0 eagain=7 near=0 long=0 ext=78/2 dead=0 | den pend=1 anch=1 dist=0 degen=0 nosess=0 owed=0 | sent grant=1 dead=0 blk=4 supp=134 | end=138 (norm=138 rel=0 idle=0 late=0) | bad over=0 inval=0 unk=0 inl=4 | len=4888/4888 el=3500 skew=8548 brun=0 sig=7 g=0 hw=0 p=1 rel=0 end=1 boot=0 anchor=1 owes=1[0m
[00:17:16.123,379] [0m<inf> radiant_api: SWEEP set=1 steer=0 dwell=85425/260000 adv=1 sweeps=0 win=1 ok=3 searching=0 carrier=255 | chunks=6 preempt=0 missed=0 ebusy=0 rej=0 | pumps=1131 hk=1130 | scan_us=565200/6 track_us=32716/137 | end ok=0 abrt=2 miss=0 fail=0 deny=6 replan=0[0m
[00:17:16.541,021] [0m<inf> radiant_gate_mpsl: hi: acq=139 den=0 resv=0 pend=139 blk=0 grant=138[0m
[00:17:16.541,032] [0m<inf> radiant_gate_mpsl: seam: grant=140 nostage=0 prog=140/0 | sigrad=279 sigt0=218 isr=279 end=141 dis=0 term=6 | ramp=140/2 state=0 ev=0x13 rxen saved=0x80000014 cont=0x13f a=0x80000014 p=0x80000014 e=0x80000014 inten=0x00000140[0m
[00:17:16.541,041] [0m<inf> radiant_gate_mpsl: sw: n=138 wipe=0 ramp=138 wipe+ramp=0 rx=138 wipe+rx=0 | started=138 early=0/0us last=2635us | open lead=230us max=233us late=0 glen=4888 cc0=2888[0m
[00:17:16.541,075] [0m<inf> radiant_gate_mpsl: hiend: timer0=138 | lasted=2890us max=3486us | dur=2866us max=3463us short=0 | t0arm=32us stale=140[0m
[00:17:16.541,094] [0m<inf> radiant_gate_mpsl: gate: acq=147 in_grant=138/138 placed=147 granted=142 blocked=4 cancel=0 eagain=8 near=0 long=0 ext=78/2 dead=0 | den pend=1 anch=1 dist=0 degen=0 nosess=0 owed=0 | sent grant=1 dead=0 blk=4 supp=138 | end=142 (norm=142 rel=0 idle=0 late=0) | bad over=0 inval=0 unk=0 inl=4 | len=4888/4888 el=3500 skew=8548 brun=0 sig=7 g=0 hw=0 p=1 rel=0 end=1 boot=0 anchor=1 owes=1[0m
[00:17:17.172,287] [0m<inf> radiant_api: SWEEP set=1 steer=0 dwell=85425/260000 adv=1 sweeps=0 win=1 ok=3 searching=0 carrier=255 | chunks=6 preempt=0 missed=0 ebusy=0 rej=0 | pumps=1156 hk=1155 | scan_us=565200/6 track_us=33532/141 | end ok=0 abrt=2 miss=0 fail=0 deny=6 replan=0[0m
[00:17:17.541,185] [0m<inf> radiant_gate_mpsl: hi: acq=143 den=0 resv=0 pend=143 blk=0 grant=142[0m
[00:17:17.541,202] [0m<inf> radiant_gate_mpsl: seam: grant=144 nostage=0 prog=144/0 | sigrad=287 sigt0=222 isr=287 end=145 dis=0 term=6 | ramp=144/2 state=0 ev=0x13 rxen saved=0x80000014 cont=0x13f a=0x80000014 p=0x80000014 e=0x80000014 inten=0x00000140[0m
[00:17:17.541,211] [0m<inf> radiant_gate_mpsl: sw: n=142 wipe=0 ramp=142 wipe+ramp=0 rx=142 wipe+rx=0 | started=142 early=0/0us last=2635us | open lead=231us max=233us late=0 glen=4888 cc0=2888[0m
[00:17:17.541,245] [0m<inf> radiant_gate_mpsl: hiend: timer0=142 | lasted=2889us max=3486us | dur=2865us max=3463us short=0 | t0arm=32us stale=144[0m
[00:17:17.541,263] [0m<inf> radiant_gate_mpsl: gate: acq=151 in_grant=142/142 placed=151 granted=146 blocked=4 cancel=0 eagain=8 near=0 long=0 ext=78/2 dead=0 | den pend=1 anch=1 dist=0 degen=0 nosess=0 owed=0 | sent grant=1 dead=0 blk=4 supp=142 | end=146 (norm=146 rel=0 idle=0 late=0) | bad over=0 inval=0 unk=0 inl=4 | len=4888/4888 el=3500 skew=8548 brun=0 sig=7 g=0 hw=0 p=1 rel=0 end=1 boot=0 anchor=1 owes=1[0m
[00:17:18.220,154] [0m<inf> radiant_api: SWEEP set=1 steer=0 dwell=85425/260000 adv=1 sweeps=0 win=1 ok=3 searching=0 carrier=255 | chunks=6 preempt=0 missed=0 ebusy=0 rej=0 | pumps=1181 hk=1180 | scan_us=565200/6 track_us=34552/146 | end ok=0 abrt=2 miss=0 fail=0 deny=6 replan=0[0m
[00:17:18.529,542] [0m<inf> thread_coex: thread load: role=2 sent=400 failed=0 interval=100ms payload=64B[0m
[00:17:18.529,552] [0m<inf> thread_coex: thread lat us: <64=0 64=0 128=398 256=2 512=0 1k=0 2k=0 4k=0 8k=0 16k=0 32k=0 64k=0 >=128k=0 max=311[0m
[00:17:18.529,560] [0m<inf> thread_coex: thread mac d: tx=100 retry=2 cca=0 abort=0 busy=0 | tot tx=406 retry=5 cca=0 abort=0 busy=0[0m
[00:17:18.541,331] [0m<inf> radiant_gate_mpsl: hi: acq=147 den=0 resv=0 pend=147 blk=0 grant=146[0m
[00:17:18.541,345] [0m<inf> radiant_gate_mpsl: seam: grant=148 nostage=0 prog=148/0 | sigrad=295 sigt0=226 isr=295 end=149 dis=0 term=6 | ramp=148/2 state=0 ev=0x13 rxen saved=0x80000014 cont=0x13f a=0x80000014 p=0x80000014 e=0x80000014 inten=0x00000140[0m
[00:17:18.541,354] [0m<inf> radiant_gate_mpsl: sw: n=146 wipe=0 ramp=146 wipe+ramp=0 rx=146 wipe+rx=0 | started=146 early=0/0us last=2635us | open lead=230us max=233us late=0 glen=4888 cc0=2888[0m
[00:17:18.541,385] [0m<inf> radiant_gate_mpsl: hiend: timer0=146 | lasted=2889us max=3486us | dur=2865us max=3463us short=0 | t0arm=32us stale=148[0m
[00:17:18.541,403] [0m<inf> radiant_gate_mpsl: gate: acq=155 in_grant=146/146 placed=155 granted=150 blocked=4 cancel=0 eagain=8 near=0 long=0 ext=78/2 dead=0 | den pend=1 anch=1 dist=0 degen=0 nosess=0 owed=0 | sent grant=1 dead=0 blk=4 supp=146 | end=150 (norm=150 rel=0 idle=0 late=0) | bad over=0 inval=0 unk=0 inl=4 | len=4888/4888 el=3500 skew=8548 brun=0 sig=7 g=0 hw=0 p=1 rel=0 end=1 boot=0 anchor=1 owes=1[0m
[00:17:19.269,141] [0m<inf> radiant_api: SWEEP set=1 steer=0 dwell=85425/260000 adv=1 sweeps=0 win=1 ok=3 searching=0 carrier=255 | chunks=6 preempt=0 missed=0 ebusy=0 rej=0 | pumps=1207 hk=1206 | scan_us=565200/6 track_us=35368/150 | end ok=0 abrt=2 miss=0 fail=0 deny=6 replan=0[0m
[00:17:19.541,478] [0m<inf> radiant_gate_mpsl: hi: acq=151 den=0 resv=0 pend=151 blk=0 grant=150[0m
[00:17:19.541,489] [0m<inf> radiant_gate_mpsl: seam: grant=152 nostage=0 prog=152/0 | sigrad=303 sigt0=230 isr=303 end=153 dis=0 term=6 | ramp=152/2 state=0 ev=0x13 rxen saved=0x80000014 cont=0x13f a=0x80000014 p=0x80000014 e=0x80000014 inten=0x00000140[0m
[00:17:19.541,498] [0m<inf> radiant_gate_mpsl: sw: n=150 wipe=0 ramp=150 wipe+ramp=0 rx=150 wipe+rx=0 | started=150 early=0/0us last=2635us | open lead=230us max=233us late=0 glen=4888 cc0=2888[0m
[00:17:19.541,533] [0m<inf> radiant_gate_mpsl: hiend: timer0=150 | lasted=2890us max=3486us | dur=2866us max=3463us short=0 | t0arm=32us stale=152[0m
[00:17:19.541,551] [0m<inf> radiant_gate_mpsl: gate: acq=159 in_grant=150/150 placed=159 granted=154 blocked=4 cancel=0 eagain=8 near=0 long=0 ext=78/2 dead=0 | den pend=1 anch=1 dist=0 degen=0 nosess=0 owed=0 | sent grant=1 dead=0 blk=4 supp=150 | end=154 (norm=154 rel=0 idle=0 late=0) | bad over=0 inval=0 unk=0 inl=4 | len=4888/4888 el=3500 skew=8548 brun=0 sig=7 g=0 hw=0 p=1 rel=0 end=1 boot=0 anchor=1 owes=1[0m
[00:17:20.318,063] [0m<inf> radiant_api: SWEEP set=1 steer=0 dwell=85425/260000 adv=1 sweeps=0 win=1 ok=3 searching=0 carrier=255 | chunks=6 preempt=0 missed=0 ebusy=0 rej=0 | pumps=1232 hk=1231 | scan_us=565200/6 track_us=36184/154 | end ok=0 abrt=2 miss=0 fail=0 deny=6 replan=0[0m
[00:17:20.541,641] [0m<inf> radiant_gate_mpsl: hi: acq=155 den=0 resv=0 pend=155 blk=0 grant=154[0m
[00:17:20.541,658] [0m<inf> radiant_gate_mpsl: seam: grant=156 nostage=0 prog=156/0 | sigrad=311 sigt0=234 isr=311 end=157 dis=0 term=6 | ramp=156/2 state=0 ev=0x13 rxen saved=0x80000014 cont=0x13f a=0x80000014 p=0x80000014 e=0x80000014 inten=0x00000140[0m
[00:17:20.541,668] [0m<inf> radiant_gate_mpsl: sw: n=154 wipe=0 ramp=154 wipe+ramp=0 rx=154 wipe+rx=0 | started=154 early=0/0us last=2636us | open lead=230us max=233us late=0 glen=4888 cc0=2888[0m
[00:17:20.541,702] [0m<inf> radiant_gate_mpsl: hiend: timer0=154 | lasted=2889us max=3486us | dur=2865us max=3463us short=0 | t0arm=32us stale=156[0m
[00:17:20.541,721] [0m<inf> radiant_gate_mpsl: gate: acq=163 in_grant=154/154 placed=163 granted=158 blocked=4 cancel=0 eagain=8 near=0 long=0 ext=78/2 dead=0 | den pend=1 anch=1 dist=0 degen=0 nosess=0 owed=0 | sent grant=1 dead=0 blk=4 supp=154 | end=158 (norm=158 rel=0 idle=0 late=0) | bad over=0 inval=0 unk=0 inl=4 | len=4888/4888 el=3500 skew=8548 brun=0 sig=7 g=0 hw=0 p=1 rel=0 end=1 boot=0 anchor=1 owes=1[0m
[00:17:21.367,003] [0m<inf> radiant_api: SWEEP set=1 steer=0 dwell=85425/260000 adv=1 sweeps=0 win=1 ok=3 searching=0 carrier=255 | chunks=6 preempt=0 missed=0 ebusy=0 rej=0 | pumps=1257 hk=1256 | scan_us=565200/6 track_us=37000/158 | end ok=0 abrt=2 miss=0 fail=0 deny=6 replan=0[0m
[00:17:21.541,784] [0m<inf> radiant_gate_mpsl: hi: acq=159 den=0 resv=0 pend=159 blk=0 grant=158[0m
[00:17:21.541,796] [0m<inf> radiant_gate_mpsl: seam: grant=160 nostage=0 prog=160/0 | sigrad=319 sigt0=238 isr=319 end=161 dis=0 term=6 | ramp=160/2 state=0 ev=0x13 rxen saved=0x80000014 cont=0x13f a=0x80000014 p=0x80000014 e=0x80000014 inten=0x00000140[0m
[00:17:21.541,805] [0m<inf> radiant_gate_mpsl: sw: n=158 wipe=0 ramp=158 wipe+ramp=0 rx=158 wipe+rx=0 | started=158 early=0/0us last=2635us | open lead=230us max=233us late=0 glen=4888 cc0=2888[0m
[00:17:21.541,836] [0m<inf> radiant_gate_mpsl: hiend: timer0=158 | lasted=2889us max=3486us | dur=2866us max=3463us short=0 | t0arm=32us stale=160[0m
[00:17:21.541,857] [0m<inf> radiant_gate_mpsl: gate: acq=167 in_grant=158/158 placed=167 granted=162 blocked=4 cancel=0 eagain=8 near=0 long=0 ext=78/2 dead=0 | den pend=1 anch=1 dist=0 degen=0 nosess=0 owed=0 | sent grant=1 dead=0 blk=4 supp=158 | end=162 (norm=162 rel=0 idle=0 late=0) | bad over=0 inval=0 unk=0 inl=4 | len=4888/4888 el=3500 skew=8548 brun=0 sig=7 g=0 hw=0 p=1 rel=0 end=1 boot=0 anchor=1 owes=1[0m
[00:17:22.415,935] [0m<inf> radiant_api: SWEEP set=1 steer=0 dwell=85425/260000 adv=1 sweeps=0 win=1 ok=3 searching=0 carrier=255 | chunks=6 preempt=0 missed=0 ebusy=0 rej=0 | pumps=1282 hk=1281 | scan_us=565200/6 track_us=37816/162 | end ok=0 abrt=2 miss=0 fail=0 deny=6 replan=0[0m
[00:17:22.541,950] [0m<inf> radiant_gate_mpsl: hi: acq=163 den=0 resv=0 pend=163 blk=0 grant=162[0m
[00:17:22.541,961] [0m<inf> radiant_gate_mpsl: seam: grant=164 nostage=0 prog=164/0 | sigrad=327 sigt0=242 isr=327 end=165 dis=0 term=6 | ramp=164/2 state=0 ev=0x13 rxen saved=0x80000014 cont=0x13f a=0x80000014 p=0x80000014 e=0x80000014 inten=0x00000140[0m
[00:17:22.541,970] [0m<inf> radiant_gate_mpsl: sw: n=162 wipe=0 ramp=162 wipe+ramp=0 rx=162 wipe+rx=0 | started=162 early=0/0us last=2635us | open lead=230us max=233us late=0 glen=4888 cc0=2888[0m
[00:17:22.542,005] [0m<inf> radiant_gate_mpsl: hiend: timer0=162 | lasted=2889us max=3486us | dur=2865us max=3463us short=0 | t0arm=32us stale=164[0m
[00:17:22.542,023] [0m<inf> radiant_gate_mpsl: gate: acq=171 in_grant=162/162 placed=171 granted=166 blocked=4 cancel=0 eagain=8 near=0 long=0 ext=78/2 dead=0 | den pend=1 anch=1 dist=0 degen=0 nosess=0 owed=0 | sent grant=1 dead=0 blk=4 supp=162 | end=166 (norm=166 rel=0 idle=0 late=0) | bad over=0 inval=0 unk=0 inl=4 | len=4888/4888 el=3500 skew=8548 brun=0 sig=7 g=0 hw=0 p=1 rel=0 end=1 boot=0 anchor=1 owes=1[0m
[00:17:23.463,798] [0m<inf> radiant_api: SWEEP set=1 steer=0 dwell=85425/260000 adv=1 sweeps=0 win=1 ok=3 searching=0 carrier=255 | chunks=6 preempt=0 missed=0 ebusy=0 rej=0 | pumps=1307 hk=1306 | scan_us=565200/6 track_us=38836/167 | end ok=0 abrt=2 miss=0 fail=0 deny=6 replan=0[0m
[00:17:23.542,108] [0m<inf> radiant_gate_mpsl: hi: acq=167 den=0 resv=0 pend=167 blk=0 grant=166[0m
[00:17:23.542,119] [0m<inf> radiant_gate_mpsl: seam: grant=168 nostage=0 prog=168/0 | sigrad=335 sigt0=246 isr=335 end=169 dis=0 term=6 | ramp=168/2 state=0 ev=0x13 rxen saved=0x80000014 cont=0x13f a=0x80000014 p=0x80000014 e=0x80000014 inten=0x00000140[0m
[00:17:23.542,128] [0m<inf> radiant_gate_mpsl: sw: n=166 wipe=0 ramp=166 wipe+ramp=0 rx=166 wipe+rx=0 | started=166 early=0/0us last=2636us | open lead=229us max=233us late=0 glen=4888 cc0=2888[0m
[00:17:23.542,162] [0m<inf> radiant_gate_mpsl: hiend: timer0=166 | lasted=2889us max=3486us | dur=2866us max=3463us short=0 | t0arm=32us stale=168[0m
[00:17:23.542,180] [0m<inf> radiant_gate_mpsl: gate: acq=175 in_grant=166/166 placed=175 granted=170 blocked=4 cancel=0 eagain=8 near=0 long=0 ext=78/2 dead=0 | den pend=1 anch=1 dist=0 degen=0 nosess=0 owed=0 | sent grant=1 dead=0 blk=4 supp=166 | end=170 (norm=170 rel=0 idle=0 late=0) | bad over=0 inval=0 unk=0 inl=4 | len=4888/4888 el=3500 skew=8548 brun=0 sig=7 g=0 hw=0 p=1 rel=0 end=1 boot=0 anchor=1 owes=1[0m
[00:17:24.512,780] [0m<inf> radiant_api: SWEEP set=1 steer=0 dwell=85425/260000 adv=1 sweeps=0 win=1 ok=3 searching=0 carrier=255 | chunks=6 preempt=0 missed=0 ebusy=0 rej=0 | pumps=1333 hk=1332 | scan_us=565200/6 track_us=39652/171 | end ok=0 abrt=2 miss=0 fail=0 deny=6 replan=0[0m
[00:17:24.542,276] [0m<inf> radiant_gate_mpsl: hi: acq=171 den=0 resv=0 pend=171 blk=0 grant=170[0m
[00:17:24.542,286] [0m<inf> radiant_gate_mpsl: seam: grant=172 nostage=0 prog=172/0 | sigrad=343 sigt0=250 isr=343 end=173 dis=0 term=6 | ramp=172/2 state=0 ev=0x13 rxen saved=0x80000014 cont=0x13f a=0x80000014 p=0x80000014 e=0x80000014 inten=0x00000140[0m
[00:17:24.542,296] [0m<inf> radiant_gate_mpsl: sw: n=170 wipe=0 ramp=170 wipe+ramp=0 rx=170 wipe+rx=0 | started=170 early=0/0us last=2634us | open lead=231us max=233us late=0 glen=4888 cc0=2888[0m
[00:17:24.542,330] [0m<inf> radiant_gate_mpsl: hiend: timer0=170 | lasted=2889us max=3486us | dur=2866us max=3463us short=0 | t0arm=32us stale=172[0m
[00:17:24.542,348] [0m<inf> radiant_gate_mpsl: gate: acq=179 in_grant=170/170 placed=179 granted=174 blocked=4 cancel=0 eagain=8 near=0 long=0 ext=78/2 dead=0 | den pend=1 anch=1 dist=0 degen=0 nosess=0 owed=0 | sent grant=1 dead=0 blk=4 supp=170 | end=174 (norm=174 rel=0 idle=0 late=0) | bad over=0 inval=0 unk=0 inl=4 | len=4888/4888 el=3500 skew=8548 brun=0 sig=7 g=0 hw=0 p=1 rel=0 end=1 boot=0 anchor=1 owes=1[0m
[00:17:25.542,426] [0m<inf> radiant_gate_mpsl: hi: acq=175 den=0 resv=0 pend=175 blk=0 grant=174[0m
[00:17:25.542,438] [0m<inf> radiant_gate_mpsl: seam: grant=176 nostage=0 prog=176/0 | sigrad=351 sigt0=254 isr=351 end=177 dis=0 term=6 | ramp=176/2 state=0 ev=0x13 rxen saved=0x80000014 cont=0x13f a=0x80000014 p=0x80000014 e=0x80000014 inten=0x00000140[0m
[00:17:25.542,447] [0m<inf> radiant_gate_mpsl: sw: n=174 wipe=0 ramp=174 wipe+ramp=0 rx=174 wipe+rx=0 | started=174 early=0/0us last=2661us | open lead=204us max=233us late=0 glen=4888 cc0=2888[0m
[00:17:25.542,478] [0m<inf> radiant_gate_mpsl: hiend: timer0=174 | lasted=2889us max=3486us | dur=2865us max=3463us short=0 | t0arm=32us stale=176[0m
[00:17:25.542,496] [0m<inf> radiant_gate_mpsl: gate: acq=183 in_grant=174/174 placed=183 granted=178 blocked=4 cancel=0 eagain=8 near=0 long=0 ext=78/2 dead=0 | den pend=1 anch=1 dist=0 degen=0 nosess=0 owed=0 | sent grant=1 dead=0 blk=4 supp=174 | end=178 (norm=178 rel=0 idle=0 late=0) | bad over=0 inval=0 unk=0 inl=4 | len=4888/4888 el=3500 skew=8548 brun=0 sig=7 g=0 hw=0 p=1 rel=0 end=1 boot=0 anchor=1 owes=1[0m
[00:17:25.561,756] [0m<inf> radiant_api: SWEEP set=1 steer=0 dwell=85425/260000 adv=1 sweeps=0 win=1 ok=3 searching=0 carrier=255 | chunks=6 preempt=0 missed=0 ebusy=0 rej=0 | pumps=1358 hk=1357 | scan_us=565200/6 track_us=40468/175 | end ok=0 abrt=2 miss=0 fail=0 deny=6 replan=0[0m
[00:17:26.542,602] [0m<inf> radiant_gate_mpsl: hi: acq=179 den=0 resv=0 pend=179 blk=0 grant=178[0m
[00:17:26.542,619] [0m<inf> radiant_gate_mpsl: seam: grant=180 nostage=0 prog=180/0 | sigrad=359 sigt0=258 isr=359 end=181 dis=0 term=6 | ramp=180/2 state=0 ev=0x13 rxen saved=0x80000014 cont=0x13f a=0x80000014 p=0x80000014 e=0x80000014 inten=0x00000140[0m
[00:17:26.542,627] [0m<inf> radiant_gate_mpsl: sw: n=178 wipe=0 ramp=178 wipe+ramp=0 rx=178 wipe+rx=0 | started=178 early=0/0us last=2661us | open lead=204us max=256us late=0 glen=4888 cc0=2888[0m
[00:17:26.542,662] [0m<inf> radiant_gate_mpsl: hiend: timer0=178 | lasted=2889us max=3486us | dur=2865us max=3463us short=0 | t0arm=32us stale=180[0m
[00:17:26.542,681] [0m<inf> radiant_gate_mpsl: gate: acq=187 in_grant=178/178 placed=187 granted=182 blocked=4 cancel=0 eagain=8 near=0 long=0 ext=78/2 dead=0 | den pend=1 anch=1 dist=0 degen=0 nosess=0 owed=0 | sent grant=1 dead=0 blk=4 supp=178 | end=182 (norm=182 rel=0 idle=0 late=0) | bad over=0 inval=0 unk=0 inl=4 | len=4888/4888 el=3500 skew=8548 brun=0 sig=7 g=0 hw=0 p=1 rel=0 end=1 boot=0 anchor=1 owes=1[0m
[00:17:26.610,698] [0m<inf> radiant_api: SWEEP set=1 steer=0 dwell=85425/260000 adv=1 sweeps=0 win=1 ok=3 searching=0 carrier=255 | chunks=6 preempt=0 missed=0 ebusy=0 rej=0 | pumps=1383 hk=1382 | scan_us=565200/6 track_us=41284/179 | end ok=0 abrt=2 miss=0 fail=0 deny=6 replan=0[0m
[00:17:27.542,747] [0m<inf> radiant_gate_mpsl: hi: acq=183 den=0 resv=0 pend=183 blk=0 grant=182[0m
[00:17:27.542,758] [0m<inf> radiant_gate_mpsl: seam: grant=184 nostage=0 prog=184/0 | sigrad=367 sigt0=262 isr=367 end=185 dis=0 term=6 | ramp=184/2 state=0 ev=0x13 rxen saved=0x80000014 cont=0x13f a=0x80000014 p=0x80000014 e=0x80000014 inten=0x00000140[0m
[00:17:27.542,767] [0m<inf> radiant_gate_mpsl: sw: n=182 wipe=0 ramp=182 wipe+ramp=0 rx=182 wipe+rx=0 | started=182 early=0/0us last=2634us | open lead=231us max=257us late=0 glen=4888 cc0=2888[0m
[00:17:27.542,799] [0m<inf> radiant_gate_mpsl: hiend: timer0=182 | lasted=2889us max=3486us | dur=2865us max=3463us short=0 | t0arm=32us stale=184[0m
[00:17:27.542,820] [0m<inf> radiant_gate_mpsl: gate: acq=191 in_grant=182/182 placed=191 granted=186 blocked=4 cancel=0 eagain=8 near=0 long=0 ext=78/2 dead=0 | den pend=1 anch=1 dist=0 degen=0 nosess=0 owed=0 | sent grant=1 dead=0 blk=4 supp=182 | end=186 (norm=186 rel=0 idle=0 late=0) | bad over=0 inval=0 unk=0 inl=4 | len=4888/4888 el=3500 skew=8548 brun=0 sig=7 g=0 hw=0 p=1 rel=0 end=1 boot=0 anchor=1 owes=1[0m
[00:17:27.659,678] [0m<inf> radiant_api: SWEEP set=1 steer=0 dwell=85425/260000 adv=1 sweeps=0 win=1 ok=3 searching=0 carrier=255 | chunks=6 preempt=0 missed=0 ebusy=0 rej=0 | pumps=1408 hk=1407 | scan_us=565200/6 track_us=42100/183 | end ok=0 abrt=2 miss=0 fail=0 deny=6 replan=0[0m
[00:17:28.542,895] [0m<inf> radiant_gate_mpsl: hi: acq=187 den=0 resv=0 pend=187 blk=0 grant=186[0m
[00:17:28.542,911] [0m<inf> radiant_gate_mpsl: seam: grant=188 nostage=0 prog=188/0 | sigrad=375 sigt0=266 isr=375 end=189 dis=0 term=6 | ramp=188/2 state=0 ev=0x13 rxen saved=0x80000014 cont=0x13f a=0x80000014 p=0x80000014 e=0x80000014 inten=0x00000140[0m
[00:17:28.542,920] [0m<inf> radiant_gate_mpsl: sw: n=186 wipe=0 ramp=186 wipe+ramp=0 rx=186 wipe+rx=0 | started=186 early=0/0us last=2636us | open lead=229us max=257us late=0 glen=4888 cc0=2888[0m
[00:17:28.542,954] [0m<inf> radiant_gate_mpsl: hiend: timer0=186 | lasted=2888us max=3486us | dur=2865us max=3463us short=0 | t0arm=32us stale=188[0m
[00:17:28.542,972] [0m<inf> radiant_gate_mpsl: gate: acq=195 in_grant=186/186 placed=195 granted=190 blocked=4 cancel=0 eagain=8 near=0 long=0 ext=78/2 dead=0 | den pend=1 anch=1 dist=0 degen=0 nosess=0 owed=0 | sent grant=1 dead=0 blk=4 supp=186 | end=190 (norm=190 rel=0 idle=0 late=0) | bad over=0 inval=0 unk=0 inl=4 | len=4888/4888 el=3500 skew=8548 brun=0 sig=7 g=0 hw=0 p=1 rel=0 end=1 boot=0 anchor=1 owes=1[0m
[00:17:28.553,170] [0m<inf> thread_coex: thread load: role=2 sent=500 failed=0 interval=100ms payload=64B[0m
[00:17:28.553,180] [0m<inf> thread_coex: thread lat us: <64=0 64=0 128=498 256=2 512=0 1k=0 2k=0 4k=0 8k=0 16k=0 32k=0 64k=0 >=128k=0 max=311[0m
[00:17:28.553,188] [0m<inf> thread_coex: thread mac d: tx=100 retry=0 cca=0 abort=0 busy=0 | tot tx=506 retry=5 cca=0 abort=0 busy=0[0m
[00:17:28.707,425] [0m<inf> radiant_api: SWEEP set=1 steer=0 dwell=85425/260000 adv=1 sweeps=0 win=1 ok=3 searching=0 carrier=255 | chunks=6 preempt=0 missed=0 ebusy=0 rej=0 | pumps=1433 hk=1432 | scan_us=565200/6 track_us=43120/188 | end ok=0 abrt=2 miss=0 fail=0 deny=6 replan=0[0m
[00:17:29.543,042] [0m<inf> radiant_gate_mpsl: hi: acq=191 den=0 resv=0 pend=191 blk=0 grant=190[0m
[00:17:29.543,056] [0m<inf> radiant_gate_mpsl: seam: grant=192 nostage=0 prog=192/0 | sigrad=383 sigt0=270 isr=383 end=193 dis=0 term=6 | ramp=192/2 state=0 ev=0x13 rxen saved=0x80000014 cont=0x13f a=0x80000014 p=0x80000014 e=0x80000014 inten=0x00000140[0m
[00:17:29.543,064] [0m<inf> radiant_gate_mpsl: sw: n=190 wipe=0 ramp=190 wipe+ramp=0 rx=190 wipe+rx=0 | started=190 early=0/0us last=2636us | open lead=231us max=257us late=0 glen=4888 cc0=2888[0m
[00:17:29.543,096] [0m<inf> radiant_gate_mpsl: hiend: timer0=190 | lasted=2889us max=3486us | dur=2866us max=3463us short=0 | t0arm=31us stale=192[0m
[00:17:29.543,114] [0m<inf> radiant_gate_mpsl: gate: acq=199 in_grant=190/190 placed=199 granted=194 blocked=4 cancel=0 eagain=10 near=0 long=0 ext=78/2 dead=0 | den pend=1 anch=1 dist=0 degen=0 nosess=0 owed=0 | sent grant=1 dead=0 blk=4 supp=190 | end=194 (norm=194 rel=0 idle=0 late=0) | bad over=0 inval=0 unk=0 inl=4 | len=4888/4888 el=3500 skew=8548 brun=0 sig=7 g=0 hw=0 p=1 rel=0 end=1 boot=0 anchor=1 owes=1[0m
[00:17:29.756,809] [0m<inf> radiant_api: SWEEP set=1 steer=0 dwell=85425/260000 adv=1 sweeps=0 win=1 ok=3 searching=0 carrier=255 | chunks=6 preempt=0 missed=0 ebusy=0 rej=0 | pumps=1459 hk=1458 | scan_us=565200/6 track_us=43936/192 | end ok=0 abrt=2 miss=0 fail=0 deny=6 replan=0[0m
[00:17:30.543,185] [0m<inf> radiant_gate_mpsl: hi: acq=195 den=0 resv=0 pend=195 blk=0 grant=194[0m
[00:17:30.543,201] [0m<inf> radiant_gate_mpsl: seam: grant=196 nostage=0 prog=196/0 | sigrad=391 sigt0=274 isr=391 end=197 dis=0 term=6 | ramp=196/2 state=0 ev=0x13 rxen saved=0x80000014 cont=0x13f a=0x80000014 p=0x80000014 e=0x80000014 inten=0x00000140[0m
[00:17:30.543,210] [0m<inf> radiant_gate_mpsl: sw: n=194 wipe=0 ramp=194 wipe+ramp=0 rx=194 wipe+rx=0 | started=194 early=0/0us last=2635us | open lead=231us max=257us late=0 glen=4888 cc0=2888[0m
[00:17:30.543,244] [0m<inf> radiant_gate_mpsl: hiend: timer0=194 | lasted=2890us max=3486us | dur=2867us max=3463us short=0 | t0arm=31us stale=196[0m
[00:17:30.543,262] [0m<inf> radiant_gate_mpsl: gate: acq=203 in_grant=194/194 placed=203 granted=198 blocked=4 cancel=0 eagain=10 near=0 long=0 ext=78/2 dead=0 | den pend=1 anch=1 dist=0 degen=0 nosess=0 owed=0 | sent grant=1 dead=0 blk=4 supp=194 | end=198 (norm=198 rel=0 idle=0 late=0) | bad over=0 inval=0 unk=0 inl=4 | len=4888/4888 el=3500 skew=8548 brun=0 sig=7 g=0 hw=0 p=1 rel=0 end=1 boot=0 anchor=1 owes=1[0m
[00:17:30.805,347] [0m<inf> radiant_api: SWEEP set=1 steer=0 dwell=85425/260000 adv=1 sweeps=0 win=1 ok=3 searching=0 carrier=255 | chunks=6 preempt=0 missed=0 ebusy=0 rej=0 | pumps=1484 hk=1483 | scan_us=565200/6 track_us=44752/196 | end ok=0 abrt=2 miss=0 fail=0 deny=6 replan=0[0m
[00:17:31.543,335] [0m<inf> radiant_gate_mpsl: hi: acq=199 den=0 resv=0 pend=199 blk=0 grant=198[0m
[00:17:31.543,346] [0m<inf> radiant_gate_mpsl: seam: grant=200 nostage=0 prog=200/0 | sigrad=399 sigt0=278 isr=399 end=201 dis=0 term=6 | ramp=200/2 state=0 ev=0x13 rxen saved=0x80000014 cont=0x13f a=0x80000014 p=0x80000014 e=0x80000014 inten=0x00000140[0m
[00:17:31.543,355] [0m<inf> radiant_gate_mpsl: sw: n=198 wipe=0 ramp=198 wipe+ramp=0 rx=198 wipe+rx=0 | started=198 early=0/0us last=2635us | open lead=231us max=257us late=0 glen=4888 cc0=2888[0m
[00:17:31.543,387] [0m<inf> radiant_gate_mpsl: hiend: timer0=198 | lasted=2889us max=3486us | dur=2866us max=3463us short=0 | t0arm=31us stale=200[0m
[00:17:31.543,408] [0m<inf> radiant_gate_mpsl: gate: acq=207 in_grant=198/198 placed=207 granted=202 blocked=4 cancel=0 eagain=10 near=0 long=0 ext=78/2 dead=0 | den pend=1 anch=1 dist=0 degen=0 nosess=0 owed=0 | sent grant=1 dead=0 blk=4 supp=198 | end=202 (norm=202 rel=0 idle=0 late=0) | bad over=0 inval=0 unk=0 inl=4 | len=4888/4888 el=3500 skew=8548 brun=0 sig=7 g=0 hw=0 p=1 rel=0 end=1 boot=0 anchor=1 owes=1[0m
[00:17:31.854,236] [0m<inf> radiant_api: SWEEP set=1 steer=0 dwell=85425/260000 adv=1 sweeps=0 win=1 ok=3 searching=0 carrier=255 | chunks=6 preempt=0 missed=0 ebusy=0 rej=0 | pumps=1509 hk=1508 | scan_us=565200/6 track_us=45568/200 | end ok=0 abrt=2 miss=0 fail=0 deny=6 replan=0[0m
[00:17:32.543,478] [0m<inf> radiant_gate_mpsl: hi: acq=203 den=0 resv=0 pend=203 blk=0 grant=202[0m
[00:17:32.543,489] [0m<inf> radiant_gate_mpsl: seam: grant=204 nostage=0 prog=204/0 | sigrad=407 sigt0=282 isr=407 end=205 dis=0 term=6 | ramp=204/2 state=0 ev=0x13 rxen saved=0x80000014 cont=0x13f a=0x80000014 p=0x80000014 e=0x80000014 inten=0x00000140[0m
[00:17:32.543,500] [0m<inf> radiant_gate_mpsl: sw: n=202 wipe=0 ramp=202 wipe+ramp=0 rx=202 wipe+rx=0 | started=202 early=0/0us last=2635us | open lead=231us max=257us late=0 glen=4888 cc0=2888[0m
[00:17:32.543,534] [0m<inf> radiant_gate_mpsl: hiend: timer0=202 | lasted=2889us max=3486us | dur=2866us max=3463us short=0 | t0arm=31us stale=204[0m
[00:17:32.543,552] [0m<inf> radiant_gate_mpsl: gate: acq=211 in_grant=202/202 placed=211 granted=206 blocked=4 cancel=0 eagain=10 near=0 long=0 ext=78/2 dead=0 | den pend=1 anch=1 dist=0 degen=0 nosess=0 owed=0 | sent grant=1 dead=0 blk=4 supp=202 | end=206 (norm=206 rel=0 idle=0 late=0) | bad over=0 inval=0 unk=0 inl=4 | len=4888/4888 el=3500 skew=8548 brun=0 sig=7 g=0 hw=0 p=1 rel=0 end=1 boot=0 anchor=1 owes=1[0m
[00:17:32.903,165] [0m<inf> radiant_api: SWEEP set=1 steer=0 dwell=85425/260000 adv=1 sweeps=0 win=1 ok=3 searching=0 carrier=255 | chunks=6 preempt=0 missed=0 ebusy=0 rej=0 | pumps=1534 hk=1533 | scan_us=565200/6 track_us=46384/204 | end ok=0 abrt=2 miss=0 fail=0 deny=6 replan=0[0m
[00:17:33.543,641] [0m<inf> radiant_gate_mpsl: hi: acq=207 den=0 resv=0 pend=207 blk=0 grant=206[0m
[00:17:33.543,657] [0m<inf> radiant_gate_mpsl: seam: grant=208 nostage=0 prog=208/0 | sigrad=415 sigt0=286 isr=415 end=209 dis=0 term=6 | ramp=208/2 state=0 ev=0x13 rxen saved=0x80000014 cont=0x13f a=0x80000014 p=0x80000014 e=0x80000014 inten=0x00000140[0m
[00:17:33.543,666] [0m<inf> radiant_gate_mpsl: sw: n=206 wipe=0 ramp=206 wipe+ramp=0 rx=206 wipe+rx=0 | started=206 early=0/0us last=2635us | open lead=231us max=257us late=0 glen=4888 cc0=2888[0m
[00:17:33.543,700] [0m<inf> radiant_gate_mpsl: hiend: timer0=206 | lasted=2890us max=3486us | dur=2867us max=3463us short=0 | t0arm=31us stale=208[0m
[00:17:33.543,719] [0m<inf> radiant_gate_mpsl: gate: acq=215 in_grant=206/206 placed=215 granted=210 blocked=4 cancel=0 eagain=10 near=0 long=0 ext=78/2 dead=0 | den pend=1 anch=1 dist=0 degen=0 nosess=0 owed=0 | sent grant=1 dead=0 blk=4 supp=206 | end=210 (norm=210 rel=0 idle=0 late=0) | bad over=0 inval=0 unk=0 inl=4 | len=4888/4888 el=3500 skew=8548 brun=0 sig=7 g=0 hw=0 p=1 rel=0 end=1 boot=0 anchor=1 owes=1[0m
[00:17:33.951,043] [0m<inf> radiant_api: SWEEP set=1 steer=0 dwell=85425/260000 adv=1 sweeps=0 win=1 ok=3 searching=0 carrier=255 | chunks=6 preempt=0 missed=0 ebusy=0 rej=0 | pumps=1559 hk=1558 | scan_us=565200/6 track_us=47404/209 | end ok=0 abrt=2 miss=0 fail=0 deny=6 replan=0[0m
[00:17:34.543,791] [0m<inf> radiant_gate_mpsl: hi: acq=211 den=0 resv=0 pend=211 blk=0 grant=210[0m
[00:17:34.543,802] [0m<inf> radiant_gate_mpsl: seam: grant=212 nostage=0 prog=212/0 | sigrad=423 sigt0=290 isr=423 end=213 dis=0 term=6 | ramp=212/2 state=0 ev=0x13 rxen saved=0x80000014 cont=0x13f a=0x80000014 p=0x80000014 e=0x80000014 inten=0x00000140[0m
[00:17:34.543,811] [0m<inf> radiant_gate_mpsl: sw: n=210 wipe=0 ramp=210 wipe+ramp=0 rx=210 wipe+rx=0 | started=210 early=0/0us last=2635us | open lead=232us max=257us late=0 glen=4888 cc0=2888[0m
[00:17:34.543,843] [0m<inf> radiant_gate_mpsl: hiend: timer0=210 | lasted=2889us max=3486us | dur=2866us max=3463us short=0 | t0arm=31us stale=212[0m
[00:17:34.543,864] [0m<inf> radiant_gate_mpsl: gate: acq=219 in_grant=210/210 placed=219 granted=214 blocked=4 cancel=0 eagain=10 near=0 long=0 ext=78/2 dead=0 | den pend=1 anch=1 dist=0 degen=0 nosess=0 owed=0 | sent grant=1 dead=0 blk=4 supp=210 | end=214 (norm=214 rel=0 idle=0 late=0) | bad over=0 inval=0 unk=0 inl=4 | len=4888/4888 el=3500 skew=8548 brun=0 sig=7 g=0 hw=0 p=1 rel=0 end=1 boot=0 anchor=1 owes=1[0m
[00:17:35.000,025] [0m<inf> radiant_api: SWEEP set=1 steer=0 dwell=85425/260000 adv=1 sweeps=0 win=1 ok=3 searching=0 carrier=255 | chunks=6 preempt=0 missed=0 ebusy=0 rej=0 | pumps=1585 hk=1584 | scan_us=565200/6 track_us=48220/213 | end ok=0 abrt=2 miss=0 fail=0 deny=6 replan=0[0m
[00:17:35.543,929] [0m<inf> radiant_gate_mpsl: hi: acq=215 den=0 resv=0 pend=215 blk=0 grant=214[0m
[00:17:35.543,940] [0m<inf> radiant_gate_mpsl: seam: grant=216 nostage=0 prog=216/0 | sigrad=431 sigt0=294 isr=431 end=217 dis=0 term=6 | ramp=216/2 state=0 ev=0x13 rxen saved=0x80000014 cont=0x13f a=0x80000014 p=0x80000014 e=0x80000014 inten=0x00000140[0m
[00:17:35.543,949] [0m<inf> radiant_gate_mpsl: sw: n=214 wipe=0 ramp=214 wipe+ramp=0 rx=214 wipe+rx=0 | started=214 early=0/0us last=2635us | open lead=231us max=257us late=0 glen=4888 cc0=2888[0m
[00:17:35.543,984] [0m<inf> radiant_gate_mpsl: hiend: timer0=214 | lasted=2889us max=3486us | dur=2867us max=3463us short=0 | t0arm=31us stale=216[0m
[00:17:35.544,002] [0m<inf> radiant_gate_mpsl: gate: acq=223 in_grant=214/214 placed=223 granted=218 blocked=4 cancel=0 eagain=10 near=0 long=0 ext=78/2 dead=0 | den pend=1 anch=1 dist=0 degen=0 nosess=0 owed=0 | sent grant=1 dead=0 blk=4 supp=214 | end=218 (norm=218 rel=0 idle=0 late=0) | bad over=0 inval=0 unk=0 inl=4 | len=4888/4888 el=3500 skew=8548 brun=0 sig=7 g=0 hw=0 p=1 rel=0 end=1 boot=0 anchor=1 owes=1[0m
[00:17:36.048,964] [0m<inf> radiant_api: SWEEP set=1 steer=0 dwell=85425/260000 adv=1 sweeps=0 win=1 ok=3 searching=0 carrier=255 | chunks=6 preempt=0 missed=0 ebusy=0 rej=0 | pumps=1610 hk=1609 | scan_us=565200/6 track_us=49036/217 | end ok=0 abrt=2 miss=0 fail=0 deny=6 replan=0[0m
[00:17:36.544,076] [0m<inf> radiant_gate_mpsl: hi: acq=219 den=0 resv=0 pend=219 blk=0 grant=218[0m
[00:17:36.544,092] [0m<inf> radiant_gate_mpsl: seam: grant=220 nostage=0 prog=220/0 | sigrad=439 sigt0=298 isr=439 end=221 dis=0 term=6 | ramp=220/2 state=0 ev=0x13 rxen saved=0x80000014 cont=0x13f a=0x80000014 p=0x80000014 e=0x80000014 inten=0x00000140[0m
[00:17:36.544,101] [0m<inf> radiant_gate_mpsl: sw: n=218 wipe=0 ramp=218 wipe+ramp=0 rx=218 wipe+rx=0 | started=218 early=0/0us last=2635us | open lead=231us max=257us late=0 glen=4888 cc0=2888[0m
[00:17:36.544,135] [0m<inf> radiant_gate_mpsl: hiend: timer0=218 | lasted=2889us max=3486us | dur=2866us max=3463us short=0 | t0arm=31us stale=220[0m
[00:17:36.544,154] [0m<inf> radiant_gate_mpsl: gate: acq=227 in_grant=218/218 placed=227 granted=222 blocked=4 cancel=0 eagain=10 near=0 long=0 ext=78/2 dead=0 | den pend=1 anch=1 dist=0 degen=0 nosess=0 owed=0 | sent grant=1 dead=0 blk=4 supp=218 | end=222 (norm=222 rel=0 idle=0 late=0) | bad over=0 inval=0 unk=0 inl=4 | len=4888/4888 el=3500 skew=8548 brun=0 sig=7 g=0 hw=0 p=1 rel=0 end=1 boot=0 anchor=1 owes=1[0m
[00:17:37.097,892] [0m<inf> radiant_api: SWEEP set=1 steer=0 dwell=85425/260000 adv=1 sweeps=0 win=1 ok=3 searching=0 carrier=255 | chunks=6 preempt=0 missed=0 ebusy=0 rej=0 | pumps=1635 hk=1634 | scan_us=565200/6 track_us=49852/221 | end ok=0 abrt=2 miss=0 fail=0 deny=6 replan=0[0m
[00:17:37.544,194] [0m<inf> radiant_gate_mpsl: hi: acq=223 den=0 resv=0 pend=223 blk=0 grant=222[0m
[00:17:37.544,205] [0m<inf> radiant_gate_mpsl: seam: grant=224 nostage=0 prog=224/0 | sigrad=447 sigt0=302 isr=447 end=225 dis=0 term=6 | ramp=224/2 state=0 ev=0x13 rxen saved=0x80000014 cont=0x13f a=0x80000014 p=0x80000014 e=0x80000014 inten=0x00000140[0m
[00:17:37.544,214] [0m<inf> radiant_gate_mpsl: sw: n=222 wipe=0 ramp=222 wipe+ramp=0 rx=222 wipe+rx=0 | started=222 early=0/0us last=2636us | open lead=231us max=257us late=0 glen=4888 cc0=2888[0m
[00:17:37.544,246] [0m<inf> radiant_gate_mpsl: hiend: timer0=222 | lasted=2889us max=3486us | dur=2866us max=3463us short=0 | t0arm=31us stale=224[0m
[00:17:37.544,267] [0m<inf> radiant_gate_mpsl: gate: acq=231 in_grant=222/222 placed=231 granted=226 blocked=4 cancel=0 eagain=10 near=0 long=0 ext=78/2 dead=0 | den pend=1 anch=1 dist=0 degen=0 nosess=0 owed=0 | sent grant=1 dead=0 blk=4 supp=222 | end=226 (norm=226 rel=0 idle=0 late=0) | bad over=0 inval=0 unk=0 inl=4 | len=4888/4888 el=3500 skew=8548 brun=0 sig=7 g=0 hw=0 p=1 rel=0 end=1 boot=0 anchor=1 owes=1[0m
[00:17:38.146,817] [0m<inf> radiant_api: SWEEP set=1 steer=0 dwell=85425/260000 adv=1 sweeps=0 win=1 ok=3 searching=0 carrier=255 | chunks=6 preempt=0 missed=0 ebusy=0 rej=0 | pumps=1660 hk=1659 | scan_us=565200/6 track_us=50668/225 | end ok=0 abrt=2 miss=0 fail=0 deny=6 replan=0[0m
[00:17:38.544,337] [0m<inf> radiant_gate_mpsl: hi: acq=227 den=0 resv=0 pend=227 blk=0 grant=226[0m
[00:17:38.544,348] [0m<inf> radiant_gate_mpsl: seam: grant=228 nostage=0 prog=228/0 | sigrad=455 sigt0=306 isr=455 end=229 dis=0 term=6 | ramp=228/2 state=0 ev=0x13 rxen saved=0x80000014 cont=0x13f a=0x80000014 p=0x80000014 e=0x80000014 inten=0x00000140[0m
[00:17:38.544,357] [0m<inf> radiant_gate_mpsl: sw: n=226 wipe=0 ramp=226 wipe+ramp=0 rx=226 wipe+rx=0 | started=226 early=0/0us last=2635us | open lead=231us max=257us late=0 glen=4888 cc0=2888[0m
[00:17:38.544,393] [0m<inf> radiant_gate_mpsl: hiend: timer0=226 | lasted=2890us max=3486us | dur=2867us max=3463us short=0 | t0arm=31us stale=228[0m
[00:17:38.544,411] [0m<inf> radiant_gate_mpsl: gate: acq=235 in_grant=226/226 placed=235 granted=230 blocked=4 cancel=0 eagain=10 near=0 long=0 ext=78/2 dead=0 | den pend=1 anch=1 dist=0 degen=0 nosess=0 owed=0 | sent grant=1 dead=0 blk=4 supp=226 | end=230 (norm=230 rel=0 idle=0 late=0) | bad over=0 inval=0 unk=0 inl=4 | len=4888/4888 el=3500 skew=8548 brun=0 sig=7 g=0 hw=0 p=1 rel=0 end=1 boot=0 anchor=1 owes=1[0m
[00:17:38.576,372] [0m<inf> thread_coex: thread load: role=2 sent=600 failed=0 interval=100ms payload=64B[0m
[00:17:38.576,382] [0m<inf> thread_coex: thread lat us: <64=0 64=0 128=598 256=2 512=0 1k=0 2k=0 4k=0 8k=0 16k=0 32k=0 64k=0 >=128k=0 max=311[0m
[00:17:38.576,390] [0m<inf> thread_coex: thread mac d: tx=100 retry=0 cca=0 abort=0 busy=0 | tot tx=606 retry=5 cca=0 abort=0 busy=0[0m
[00:17:39.194,688] [0m<inf> radiant_api: SWEEP set=1 steer=0 dwell=85425/260000 adv=1 sweeps=0 win=1 ok=3 searching=0 carrier=255 | chunks=6 preempt=0 missed=0 ebusy=0 rej=0 | pumps=1685 hk=1684 | scan_us=565200/6 track_us=51688/230 | end ok=0 abrt=2 miss=0 fail=0 deny=6 replan=0[0m
[00:17:39.544,468] [0m<inf> radiant_gate_mpsl: hi: acq=231 den=0 resv=0 pend=231 blk=0 grant=230[0m
[00:17:39.544,484] [0m<inf> radiant_gate_mpsl: seam: grant=232 nostage=0 prog=232/0 | sigrad=463 sigt0=310 isr=463 end=233 dis=0 term=6 | ramp=232/2 state=0 ev=0x13 rxen saved=0x80000014 cont=0x13f a=0x80000014 p=0x80000014 e=0x80000014 inten=0x00000140[0m
[00:17:39.544,493] [0m<inf> radiant_gate_mpsl: sw: n=230 wipe=0 ramp=230 wipe+ramp=0 rx=230 wipe+rx=0 | started=230 early=0/0us last=2635us | open lead=231us max=257us late=0 glen=4888 cc0=2888[0m
[00:17:39.544,527] [0m<inf> radiant_gate_mpsl: hiend: timer0=230 | lasted=2889us max=3486us | dur=2867us max=3463us short=0 | t0arm=31us stale=232[0m
[00:17:39.544,546] [0m<inf> radiant_gate_mpsl: gate: acq=239 in_grant=230/230 placed=239 granted=234 blocked=4 cancel=0 eagain=10 near=0 long=0 ext=78/2 dead=0 | den pend=1 anch=1 dist=0 degen=0 nosess=0 owed=0 | sent grant=1 dead=0 blk=4 supp=230 | end=234 (norm=234 rel=0 idle=0 late=0) | bad over=0 inval=0 unk=0 inl=4 | len=4888/4888 el=3500 skew=8548 brun=0 sig=7 g=0 hw=0 p=1 rel=0 end=1 boot=0 anchor=1 owes=1[0m
[00:17:40.243,670] [0m<inf> radiant_api: SWEEP set=1 steer=0 dwell=85425/260000 adv=1 sweeps=0 win=1 ok=3 searching=0 carrier=255 | chunks=6 preempt=0 missed=0 ebusy=0 rej=0 | pumps=1711 hk=1710 | scan_us=565200/6 track_us=52504/234 | end ok=0 abrt=2 miss=0 fail=0 deny=6 replan=0[0m
[00:17:40.544,622] [0m<inf> radiant_gate_mpsl: hi: acq=235 den=0 resv=0 pend=235 blk=0 grant=234[0m
[00:17:40.544,633] [0m<inf> radiant_gate_mpsl: seam: grant=236 nostage=0 prog=236/0 | sigrad=471 sigt0=314 isr=471 end=237 dis=0 term=6 | ramp=236/2 state=0 ev=0x13 rxen saved=0x80000014 cont=0x13f a=0x80000014 p=0x80000014 e=0x80000014 inten=0x00000140[0m
[00:17:40.544,642] [0m<inf> radiant_gate_mpsl: sw: n=234 wipe=0 ramp=234 wipe+ramp=0 rx=234 wipe+rx=0 | started=234 early=0/0us last=2634us | open lead=232us max=257us late=0 glen=4888 cc0=2888[0m
[00:17:40.544,674] [0m<inf> radiant_gate_mpsl: hiend: timer0=234 | lasted=2889us max=3486us | dur=2866us max=3463us short=0 | t0arm=31us stale=236[0m
[00:17:40.544,695] [0m<inf> radiant_gate_mpsl: gate: acq=243 in_grant=234/234 placed=243 granted=238 blocked=4 cancel=0 eagain=10 near=0 long=0 ext=78/2 dead=0 | den pend=1 anch=1 dist=0 degen=0 nosess=0 owed=0 | sent grant=1 dead=0 blk=4 supp=234 | end=238 (norm=238 rel=0 idle=0 late=0) | bad over=0 inval=0 unk=0 inl=4 | len=4888/4888 el=3500 skew=8548 brun=0 sig=7 g=0 hw=0 p=1 rel=0 end=1 boot=0 anchor=1 owes=1[0m
[00:17:41.292,798] [0m<inf> radiant_api: SWEEP set=1 steer=0 dwell=85425/260000 adv=1 sweeps=0 win=1 ok=3 searching=0 carrier=255 | chunks=6 preempt=0 missed=0 ebusy=0 rej=0 | pumps=1736 hk=1735 | scan_us=565200/6 track_us=53320/238 | end ok=0 abrt=2 miss=0 fail=0 deny=6 replan=0[0m
[00:17:41.544,767] [0m<inf> radiant_gate_mpsl: hi: acq=239 den=0 resv=0 pend=239 blk=0 grant=238[0m
[00:17:41.544,778] [0m<inf> radiant_gate_mpsl: seam: grant=240 nostage=0 prog=240/0 | sigrad=479 sigt0=318 isr=479 end=241 dis=0 term=6 | ramp=240/2 state=0 ev=0x13 rxen saved=0x80000014 cont=0x13f a=0x80000014 p=0x80000014 e=0x80000014 inten=0x00000140[0m
[00:17:41.544,787] [0m<inf> radiant_gate_mpsl: sw: n=238 wipe=0 ramp=238 wipe+ramp=0 rx=238 wipe+rx=0 | started=238 early=0/0us last=2636us | open lead=230us max=257us late=0 glen=4888 cc0=2888[0m
[00:17:41.544,821] [0m<inf> radiant_gate_mpsl: hiend: timer0=238 | lasted=2890us max=3486us | dur=2867us max=3463us short=0 | t0arm=31us stale=240[0m
[00:17:41.544,840] [0m<inf> radiant_gate_mpsl: gate: acq=247 in_grant=238/238 placed=247 granted=242 blocked=4 cancel=0 eagain=10 near=0 long=0 ext=78/2 dead=0 | den pend=1 anch=1 dist=0 degen=0 nosess=0 owed=0 | sent grant=1 dead=0 blk=4 supp=238 | end=242 (norm=242 rel=0 idle=0 late=0) | bad over=0 inval=0 unk=0 inl=4 | len=4888/4888 el=3500 skew=8548 brun=0 sig=7 g=0 hw=0 p=1 rel=0 end=1 boot=0 anchor=1 owes=1[0m
[00:17:42.341,613] [0m<inf> radiant_api: SWEEP set=1 steer=0 dwell=85425/260000 adv=1 sweeps=0 win=1 ok=3 searching=0 carrier=255 | chunks=6 preempt=0 missed=0 ebusy=0 rej=0 | pumps=1761 hk=1760 | scan_us=565200/6 track_us=54136/242 | end ok=0 abrt=2 miss=0 fail=0 deny=6 replan=0[0m
[00:17:42.544,925] [0m<inf> radiant_gate_mpsl: hi: acq=243 den=0 resv=0 pend=243 blk=0 grant=242[0m
[00:17:42.544,941] [0m<inf> radiant_gate_mpsl: seam: grant=244 nostage=0 prog=244/0 | sigrad=487 sigt0=322 isr=487 end=245 dis=0 term=6 | ramp=244/2 state=0 ev=0x13 rxen saved=0x80000014 cont=0x13f a=0x80000014 p=0x80000014 e=0x80000014 inten=0x00000140[0m
[00:17:42.544,950] [0m<inf> radiant_gate_mpsl: sw: n=242 wipe=0 ramp=242 wipe+ramp=0 rx=242 wipe+rx=0 | started=242 early=0/0us last=2635us | open lead=230us max=257us late=0 glen=4888 cc0=2888[0m
[00:17:42.544,984] [0m<inf> radiant_gate_mpsl: hiend: timer0=242 | lasted=2889us max=3486us | dur=2866us max=3463us short=0 | t0arm=32us stale=244[0m
[00:17:42.545,003] [0m<inf> radiant_gate_mpsl: gate: acq=251 in_grant=242/242 placed=251 granted=246 blocked=4 cancel=0 eagain=10 near=0 long=0 ext=78/2 dead=0 | den pend=1 anch=1 dist=0 degen=0 nosess=0 owed=0 | sent grant=1 dead=0 blk=4 supp=242 | end=246 (norm=246 rel=0 idle=0 late=0) | bad over=0 inval=0 unk=0 inl=4 | len=4888/4888 el=3500 skew=8548 brun=0 sig=7 g=0 hw=0 p=1 rel=0 end=1 boot=0 anchor=1 owes=1[0m
[00:17:43.388,493] [0m<inf> radiant_api: SWEEP set=1 steer=0 dwell=85425/260000 adv=1 sweeps=0 win=1 ok=3 searching=0 carrier=255 | chunks=6 preempt=0 missed=0 ebusy=0 rej=0 | pumps=1786 hk=1785 | scan_us=565200/6 track_us=54952/246 | end ok=0 abrt=2 miss=0 fail=0 deny=6 replan=0[0m
[00:17:43.545,079] [0m<inf> radiant_gate_mpsl: hi: acq=247 den=0 resv=0 pend=247 blk=0 grant=246[0m
[00:17:43.545,090] [0m<inf> radiant_gate_mpsl: seam: grant=248 nostage=0 prog=248/0 | sigrad=495 sigt0=326 isr=495 end=249 dis=0 term=6 | ramp=248/2 state=0 ev=0x13 rxen saved=0x80000014 cont=0x13f a=0x80000014 p=0x80000014 e=0x80000014 inten=0x00000140[0m
[00:17:43.545,099] [0m<inf> radiant_gate_mpsl: sw: n=246 wipe=0 ramp=246 wipe+ramp=0 rx=246 wipe+rx=0 | started=246 early=0/0us last=2635us | open lead=230us max=257us late=0 glen=4888 cc0=2888[0m
[00:17:43.545,131] [0m<inf> radiant_gate_mpsl: hiend: timer0=246 | lasted=2889us max=3486us | dur=2866us max=3463us short=0 | t0arm=32us stale=248[0m
[00:17:43.545,152] [0m<inf> radiant_gate_mpsl: gate: acq=255 in_grant=246/246 placed=255 granted=250 blocked=4 cancel=0 eagain=12 near=0 long=0 ext=78/2 dead=0 | den pend=1 anch=1 dist=0 degen=0 nosess=0 owed=0 | sent grant=1 dead=0 blk=4 supp=246 | end=250 (norm=250 rel=0 idle=0 late=0) | bad over=0 inval=0 unk=0 inl=4 | len=4888/4888 el=3500 skew=8548 brun=0 sig=7 g=0 hw=0 p=1 rel=0 end=1 boot=0 anchor=1 owes=1[0m
[00:17:44.389,230] [0m<inf> radiant_api: SWEEP set=1 steer=0 dwell=85425/260000 adv=1 sweeps=0 win=1 ok=3 searching=0 carrier=255 | chunks=6 preempt=0 missed=0 ebusy=0 rej=0 | pumps=1810 hk=1809 | scan_us=565200/6 track_us=55768/250 | end ok=0 abrt=2 miss=0 fail=0 deny=6 replan=0[0m
[00:17:44.545,253] [0m<inf> radiant_gate_mpsl: hi: acq=251 den=0 resv=0 pend=251 blk=0 grant=250[0m
[00:17:44.545,264] [0m<inf> radiant_gate_mpsl: seam: grant=252 nostage=0 prog=252/0 | sigrad=503 sigt0=330 isr=503 end=253 dis=0 term=6 | ramp=252/2 state=0 ev=0x13 rxen saved=0x80000014 cont=0x13f a=0x80000014 p=0x80000014 e=0x80000014 inten=0x00000140[0m
[00:17:44.545,275] [0m<inf> radiant_gate_mpsl: sw: n=250 wipe=0 ramp=250 wipe+ramp=0 rx=250 wipe+rx=0 | started=250 early=0/0us last=2636us | open lead=229us max=257us late=0 glen=4888 cc0=2888[0m
[00:17:44.545,309] [0m<inf> radiant_gate_mpsl: hiend: timer0=250 | lasted=2889us max=3486us | dur=2866us max=3463us short=0 | t0arm=32us stale=252[0m
[00:17:44.545,328] [0m<inf> radiant_gate_mpsl: gate: acq=259 in_grant=250/250 placed=259 granted=254 blocked=4 cancel=0 eagain=13 near=0 long=0 ext=78/2 dead=0 | den pend=1 anch=1 dist=0 degen=0 nosess=0 owed=0 | sent grant=1 dead=0 blk=4 supp=250 | end=254 (norm=254 rel=0 idle=0 late=0) | bad over=0 inval=0 unk=0 inl=4 | len=4888/4888 el=3500 skew=8548 brun=0 sig=7 g=0 hw=0 p=1 rel=0 end=1 boot=0 anchor=1 owes=1[0m
[00:17:45.437,103] [0m<inf> radiant_api: SWEEP set=1 steer=0 dwell=85425/260000 adv=1 sweeps=0 win=1 ok=3 searching=0 carrier=255 | chunks=6 preempt=0 missed=0 ebusy=0 rej=0 | pumps=1835 hk=1834 | scan_us=565200/6 track_us=56788/255 | end ok=0 abrt=2 miss=0 fail=0 deny=6 replan=0[0m
[00:17:45.545,389] [0m<inf> radiant_gate_mpsl: hi: acq=255 den=0 resv=0 pend=255 blk=0 grant=254[0m
[00:17:45.545,406] [0m<inf> radiant_gate_mpsl: seam: grant=256 nostage=0 prog=256/0 | sigrad=511 sigt0=334 isr=511 end=257 dis=0 term=6 | ramp=256/2 state=0 ev=0x13 rxen saved=0x80000014 cont=0x13f a=0x80000014 p=0x80000014 e=0x80000014 inten=0x00000140[0m
[00:17:45.545,415] [0m<inf> radiant_gate_mpsl: sw: n=254 wipe=0 ramp=254 wipe+ramp=0 rx=254 wipe+rx=0 | started=254 early=0/0us last=2635us | open lead=230us max=257us late=0 glen=4888 cc0=2888[0m
[00:17:45.545,447] [0m<inf> radiant_gate_mpsl: hiend: timer0=254 | lasted=2889us max=3486us | dur=2866us max=3463us short=0 | t0arm=32us stale=256[0m
[00:17:45.545,465] [0m<inf> radiant_gate_mpsl: gate: acq=263 in_grant=254/254 placed=263 granted=258 blocked=4 cancel=0 eagain=13 near=0 long=0 ext=78/2 dead=0 | den pend=1 anch=1 dist=0 degen=0 nosess=0 owed=0 | sent grant=1 dead=0 blk=4 supp=254 | end=258 (norm=258 rel=0 idle=0 late=0) | bad over=0 inval=0 unk=0 inl=4 | len=4888/4888 el=3500 skew=8548 brun=0 sig=7 g=0 hw=0 p=1 rel=0 end=1 boot=0 anchor=1 owes=1[0m
[00:17:46.486,086] [0m<inf> radiant_api: SWEEP set=1 steer=0 dwell=85425/260000 adv=1 sweeps=0 win=1 ok=3 searching=0 carrier=255 | chunks=6 preempt=0 missed=0 ebusy=0 rej=0 | pumps=1861 hk=1860 | scan_us=565200/6 track_us=57604/259 | end ok=0 abrt=2 miss=0 fail=0 deny=6 replan=0[0m
[00:17:46.545,533] [0m<inf> radiant_gate_mpsl: hi: acq=259 den=0 resv=0 pend=259 blk=0 grant=258[0m
[00:17:46.545,544] [0m<inf> radiant_gate_mpsl: seam: grant=260 nostage=0 prog=260/0 | sigrad=519 sigt0=338 isr=519 end=261 dis=0 term=6 | ramp=260/2 state=0 ev=0x13 rxen saved=0x80000014 cont=0x13f a=0x80000014 p=0x80000014 e=0x80000014 inten=0x00000140[0m
[00:17:46.545,553] [0m<inf> radiant_gate_mpsl: sw: n=258 wipe=0 ramp=258 wipe+ramp=0 rx=258 wipe+rx=0 | started=258 early=0/0us last=2635us | open lead=230us max=257us late=0 glen=4888 cc0=2888[0m
[00:17:46.545,585] [0m<inf> radiant_gate_mpsl: hiend: timer0=258 | lasted=2889us max=3486us | dur=2865us max=3463us short=0 | t0arm=32us stale=260[0m
[00:17:46.545,606] [0m<inf> radiant_gate_mpsl: gate: acq=267 in_grant=258/258 placed=267 granted=262 blocked=4 cancel=0 eagain=13 near=0 long=0 ext=78/2 dead=0 | den pend=1 anch=1 dist=0 degen=0 nosess=0 owed=0 | sent grant=1 dead=0 blk=4 supp=258 | end=262 (norm=262 rel=0 idle=0 late=0) | bad over=0 inval=0 unk=0 inl=4 | len=4888/4888 el=3500 skew=8548 brun=0 sig=7 g=0 hw=0 p=1 rel=0 end=1 boot=0 anchor=1 owes=1[0m
[00:17:47.534,991] [0m<inf> radiant_api: SWEEP set=1 steer=0 dwell=85425/260000 adv=1 sweeps=0 win=1 ok=3 searching=0 carrier=255 | chunks=6 preempt=0 missed=0 ebusy=0 rej=0 | pumps=1886 hk=1885 | scan_us=565200/6 track_us=58420/263 | end ok=0 abrt=2 miss=0 fail=0 deny=6 replan=0[0m
[00:17:47.545,675] [0m<inf> radiant_gate_mpsl: hi: acq=263 den=0 resv=0 pend=263 blk=0 grant=262[0m
[00:17:47.545,685] [0m<inf> radiant_gate_mpsl: seam: grant=264 nostage=0 prog=264/0 | sigrad=527 sigt0=342 isr=527 end=265 dis=0 term=6 | ramp=264/2 state=0 ev=0x13 rxen saved=0x80000014 cont=0x13f a=0x80000014 p=0x80000014 e=0x80000014 inten=0x00000140[0m
[00:17:47.545,695] [0m<inf> radiant_gate_mpsl: sw: n=262 wipe=0 ramp=262 wipe+ramp=0 rx=262 wipe+rx=0 | started=262 early=0/0us last=2635us | open lead=230us max=257us late=0 glen=4888 cc0=2888[0m
[00:17:47.545,729] [0m<inf> radiant_gate_mpsl: hiend: timer0=262 | lasted=2890us max=3486us | dur=2866us max=3463us short=0 | t0arm=32us stale=264[0m
[00:17:47.545,747] [0m<inf> radiant_gate_mpsl: gate: acq=271 in_grant=262/262 placed=271 granted=266 blocked=4 cancel=0 eagain=13 near=0 long=0 ext=78/2 dead=0 | den pend=1 anch=1 dist=0 degen=0 nosess=0 owed=0 | sent grant=1 dead=0 blk=4 supp=262 | end=266 (norm=266 rel=0 idle=0 late=0) | bad over=0 inval=0 unk=0 inl=4 | len=4888/4888 el=3500 skew=8548 brun=0 sig=7 g=0 hw=0 p=1 rel=0 end=1 boot=0 anchor=1 owes=1[0m
[00:17:48.545,795] [0m<inf> radiant_gate_mpsl: hi: acq=267 den=0 resv=0 pend=267 blk=0 grant=266[0m
[00:17:48.545,806] [0m<inf> radiant_gate_mpsl: seam: grant=268 nostage=0 prog=268/0 | sigrad=535 sigt0=346 isr=535 end=269 dis=0 term=6 | ramp=268/2 state=0 ev=0x13 rxen saved=0x80000014 cont=0x13f a=0x80000014 p=0x80000014 e=0x80000014 inten=0x00000140[0m
[00:17:48.545,815] [0m<inf> radiant_gate_mpsl: sw: n=266 wipe=0 ramp=266 wipe+ramp=0 rx=266 wipe+rx=0 | started=266 early=0/0us last=2636us | open lead=230us max=257us late=0 glen=4888 cc0=2888[0m
[00:17:48.545,846] [0m<inf> radiant_gate_mpsl: hiend: timer0=266 | lasted=2889us max=3486us | dur=2865us max=3463us short=0 | t0arm=32us stale=268[0m
[00:17:48.545,867] [0m<inf> radiant_gate_mpsl: gate: acq=275 in_grant=266/266 placed=275 granted=270 blocked=4 cancel=0 eagain=13 near=0 long=0 ext=78/2 dead=0 | den pend=1 anch=1 dist=0 degen=0 nosess=0 owed=0 | sent grant=1 dead=0 blk=4 supp=266 | end=270 (norm=270 rel=0 idle=0 late=0) | bad over=0 inval=0 unk=0 inl=4 | len=4888/4888 el=3500 skew=8548 brun=0 sig=7 g=0 hw=0 p=1 rel=0 end=1 boot=0 anchor=1 owes=1[0m
[00:17:48.583,964] [0m<inf> radiant_api: SWEEP set=1 steer=0 dwell=85425/260000 adv=1 sweeps=0 win=1 ok=3 searching=0 carrier=255 | chunks=6 preempt=0 missed=0 ebusy=0 rej=0 | pumps=1911 hk=1910 | scan_us=565200/6 track_us=59236/267 | end ok=0 abrt=2 miss=0 fail=0 deny=6 replan=0[0m
[00:17:48.599,657] [0m<inf> thread_coex: thread load: role=2 sent=700 failed=0 interval=100ms payload=64B[0m
[00:17:48.599,669] [0m<inf> thread_coex: thread lat us: <64=0 64=0 128=698 256=2 512=0 1k=0 2k=0 4k=0 8k=0 16k=0 32k=0 64k=0 >=128k=0 max=311[0m
[00:17:48.599,677] [0m<inf> thread_coex: thread mac d: tx=100 retry=2 cca=0 abort=0 busy=0 | tot tx=706 retry=7 cca=0 abort=0 busy=0[0m
[00:17:49.545,937] [0m<inf> radiant_gate_mpsl: hi: acq=271 den=0 resv=0 pend=271 blk=0 grant=270[0m
[00:17:49.545,953] [0m<inf> radiant_gate_mpsl: seam: grant=272 nostage=0 prog=272/0 | sigrad=543 sigt0=350 isr=543 end=273 dis=0 term=6 | ramp=272/2 state=0 ev=0x13 rxen saved=0x80000014 cont=0x13f a=0x80000014 p=0x80000014 e=0x80000014 inten=0x00000140[0m
[00:17:49.545,962] [0m<inf> radiant_gate_mpsl: sw: n=270 wipe=0 ramp=270 wipe+ramp=0 rx=270 wipe+rx=0 | started=270 early=0/0us last=2635us | open lead=230us max=257us late=0 glen=4888 cc0=2888[0m
[00:17:49.545,997] [0m<inf> radiant_gate_mpsl: hiend: timer0=270 | lasted=2889us max=3486us | dur=2866us max=3463us short=0 | t0arm=32us stale=272[0m
[00:17:49.546,015] [0m<inf> radiant_gate_mpsl: gate: acq=279 in_grant=270/270 placed=279 granted=274 blocked=4 cancel=0 eagain=13 near=0 long=0 ext=78/2 dead=0 | den pend=1 anch=1 dist=0 degen=0 nosess=0 owed=0 | sent grant=1 dead=0 blk=4 supp=270 | end=274 (norm=274 rel=0 idle=0 late=0) | bad over=0 inval=0 unk=0 inl=4 | len=4888/4888 el=3500 skew=8548 brun=0 sig=7 g=0 hw=0 p=1 rel=0 end=1 boot=0 anchor=1 owes=1[0m
[00:17:49.632,885] [0m<inf> radiant_api: SWEEP set=1 steer=0 dwell=85425/260000 adv=1 sweeps=0 win=1 ok=3 searching=0 carrier=255 | chunks=6 preempt=0 missed=0 ebusy=0 rej=0 | pumps=1936 hk=1935 | scan_us=565200/6 track_us=60052/271 | end ok=0 abrt=2 miss=0 fail=0 deny=6 replan=0[0m
[00:17:50.546,082] [0m<inf> radiant_gate_mpsl: hi: acq=275 den=0 resv=0 pend=275 blk=0 grant=274[0m
[00:17:50.546,093] [0m<inf> radiant_gate_mpsl: seam: grant=276 nostage=0 prog=276/0 | sigrad=551 sigt0=354 isr=551 end=277 dis=0 term=6 | ramp=276/2 state=0 ev=0x13 rxen saved=0x80000014 cont=0x13f a=0x80000014 p=0x80000014 e=0x80000014 inten=0x00000140[0m
[00:17:50.546,104] [0m<inf> radiant_gate_mpsl: sw: n=274 wipe=0 ramp=274 wipe+ramp=0 rx=274 wipe+rx=0 | started=274 early=0/0us last=2635us | open lead=230us max=257us late=0 glen=4888 cc0=2888[0m
[00:17:50.546,136] [0m<inf> radiant_gate_mpsl: hiend: timer0=274 | lasted=2889us max=3486us | dur=2865us max=3463us short=0 | t0arm=32us stale=276[0m
[00:17:50.546,157] [0m<inf> radiant_gate_mpsl: gate: acq=283 in_grant=274/274 placed=283 granted=278 blocked=4 cancel=0 eagain=13 near=0 long=0 ext=78/2 dead=0 | den pend=1 anch=1 dist=0 degen=0 nosess=0 owed=0 | sent grant=1 dead=0 blk=4 supp=274 | end=278 (norm=278 rel=0 idle=0 late=0) | bad over=0 inval=0 unk=0 inl=4 | len=4888/4888 el=3500 skew=8548 brun=0 sig=7 g=0 hw=0 p=1 rel=0 end=1 boot=0 anchor=1 owes=1[0m
[00:17:50.680,736] [0m<inf> radiant_api: SWEEP set=1 steer=0 dwell=85425/260000 adv=1 sweeps=0 win=1 ok=3 searching=0 carrier=255 | chunks=6 preempt=0 missed=0 ebusy=0 rej=0 | pumps=1961 hk=1960 | scan_us=565200/6 track_us=61072/276 | end ok=0 abrt=2 miss=0 fail=0 deny=6 replan=0[0m
[00:17:51.546,226] [0m<inf> radiant_gate_mpsl: hi: acq=279 den=0 resv=0 pend=279 blk=0 grant=278[0m
[00:17:51.546,242] [0m<inf> radiant_gate_mpsl: seam: grant=280 nostage=0 prog=280/0 | sigrad=559 sigt0=358 isr=559 end=281 dis=0 term=6 | ramp=280/2 state=0 ev=0x13 rxen saved=0x80000014 cont=0x13f a=0x80000014 p=0x80000014 e=0x80000014 inten=0x00000140[0m
[00:17:51.546,251] [0m<inf> radiant_gate_mpsl: sw: n=278 wipe=0 ramp=278 wipe+ramp=0 rx=278 wipe+rx=0 | started=278 early=0/0us last=2636us | open lead=230us max=257us late=0 glen=4888 cc0=2888[0m
[00:17:51.546,285] [0m<inf> radiant_gate_mpsl: hiend: timer0=278 | lasted=2889us max=3486us | dur=2865us max=3463us short=0 | t0arm=32us stale=280[0m
[00:17:51.546,304] [0m<inf> radiant_gate_mpsl: gate: acq=287 in_grant=278/278 placed=287 granted=282 blocked=4 cancel=0 eagain=13 near=0 long=0 ext=78/2 dead=0 | den pend=1 anch=1 dist=0 degen=0 nosess=0 owed=0 | sent grant=1 dead=0 blk=4 supp=278 | end=282 (norm=282 rel=0 idle=0 late=0) | bad over=0 inval=0 unk=0 inl=4 | len=4888/4888 el=3500 skew=8548 brun=0 sig=7 g=0 hw=0 p=1 rel=0 end=1 boot=0 anchor=1 owes=1[0m
[00:17:51.729,716] [0m<inf> radiant_api: SWEEP set=1 steer=0 dwell=85425/260000 adv=1 sweeps=0 win=1 ok=3 searching=0 carrier=255 | chunks=6 preempt=0 missed=0 ebusy=0 rej=0 | pumps=1987 hk=1986 | scan_us=565200/6 track_us=61888/280 | end ok=0 abrt=2 miss=0 fail=0 deny=6 replan=0[0m
[00:17:52.546,375] [0m<inf> radiant_gate_mpsl: hi: acq=283 den=0 resv=0 pend=283 blk=0 grant=282[0m
[00:17:52.546,386] [0m<inf> radiant_gate_mpsl: seam: grant=284 nostage=0 prog=284/0 | sigrad=567 sigt0=362 isr=567 end=285 dis=0 term=6 | ramp=284/2 state=0 ev=0x13 rxen saved=0x80000014 cont=0x13f a=0x80000014 p=0x80000014 e=0x80000014 inten=0x00000140[0m
[00:17:52.546,395] [0m<inf> radiant_gate_mpsl: sw: n=282 wipe=0 ramp=282 wipe+ramp=0 rx=282 wipe+rx=0 | started=282 early=0/0us last=2635us | open lead=230us max=257us late=0 glen=4888 cc0=2888[0m
[00:17:52.546,427] [0m<inf> radiant_gate_mpsl: hiend: timer0=282 | lasted=2889us max=3486us | dur=2866us max=3463us short=0 | t0arm=32us stale=284[0m
[00:17:52.546,448] [0m<inf> radiant_gate_mpsl: gate: acq=291 in_grant=282/282 placed=291 granted=286 blocked=4 cancel=0 eagain=13 near=0 long=0 ext=78/2 dead=0 | den pend=1 anch=1 dist=0 degen=0 nosess=0 owed=0 | sent grant=1 dead=0 blk=4 supp=282 | end=286 (norm=286 rel=0 idle=0 late=0) | bad over=0 inval=0 unk=0 inl=4 | len=4888/4888 el=3500 skew=8548 brun=0 sig=7 g=0 hw=0 p=1 rel=0 end=1 boot=0 anchor=1 owes=1[0m
[00:17:52.778,606] [0m<inf> radiant_api: SWEEP set=1 steer=0 dwell=85425/260000 adv=1 sweeps=0 win=1 ok=3 searching=0 carrier=255 | chunks=6 preempt=0 missed=0 ebusy=0 rej=0 | pumps=2012 hk=2011 | scan_us=565200/6 track_us=62704/284 | end ok=0 abrt=2 miss=0 fail=0 deny=6 replan=0[0m
[00:17:53.546,520] [0m<inf> radiant_gate_mpsl: hi: acq=287 den=0 resv=0 pend=287 blk=0 grant=286[0m
[00:17:53.546,531] [0m<inf> radiant_gate_mpsl: seam: grant=288 nostage=0 prog=288/0 | sigrad=575 sigt0=366 isr=575 end=289 dis=0 term=6 | ramp=288/2 state=0 ev=0x13 rxen saved=0x80000014 cont=0x13f a=0x80000014 p=0x80000014 e=0x80000014 inten=0x00000140[0m
[00:17:53.546,540] [0m<inf> radiant_gate_mpsl: sw: n=286 wipe=0 ramp=286 wipe+ramp=0 rx=286 wipe+rx=0 | started=286 early=0/0us last=2635us | open lead=231us max=257us late=0 glen=4888 cc0=2888[0m
[00:17:53.546,574] [0m<inf> radiant_gate_mpsl: hiend: timer0=286 | lasted=2889us max=3486us | dur=2865us max=3463us short=0 | t0arm=32us stale=288[0m
[00:17:53.546,593] [0m<inf> radiant_gate_mpsl: gate: acq=295 in_grant=286/286 placed=295 granted=290 blocked=4 cancel=0 eagain=13 near=0 long=0 ext=78/2 dead=0 | den pend=1 anch=1 dist=0 degen=0 nosess=0 owed=0 | sent grant=1 dead=0 blk=4 supp=286 | end=290 (norm=290 rel=0 idle=0 late=0) | bad over=0 inval=0 unk=0 inl=4 | len=4888/4888 el=3500 skew=8548 brun=0 sig=7 g=0 hw=0 p=1 rel=0 end=1 boot=0 anchor=1 owes=1[0m
[00:17:53.827,550] [0m<inf> radiant_api: SWEEP set=1 steer=0 dwell=85425/260000 adv=1 sweeps=0 win=1 ok=3 searching=0 carrier=255 | chunks=6 preempt=0 missed=0 ebusy=0 rej=0 | pumps=2037 hk=2036 | scan_us=565200/6 track_us=63520/288 | end ok=0 abrt=2 miss=0 fail=0 deny=6 replan=0[0m
[00:17:54.546,683] [0m<inf> radiant_gate_mpsl: hi: acq=291 den=0 resv=0 pend=291 blk=0 grant=290[0m
[00:17:54.546,699] [0m<inf> radiant_gate_mpsl: seam: grant=292 nostage=0 prog=292/0 | sigrad=583 sigt0=370 isr=583 end=293 dis=0 term=6 | ramp=292/2 state=0 ev=0x13 rxen saved=0x80000014 cont=0x13f a=0x80000014 p=0x80000014 e=0x80000014 inten=0x00000140[0m
[00:17:54.546,708] [0m<inf> radiant_gate_mpsl: sw: n=290 wipe=0 ramp=290 wipe+ramp=0 rx=290 wipe+rx=0 | started=290 early=0/0us last=2635us | open lead=230us max=257us late=0 glen=4888 cc0=2888[0m
[00:17:54.546,742] [0m<inf> radiant_gate_mpsl: hiend: timer0=290 | lasted=2889us max=3486us | dur=2865us max=3463us short=0 | t0arm=32us stale=292[0m
[00:17:54.546,761] [0m<inf> radiant_gate_mpsl: gate: acq=299 in_grant=290/290 placed=299 granted=294 blocked=4 cancel=0 eagain=13 near=0 long=0 ext=78/2 dead=0 | den pend=1 anch=1 dist=0 degen=0 nosess=0 owed=0 | sent grant=1 dead=0 blk=4 supp=290 | end=294 (norm=294 rel=0 idle=0 late=0) | bad over=0 inval=0 unk=0 inl=4 | len=4888/4888 el=3500 skew=8548 brun=0 sig=7 g=0 hw=0 p=1 rel=0 end=1 boot=0 anchor=1 owes=1[0m
[00:17:54.876,496] [0m<inf> radiant_api: SWEEP set=1 steer=0 dwell=85425/260000 adv=1 sweeps=0 win=1 ok=3 searching=0 carrier=255 | chunks=6 preempt=0 missed=0 ebusy=0 rej=0 | pumps=2062 hk=2061 | scan_us=565200/6 track_us=64336/292 | end ok=0 abrt=2 miss=0 fail=0 deny=6 replan=0[0m
[00:17:55.546,824] [0m<inf> radiant_gate_mpsl: hi: acq=295 den=0 resv=0 pend=295 blk=0 grant=294[0m
[00:17:55.546,835] [0m<inf> radiant_gate_mpsl: seam: grant=296 nostage=0 prog=296/0 | sigrad=591 sigt0=374 isr=591 end=297 dis=0 term=6 | ramp=296/2 state=0 ev=0x13 rxen saved=0x80000014 cont=0x13f a=0x80000014 p=0x80000014 e=0x80000014 inten=0x00000140[0m
[00:17:55.546,844] [0m<inf> radiant_gate_mpsl: sw: n=294 wipe=0 ramp=294 wipe+ramp=0 rx=294 wipe+rx=0 | started=294 early=0/0us last=2636us | open lead=229us max=257us late=0 glen=4888 cc0=2888[0m
[00:17:55.546,876] [0m<inf> radiant_gate_mpsl: hiend: timer0=294 | lasted=2889us max=3486us | dur=2865us max=3463us short=0 | t0arm=32us stale=296[0m
[00:17:55.546,897] [0m<inf> radiant_gate_mpsl: gate: acq=303 in_grant=294/294 placed=303 granted=298 blocked=4 cancel=0 eagain=13 near=0 long=0 ext=78/2 dead=0 | den pend=1 anch=1 dist=0 degen=0 nosess=0 owed=0 | sent grant=1 dead=0 blk=4 supp=294 | end=298 (norm=298 rel=0 idle=0 late=0) | bad over=0 inval=0 unk=0 inl=4 | len=4888/4888 el=3500 skew=8548 brun=0 sig=7 g=0 hw=0 p=1 rel=0 end=1 boot=0 anchor=1 owes=1[0m
[00:17:55.924,472] [0m<inf> radiant_api: SWEEP set=1 steer=0 dwell=85425/260000 adv=1 sweeps=0 win=1 ok=3 searching=0 carrier=255 | chunks=6 preempt=0 missed=0 ebusy=0 rej=0 | pumps=2087 hk=2086 | scan_us=565200/6 track_us=65356/297 | end ok=0 abrt=2 miss=0 fail=0 deny=6 replan=0[0m
[00:17:56.546,986] [0m<inf> radiant_gate_mpsl: hi: acq=299 den=0 resv=0 pend=299 blk=0 grant=298[0m
[00:17:56.546,997] [0m<inf> radiant_gate_mpsl: seam: grant=300 nostage=0 prog=300/0 | sigrad=599 sigt0=378 isr=599 end=301 dis=0 term=6 | ramp=300/2 state=0 ev=0x13 rxen saved=0x80000014 cont=0x13f a=0x80000014 p=0x80000014 e=0x80000014 inten=0x00000140[0m
[00:17:56.547,006] [0m<inf> radiant_gate_mpsl: sw: n=298 wipe=0 ramp=298 wipe+ramp=0 rx=298 wipe+rx=0 | started=298 early=0/0us last=2635us | open lead=230us max=257us late=0 glen=4888 cc0=2888[0m
[00:17:56.547,042] [0m<inf> radiant_gate_mpsl: hiend: timer0=298 | lasted=2889us max=3486us | dur=2865us max=3463us short=0 | t0arm=32us stale=300[0m
[00:17:56.547,060] [0m<inf> radiant_gate_mpsl: gate: acq=307 in_grant=298/298 placed=307 granted=302 blocked=4 cancel=0 eagain=13 near=0 long=0 ext=78/2 dead=0 | den pend=1 anch=1 dist=0 degen=0 nosess=0 owed=0 | sent grant=1 dead=0 blk=4 supp=298 | end=302 (norm=302 rel=0 idle=0 late=0) | bad over=0 inval=0 unk=0 inl=4 | len=4888/4888 el=3500 skew=8548 brun=0 sig=7 g=0 hw=0 p=1 rel=0 end=1 boot=0 anchor=1 owes=1[0m
[00:17:56.973,429] [0m<inf> radiant_api: SWEEP set=1 steer=0 dwell=85425/260000 adv=1 sweeps=0 win=1 ok=3 searching=0 carrier=255 | chunks=6 preempt=0 missed=0 ebusy=0 rej=0 | pumps=2113 hk=2112 | scan_us=565200/6 track_us=66172/301 | end ok=0 abrt=2 miss=0 fail=0 deny=6 replan=0[0m
[00:17:57.547,143] [0m<inf> radiant_gate_mpsl: hi: acq=303 den=0 resv=0 pend=303 blk=0 grant=302[0m
[00:17:57.547,160] [0m<inf> radiant_gate_mpsl: seam: grant=304 nostage=0 prog=304/0 | sigrad=607 sigt0=382 isr=607 end=305 dis=0 term=6 | ramp=304/2 state=0 ev=0x13 rxen saved=0x80000014 cont=0x13f a=0x80000014 p=0x80000014 e=0x80000014 inten=0x00000140[0m
[00:17:57.547,169] [0m<inf> radiant_gate_mpsl: sw: n=302 wipe=0 ramp=302 wipe+ramp=0 rx=302 wipe+rx=0 | started=302 early=0/0us last=2636us | open lead=231us max=257us late=0 glen=4888 cc0=2888[0m
[00:17:57.547,203] [0m<inf> radiant_gate_mpsl: hiend: timer0=302 | lasted=2890us max=3486us | dur=2867us max=3463us short=0 | t0arm=31us stale=304[0m
[00:17:57.547,221] [0m<inf> radiant_gate_mpsl: gate: acq=311 in_grant=302/302 placed=311 granted=306 blocked=4 cancel=0 eagain=14 near=0 long=0 ext=78/2 dead=0 | den pend=1 anch=1 dist=0 degen=0 nosess=0 owed=0 | sent grant=1 dead=0 blk=4 supp=302 | end=306 (norm=306 rel=0 idle=0 late=0) | bad over=0 inval=0 unk=0 inl=4 | len=4888/4888 el=3500 skew=8548 brun=0 sig=7 g=0 hw=0 p=1 rel=0 end=1 boot=0 anchor=1 owes=1[0m
[00:17:58.022,515] [0m<inf> radiant_api: SWEEP set=1 steer=0 dwell=85425/260000 adv=1 sweeps=0 win=1 ok=3 searching=0 carrier=255 | chunks=6 preempt=0 missed=0 ebusy=0 rej=0 | pumps=2138 hk=2137 | scan_us=565200/6 track_us=66988/305 | end ok=0 abrt=2 miss=0 fail=0 deny=6 replan=0[0m
[00:17:58.547,282] [0m<inf> radiant_gate_mpsl: hi: acq=307 den=0 resv=0 pend=307 blk=0 grant=306[0m
[00:17:58.547,294] [0m<inf> radiant_gate_mpsl: seam: grant=308 nostage=0 prog=308/0 | sigrad=615 sigt0=386 isr=615 end=309 dis=0 term=6 | ramp=308/2 state=0 ev=0x13 rxen saved=0x80000014 cont=0x13f a=0x80000014 p=0x80000014 e=0x80000014 inten=0x00000140[0m
[00:17:58.547,303] [0m<inf> radiant_gate_mpsl: sw: n=306 wipe=0 ramp=306 wipe+ramp=0 rx=306 wipe+rx=0 | started=306 early=0/0us last=2634us | open lead=232us max=257us late=0 glen=4888 cc0=2888[0m
[00:17:58.547,334] [0m<inf> radiant_gate_mpsl: hiend: timer0=306 | lasted=2890us max=3486us | dur=2867us max=3463us short=0 | t0arm=31us stale=308[0m
[00:17:58.547,356] [0m<inf> radiant_gate_mpsl: gate: acq=315 in_grant=306/306 placed=315 granted=310 blocked=4 cancel=0 eagain=15 near=0 long=0 ext=78/2 dead=0 | den pend=1 anch=1 dist=0 degen=0 nosess=0 owed=0 | sent grant=1 dead=0 blk=4 supp=306 | end=310 (norm=310 rel=0 idle=0 late=0) | bad over=0 inval=0 unk=0 inl=4 | len=4888/4888 el=3500 skew=8548 brun=0 sig=7 g=0 hw=0 p=1 rel=0 end=1 boot=0 anchor=1 owes=1[0m
[00:17:58.622,995] [0m<inf> thread_coex: thread load: role=2 sent=800 failed=0 interval=100ms payload=64B[0m
[00:17:58.623,005] [0m<inf> thread_coex: thread lat us: <64=0 64=0 128=797 256=3 512=0 1k=0 2k=0 4k=0 8k=0 16k=0 32k=0 64k=0 >=128k=0 max=311[0m
[00:17:58.623,013] [0m<inf> thread_coex: thread mac d: tx=100 retry=1 cca=0 abort=0 busy=0 | tot tx=806 retry=8 cca=0 abort=0 busy=0[0m
[00:17:59.071,201] [0m<inf> radiant_api: SWEEP set=1 steer=0 dwell=85425/260000 adv=1 sweeps=0 win=1 ok=3 searching=0 carrier=255 | chunks=6 preempt=0 missed=0 ebusy=0 rej=0 | pumps=2163 hk=2162 | scan_us=565200/6 track_us=67804/309 | end ok=0 abrt=2 miss=0 fail=0 deny=6 replan=0[0m
[00:17:59.547,430] [0m<inf> radiant_gate_mpsl: hi: acq=311 den=0 resv=0 pend=311 blk=0 grant=310[0m
[00:17:59.547,441] [0m<inf> radiant_gate_mpsl: seam: grant=312 nostage=0 prog=312/0 | sigrad=623 sigt0=390 isr=623 end=313 dis=0 term=6 | ramp=312/2 state=0 ev=0x13 rxen saved=0x80000014 cont=0x13f a=0x80000014 p=0x80000014 e=0x80000014 inten=0x00000140[0m
[00:17:59.547,450] [0m<inf> radiant_gate_mpsl: sw: n=310 wipe=0 ramp=310 wipe+ramp=0 rx=310 wipe+rx=0 | started=310 early=0/0us last=2635us | open lead=232us max=257us late=0 glen=4888 cc0=2888[0m
[00:17:59.547,485] [0m<inf> radiant_gate_mpsl: hiend: timer0=310 | lasted=2889us max=3486us | dur=2866us max=3463us short=0 | t0arm=31us stale=312[0m
[00:17:59.547,503] [0m<inf> radiant_gate_mpsl: gate: acq=319 in_grant=310/310 placed=319 granted=314 blocked=4 cancel=0 eagain=15 near=0 long=0 ext=78/2 dead=0 | den pend=1 anch=1 dist=0 degen=0 nosess=0 owed=0 | sent grant=1 dead=0 blk=4 supp=310 | end=314 (norm=314 rel=0 idle=0 late=0) | bad over=0 inval=0 unk=0 inl=4 | len=4888/4888 el=3500 skew=8548 brun=0 sig=7 g=0 hw=0 p=1 rel=0 end=1 boot=0 anchor=1 owes=1[0m
[00:18:00.120,095] [0m<inf> radiant_api: SWEEP set=1 steer=0 dwell=85425/260000 adv=1 sweeps=0 win=1 ok=3 searching=0 carrier=255 | chunks=6 preempt=0 missed=0 ebusy=0 rej=0 | pumps=2188 hk=2187 | scan_us=565200/6 track_us=68620/313 | end ok=0 abrt=2 miss=0 fail=0 deny=6 replan=0[0m
[00:18:00.547,593] [0m<inf> radiant_gate_mpsl: hi: acq=315 den=0 resv=0 pend=315 blk=0 grant=314[0m
[00:18:00.547,610] [0m<inf> radiant_gate_mpsl: seam: grant=316 nostage=0 prog=316/0 | sigrad=631 sigt0=394 isr=631 end=317 dis=0 term=6 | ramp=316/2 state=0 ev=0x13 rxen saved=0x80000014 cont=0x13f a=0x80000014 p=0x80000014 e=0x80000014 inten=0x00000140[0m
[00:18:00.547,618] [0m<inf> radiant_gate_mpsl: sw: n=314 wipe=0 ramp=314 wipe+ramp=0 rx=314 wipe+rx=0 | started=314 early=0/0us last=2634us | open lead=232us max=257us late=0 glen=4888 cc0=2888[0m
[00:18:00.547,653] [0m<inf> radiant_gate_mpsl: hiend: timer0=314 | lasted=2889us max=3486us | dur=2867us max=3463us short=0 | t0arm=31us stale=316[0m
[00:18:00.547,671] [0m<inf> radiant_gate_mpsl: gate: acq=323 in_grant=314/314 placed=323 granted=318 blocked=4 cancel=0 eagain=15 near=0 long=0 ext=78/2 dead=0 | den pend=1 anch=1 dist=0 degen=0 nosess=0 owed=0 | sent grant=1 dead=0 blk=4 supp=314 | end=318 (norm=318 rel=0 idle=0 late=0) | bad over=0 inval=0 unk=0 inl=4 | len=4888/4888 el=3500 skew=8548 brun=0 sig=7 g=0 hw=0 p=1 rel=0 end=1 boot=0 anchor=1 owes=1[0m
[00:18:01.167,992] [0m<inf> radiant_api: SWEEP set=1 steer=0 dwell=85425/260000 adv=1 sweeps=0 win=1 ok=3 searching=0 carrier=255 | chunks=6 preempt=0 missed=0 ebusy=0 rej=0 | pumps=2213 hk=2212 | scan_us=565200/6 track_us=69640/318 | end ok=0 abrt=2 miss=0 fail=0 deny=6 replan=0[0m
[00:18:01.547,738] [0m<inf> radiant_gate_mpsl: hi: acq=319 den=0 resv=0 pend=319 blk=0 grant=318[0m
[00:18:01.547,750] [0m<inf> radiant_gate_mpsl: seam: grant=320 nostage=0 prog=320/0 | sigrad=639 sigt0=398 isr=639 end=321 dis=0 term=6 | ramp=320/2 state=0 ev=0x13 rxen saved=0x80000014 cont=0x13f a=0x80000014 p=0x80000014 e=0x80000014 inten=0x00000140[0m
[00:18:01.547,759] [0m<inf> radiant_gate_mpsl: sw: n=318 wipe=0 ramp=318 wipe+ramp=0 rx=318 wipe+rx=0 | started=318 early=0/0us last=2635us | open lead=231us max=257us late=0 glen=4888 cc0=2888[0m
[00:18:01.547,790] [0m<inf> radiant_gate_mpsl: hiend: timer0=318 | lasted=2889us max=3486us | dur=2866us max=3463us short=0 | t0arm=31us stale=320[0m
[00:18:01.547,812] [0m<inf> radiant_gate_mpsl: gate: acq=327 in_grant=318/318 placed=327 granted=322 blocked=4 cancel=0 eagain=15 near=0 long=0 ext=78/2 dead=0 | den pend=1 anch=1 dist=0 degen=0 nosess=0 owed=0 | sent grant=1 dead=0 blk=4 supp=318 | end=322 (norm=322 rel=0 idle=0 late=0) | bad over=0 inval=0 unk=0 inl=4 | len=4888/4888 el=3500 skew=8548 brun=0 sig=7 g=0 hw=0 p=1 rel=0 end=1 boot=0 anchor=1 owes=1[0m
[00:18:02.216,975] [0m<inf> radiant_api: SWEEP set=1 steer=0 dwell=85425/260000 adv=1 sweeps=0 win=1 ok=3 searching=0 carrier=255 | chunks=6 preempt=0 missed=0 ebusy=0 rej=0 | pumps=2239 hk=2238 | scan_us=565200/6 track_us=70456/322 | end ok=0 abrt=2 miss=0 fail=0 deny=6 replan=0[0m
[00:18:02.547,886] [0m<inf> radiant_gate_mpsl: hi: acq=323 den=0 resv=0 pend=323 blk=0 grant=322[0m
[00:18:02.547,897] [0m<inf> radiant_gate_mpsl: seam: grant=324 nostage=0 prog=324/0 | sigrad=647 sigt0=402 isr=647 end=325 dis=0 term=6 | ramp=324/2 state=0 ev=0x13 rxen saved=0x80000014 cont=0x13f a=0x80000014 p=0x80000014 e=0x80000014 inten=0x00000140[0m
[00:18:02.547,908] [0m<inf> radiant_gate_mpsl: sw: n=322 wipe=0 ramp=322 wipe+ramp=0 rx=322 wipe+rx=0 | started=322 early=0/0us last=2634us | open lead=232us max=257us late=0 glen=4888 cc0=2888[0m
[00:18:02.547,942] [0m<inf> radiant_gate_mpsl: hiend: timer0=322 | lasted=2889us max=3486us | dur=2866us max=3463us short=0 | t0arm=31us stale=324[0m
[00:18:02.547,960] [0m<inf> radiant_gate_mpsl: gate: acq=331 in_grant=322/322 placed=331 granted=326 blocked=4 cancel=0 eagain=15 near=0 long=0 ext=78/2 dead=0 | den pend=1 anch=1 dist=0 degen=0 nosess=0 owed=0 | sent grant=1 dead=0 blk=4 supp=322 | end=326 (norm=326 rel=0 idle=0 late=0) | bad over=0 inval=0 unk=0 inl=4 | len=4888/4888 el=3500 skew=8548 brun=0 sig=7 g=0 hw=0 p=1 rel=0 end=1 boot=0 anchor=1 owes=1[0m
[00:18:03.265,908] [0m<inf> radiant_api: SWEEP set=1 steer=0 dwell=85425/260000 adv=1 sweeps=0 win=1 ok=3 searching=0 carrier=255 | chunks=6 preempt=0 missed=0 ebusy=0 rej=0 | pumps=2264 hk=2263 | scan_us=565200/6 track_us=71272/326 | end ok=0 abrt=2 miss=0 fail=0 deny=6 replan=0[0m
[00:18:03.548,044] [0m<inf> radiant_gate_mpsl: hi: acq=327 den=0 resv=0 pend=327 blk=0 grant=326[0m
[00:18:03.548,061] [0m<inf> radiant_gate_mpsl: seam: grant=328 nostage=0 prog=328/0 | sigrad=655 sigt0=406 isr=655 end=329 dis=0 term=6 | ramp=328/2 state=0 ev=0x13 rxen saved=0x80000014 cont=0x13f a=0x80000014 p=0x80000014 e=0x80000014 inten=0x00000140[0m
[00:18:03.548,069] [0m<inf> radiant_gate_mpsl: sw: n=326 wipe=0 ramp=326 wipe+ramp=0 rx=326 wipe+rx=0 | started=326 early=0/0us last=2635us | open lead=231us max=257us late=0 glen=4888 cc0=2888[0m
[00:18:03.548,104] [0m<inf> radiant_gate_mpsl: hiend: timer0=326 | lasted=2890us max=3486us | dur=2867us max=3463us short=0 | t0arm=31us stale=328[0m
[00:18:03.548,122] [0m<inf> radiant_gate_mpsl: gate: acq=335 in_grant=326/326 placed=335 granted=330 blocked=4 cancel=0 eagain=15 near=0 long=0 ext=78/2 dead=0 | den pend=1 anch=1 dist=0 degen=0 nosess=0 owed=0 | sent grant=1 dead=0 blk=4 supp=326 | end=330 (norm=330 rel=0 idle=0 late=0) | bad over=0 inval=0 unk=0 inl=4 | len=4888/4888 el=3500 skew=8548 brun=0 sig=7 g=0 hw=0 p=1 rel=0 end=1 boot=0 anchor=1 owes=1[0m
[00:18:04.314,834] [0m<inf> radiant_api: SWEEP set=1 steer=0 dwell=85425/260000 adv=1 sweeps=0 win=1 ok=3 searching=0 carrier=255 | chunks=6 preempt=0 missed=0 ebusy=0 rej=0 | pumps=2289 hk=2288 | scan_us=565200/6 track_us=72088/330 | end ok=0 abrt=2 miss=0 fail=0 deny=6 replan=0[0m
[00:18:04.548,162] [0m<inf> radiant_gate_mpsl: hi: acq=331 den=0 resv=0 pend=331 blk=0 grant=330[0m
[00:18:04.548,174] [0m<inf> radiant_gate_mpsl: seam: grant=332 nostage=0 prog=332/0 | sigrad=663 sigt0=410 isr=663 end=333 dis=0 term=6 | ramp=332/2 state=0 ev=0x13 rxen saved=0x80000014 cont=0x13f a=0x80000014 p=0x80000014 e=0x80000014 inten=0x00000140[0m
[00:18:04.548,183] [0m<inf> radiant_gate_mpsl: sw: n=330 wipe=0 ramp=330 wipe+ramp=0 rx=330 wipe+rx=0 | started=330 early=0/0us last=2635us | open lead=232us max=257us late=0 glen=4888 cc0=2888[0m
[00:18:04.548,215] [0m<inf> radiant_gate_mpsl: hiend: timer0=330 | lasted=2889us max=3486us | dur=2866us max=3463us short=0 | t0arm=31us stale=332[0m
[00:18:04.548,236] [0m<inf> radiant_gate_mpsl: gate: acq=339 in_grant=330/330 placed=339 granted=334 blocked=4 cancel=0 eagain=15 near=0 long=0 ext=78/2 dead=0 | den pend=1 anch=1 dist=0 degen=0 nosess=0 owed=0 | sent grant=1 dead=0 blk=4 supp=330 | end=334 (norm=334 rel=0 idle=0 late=0) | bad over=0 inval=0 unk=0 inl=4 | len=4888/4888 el=3500 skew=8548 brun=0 sig=7 g=0 hw=0 p=1 rel=0 end=1 boot=0 anchor=1 owes=1[0m
[00:18:05.363,764] [0m<inf> radiant_api: SWEEP set=1 steer=0 dwell=85425/260000 adv=1 sweeps=0 win=1 ok=3 searching=0 carrier=255 | chunks=6 preempt=0 missed=0 ebusy=0 rej=0 | pumps=2314 hk=2313 | scan_us=565200/6 track_us=72904/334 | end ok=0 abrt=2 miss=0 fail=0 deny=6 replan=0[0m
[00:18:05.548,310] [0m<inf> radiant_gate_mpsl: hi: acq=335 den=0 resv=0 pend=335 blk=0 grant=334[0m
[00:18:05.548,321] [0m<inf> radiant_gate_mpsl: seam: grant=336 nostage=0 prog=336/0 | sigrad=671 sigt0=414 isr=671 end=337 dis=0 term=6 | ramp=336/2 state=0 ev=0x13 rxen saved=0x80000014 cont=0x13f a=0x80000014 p=0x80000014 e=0x80000014 inten=0x00000140[0m
[00:18:05.548,330] [0m<inf> radiant_gate_mpsl: sw: n=334 wipe=0 ramp=334 wipe+ramp=0 rx=334 wipe+rx=0 | started=334 early=0/0us last=2635us | open lead=231us max=257us late=0 glen=4888 cc0=2888[0m
[00:18:05.548,364] [0m<inf> radiant_gate_mpsl: hiend: timer0=334 | lasted=2889us max=3486us | dur=2866us max=3463us short=0 | t0arm=31us stale=336[0m
[00:18:05.548,383] [0m<inf> radiant_gate_mpsl: gate: acq=343 in_grant=334/334 placed=343 granted=338 blocked=4 cancel=0 eagain=15 near=0 long=0 ext=78/2 dead=0 | den pend=1 anch=1 dist=0 degen=0 nosess=0 owed=0 | sent grant=1 dead=0 blk=4 supp=334 | end=338 (norm=338 rel=0 idle=0 late=0) | bad over=0 inval=0 unk=0 inl=4 | len=4888/4888 el=3500 skew=8548 brun=0 sig=7 g=0 hw=0 p=1 rel=0 end=1 boot=0 anchor=1 owes=1[0m
[00:18:06.411,623] [0m<inf> radiant_api: SWEEP set=1 steer=0 dwell=85425/260000 adv=1 sweeps=0 win=1 ok=3 searching=0 carrier=255 | chunks=6 preempt=0 missed=0 ebusy=0 rej=0 | pumps=2339 hk=2338 | scan_us=565200/6 track_us=73924/339 | end ok=0 abrt=2 miss=0 fail=0 deny=6 replan=0[0m
[00:18:06.548,691] [0m<inf> radiant_gate_mpsl: hi: acq=339 den=0 resv=0 pend=339 blk=0 grant=338[0m
[00:18:06.548,708] [0m<inf> radiant_gate_mpsl: seam: grant=340 nostage=0 prog=340/0 | sigrad=679 sigt0=418 isr=679 end=341 dis=0 term=6 | ramp=340/2 state=0 ev=0x13 rxen saved=0x80000014 cont=0x13f a=0x80000014 p=0x80000014 e=0x80000014 inten=0x00000140[0m
[00:18:06.548,717] [0m<inf> radiant_gate_mpsl: sw: n=338 wipe=0 ramp=338 wipe+ramp=0 rx=338 wipe+rx=0 | started=338 early=0/0us last=2635us | open lead=230us max=257us late=0 glen=4888 cc0=2888[0m
[00:18:06.548,751] [0m<inf> radiant_gate_mpsl: hiend: timer0=338 | lasted=2889us max=3486us | dur=2866us max=3463us short=0 | t0arm=32us stale=340[0m
[00:18:06.548,770] [0m<inf> radiant_gate_mpsl: gate: acq=347 in_grant=338/338 placed=347 granted=342 blocked=4 cancel=0 eagain=15 near=0 long=0 ext=78/2 dead=0 | den pend=1 anch=1 dist=0 degen=0 nosess=0 owed=0 | sent grant=1 dead=0 blk=4 supp=338 | end=342 (norm=342 rel=0 idle=0 late=0) | bad over=0 inval=0 unk=0 inl=4 | len=4888/4888 el=3500 skew=8548 brun=0 sig=7 g=0 hw=0 p=1 rel=0 end=1 boot=0 anchor=1 owes=1[0m
[00:18:07.460,606] [0m<inf> radiant_api: SWEEP set=1 steer=0 dwell=85425/260000 adv=1 sweeps=0 win=1 ok=3 searching=0 carrier=255 | chunks=6 preempt=0 missed=0 ebusy=0 rej=0 | pumps=2365 hk=2364 | scan_us=565200/6 track_us=74740/343 | end ok=0 abrt=2 miss=0 fail=0 deny=6 replan=0[0m
[00:18:07.548,834] [0m<inf> radiant_gate_mpsl: hi: acq=343 den=0 resv=0 pend=343 blk=0 grant=342[0m
[00:18:07.548,845] [0m<inf> radiant_gate_mpsl: seam: grant=344 nostage=0 prog=344/0 | sigrad=687 sigt0=422 isr=687 end=345 dis=0 term=6 | ramp=344/2 state=0 ev=0x13 rxen saved=0x80000014 cont=0x13f a=0x80000014 p=0x80000014 e=0x80000014 inten=0x00000140[0m
[00:18:07.548,854] [0m<inf> radiant_gate_mpsl: sw: n=342 wipe=0 ramp=342 wipe+ramp=0 rx=342 wipe+rx=0 | started=342 early=0/0us last=2635us | open lead=231us max=257us late=0 glen=4888 cc0=2888[0m
[00:18:07.548,886] [0m<inf> radiant_gate_mpsl: hiend: timer0=342 | lasted=2889us max=3486us | dur=2866us max=3463us short=0 | t0arm=31us stale=344[0m
[00:18:07.548,907] [0m<inf> radiant_gate_mpsl: gate: acq=351 in_grant=342/342 placed=351 granted=346 blocked=4 cancel=0 eagain=15 near=0 long=0 ext=78/2 dead=0 | den pend=1 anch=1 dist=0 degen=0 nosess=0 owed=0 | sent grant=1 dead=0 blk=4 supp=342 | end=346 (norm=346 rel=0 idle=0 late=0) | bad over=0 inval=0 unk=0 inl=4 | len=4888/4888 el=3500 skew=8548 brun=0 sig=7 g=0 hw=0 p=1 rel=0 end=1 boot=0 anchor=1 owes=1[0m
[00:18:08.509,533] [0m<inf> radiant_api: SWEEP set=1 steer=0 dwell=85425/260000 adv=1 sweeps=0 win=1 ok=3 searching=0 carrier=255 | chunks=6 preempt=0 missed=0 ebusy=0 rej=0 | pumps=2390 hk=2389 | scan_us=565200/6 track_us=75556/347 | end ok=0 abrt=2 miss=0 fail=0 deny=6 replan=0[0m
[00:18:08.548,973] [0m<inf> radiant_gate_mpsl: hi: acq=347 den=0 resv=0 pend=347 blk=0 grant=346[0m
[00:18:08.548,984] [0m<inf> radiant_gate_mpsl: seam: grant=348 nostage=0 prog=348/0 | sigrad=695 sigt0=426 isr=695 end=349 dis=0 term=6 | ramp=348/2 state=0 ev=0x13 rxen saved=0x80000014 cont=0x13f a=0x80000014 p=0x80000014 e=0x80000014 inten=0x00000140[0m
[00:18:08.548,993] [0m<inf> radiant_gate_mpsl: sw: n=346 wipe=0 ramp=346 wipe+ramp=0 rx=346 wipe+rx=0 | started=346 early=0/0us last=2635us | open lead=231us max=257us late=0 glen=4888 cc0=2888[0m
[00:18:08.549,029] [0m<inf> radiant_gate_mpsl: hiend: timer0=346 | lasted=2889us max=3486us | dur=2867us max=3463us short=0 | t0arm=31us stale=348[0m
[00:18:08.549,047] [0m<inf> radiant_gate_mpsl: gate: acq=355 in_grant=346/346 placed=355 granted=350 blocked=4 cancel=0 eagain=15 near=0 long=0 ext=78/2 dead=0 | den pend=1 anch=1 dist=0 degen=0 nosess=0 owed=0 | sent grant=1 dead=0 blk=4 supp=346 | end=350 (norm=350 rel=0 idle=0 late=0) | bad over=0 inval=0 unk=0 inl=4 | len=4888/4888 el=3500 skew=8548 brun=0 sig=7 g=0 hw=0 p=1 rel=0 end=1 boot=0 anchor=1 owes=1[0m
[00:18:08.646,389] [0m<inf> thread_coex: thread load: role=2 sent=900 failed=0 interval=100ms payload=64B[0m
[00:18:08.646,399] [0m<inf> thread_coex: thread lat us: <64=0 64=0 128=897 256=3 512=0 1k=0 2k=0 4k=0 8k=0 16k=0 32k=0 64k=0 >=128k=0 max=311[0m
[00:18:08.646,407] [0m<inf> thread_coex: thread mac d: tx=100 retry=0 cca=0 abort=0 busy=0 | tot tx=906 retry=8 cca=0 abort=0 busy=0[0m
[00:18:09.549,145] [0m<inf> radiant_gate_mpsl: hi: acq=351 den=0 resv=0 pend=351 blk=0 grant=350[0m
[00:18:09.549,156] [0m<inf> radiant_gate_mpsl: seam: grant=352 nostage=0 prog=352/0 | sigrad=703 sigt0=430 isr=703 end=353 dis=0 term=6 | ramp=352/2 state=0 ev=0x13 rxen saved=0x80000014 cont=0x13f a=0x80000014 p=0x80000014 e=0x80000014 inten=0x00000140[0m
[00:18:09.549,166] [0m<inf> radiant_gate_mpsl: sw: n=350 wipe=0 ramp=350 wipe+ramp=0 rx=350 wipe+rx=0 | started=350 early=0/0us last=2635us | open lead=231us max=257us late=0 glen=4888 cc0=2888[0m
[00:18:09.549,202] [0m<inf> radiant_gate_mpsl: hiend: timer0=350 | lasted=2889us max=3486us | dur=2866us max=3463us short=0 | t0arm=31us stale=352[0m
[00:18:09.549,220] [0m<inf> radiant_gate_mpsl: gate: acq=359 in_grant=350/350 placed=359 granted=354 blocked=4 cancel=0 eagain=15 near=0 long=0 ext=78/2 dead=0 | den pend=1 anch=1 dist=0 degen=0 nosess=0 owed=0 | sent grant=1 dead=0 blk=4 supp=350 | end=354 (norm=354 rel=0 idle=0 late=0) | bad over=0 inval=0 unk=0 inl=4 | len=4888/4888 el=3500 skew=8548 brun=0 sig=7 g=0 hw=0 p=1 rel=0 end=1 boot=0 anchor=1 owes=1[0m
[00:18:09.558,460] [0m<inf> radiant_api: SWEEP set=1 steer=0 dwell=85425/260000 adv=1 sweeps=0 win=1 ok=3 searching=0 carrier=255 | chunks=6 preempt=0 missed=0 ebusy=0 rej=0 | pumps=2415 hk=2414 | scan_us=565200/6 track_us=76372/351 | end ok=0 abrt=2 miss=0 fail=0 deny=6 replan=0[0m
[00:18:10.549,312] [0m<inf> radiant_gate_mpsl: hi: acq=355 den=0 resv=0 pend=355 blk=0 grant=354[0m
[00:18:10.549,328] [0m<inf> radiant_gate_mpsl: seam: grant=356 nostage=0 prog=356/0 | sigrad=711 sigt0=434 isr=711 end=357 dis=0 term=6 | ramp=356/2 state=0 ev=0x13 rxen saved=0x80000014 cont=0x13f a=0x80000014 p=0x80000014 e=0x80000014 inten=0x00000140[0m
[00:18:10.549,337] [0m<inf> radiant_gate_mpsl: sw: n=354 wipe=0 ramp=354 wipe+ramp=0 rx=354 wipe+rx=0 | started=354 early=0/0us last=2636us | open lead=231us max=257us late=0 glen=4888 cc0=2888[0m
[00:18:10.549,371] [0m<inf> radiant_gate_mpsl: hiend: timer0=354 | lasted=2889us max=3486us | dur=2866us max=3463us short=0 | t0arm=31us stale=356[0m
[00:18:10.549,390] [0m<inf> radiant_gate_mpsl: gate: acq=363 in_grant=354/354 placed=363 granted=358 blocked=4 cancel=0 eagain=15 near=0 long=0 ext=78/2 dead=0 | den pend=1 anch=1 dist=0 degen=0 nosess=0 owed=0 | sent grant=1 dead=0 blk=4 supp=354 | end=358 (norm=358 rel=0 idle=0 late=0) | bad over=0 inval=0 unk=0 inl=4 | len=4888/4888 el=3500 skew=8548 brun=0 sig=7 g=0 hw=0 p=1 rel=0 end=1 boot=0 anchor=1 owes=1[0m
[00:18:10.607,427] [0m<inf> radiant_api: SWEEP set=1 steer=0 dwell=85425/260000 adv=1 sweeps=0 win=1 ok=3 searching=0 carrier=255 | chunks=6 preempt=0 missed=0 ebusy=0 rej=0 | pumps=2440 hk=2439 | scan_us=565200/6 track_us=77188/355 | end ok=0 abrt=2 miss=0 fail=0 deny=6 replan=0[0m
[00:18:11.549,457] [0m<inf> radiant_gate_mpsl: hi: acq=359 den=0 resv=0 pend=359 blk=0 grant=358[0m
[00:18:11.549,468] [0m<inf> radiant_gate_mpsl: seam: grant=360 nostage=0 prog=360/0 | sigrad=719 sigt0=438 isr=719 end=361 dis=0 term=6 | ramp=360/2 state=0 ev=0x13 rxen saved=0x80000014 cont=0x13f a=0x80000014 p=0x80000014 e=0x80000014 inten=0x00000140[0m
[00:18:11.549,477] [0m<inf> radiant_gate_mpsl: sw: n=358 wipe=0 ramp=358 wipe+ramp=0 rx=358 wipe+rx=0 | started=358 early=0/0us last=2635us | open lead=230us max=257us late=0 glen=4888 cc0=2888[0m
[00:18:11.549,509] [0m<inf> radiant_gate_mpsl: hiend: timer0=358 | lasted=2889us max=3486us | dur=2866us max=3463us short=0 | t0arm=32us stale=360[0m
[00:18:11.549,530] [0m<inf> radiant_gate_mpsl: gate: acq=367 in_grant=358/358 placed=367 granted=362 blocked=4 cancel=0 eagain=16 near=0 long=0 ext=78/2 dead=0 | den pend=1 anch=1 dist=0 degen=0 nosess=0 owed=0 | sent grant=1 dead=0 blk=4 supp=358 | end=362 (norm=362 rel=0 idle=0 late=0) | bad over=0 inval=0 unk=0 inl=4 | len=4888/4888 el=3500 skew=8548 brun=0 sig=7 g=0 hw=0 p=1 rel=0 end=1 boot=0 anchor=1 owes=1[0m
[00:18:11.654,162] [0m<inf> radiant_api: SWEEP set=1 steer=0 dwell=85425/260000 adv=1 sweeps=0 win=1 ok=3 searching=0 carrier=255 | chunks=6 preempt=0 missed=0 ebusy=0 rej=0 | pumps=2465 hk=2464 | scan_us=565200/6 track_us=78208/360 | end ok=0 abrt=2 miss=0 fail=0 deny=6 replan=0[0m
[00:18:12.549,583] [0m<inf> radiant_gate_mpsl: hi: acq=363 den=0 resv=0 pend=363 blk=0 grant=362[0m
[00:18:12.549,599] [0m<inf> radiant_gate_mpsl: seam: grant=364 nostage=0 prog=364/0 | sigrad=727 sigt0=442 isr=727 end=365 dis=0 term=6 | ramp=364/2 state=0 ev=0x13 rxen saved=0x80000014 cont=0x13f a=0x80000014 p=0x80000014 e=0x80000014 inten=0x00000140[0m
[00:18:12.549,608] [0m<inf> radiant_gate_mpsl: sw: n=362 wipe=0 ramp=362 wipe+ramp=0 rx=362 wipe+rx=0 | started=362 early=0/0us last=2635us | open lead=230us max=257us late=0 glen=4888 cc0=2888[0m
[00:18:12.549,642] [0m<inf> radiant_gate_mpsl: hiend: timer0=362 | lasted=2889us max=3486us | dur=2865us max=3463us short=0 | t0arm=32us stale=364[0m
[00:18:12.549,661] [0m<inf> radiant_gate_mpsl: gate: acq=371 in_grant=362/362 placed=371 granted=366 blocked=4 cancel=0 eagain=18 near=0 long=0 ext=78/2 dead=0 | den pend=1 anch=1 dist=0 degen=0 nosess=0 owed=0 | sent grant=1 dead=0 blk=4 supp=362 | end=366 (norm=366 rel=0 idle=0 late=0) | bad over=0 inval=0 unk=0 inl=4 | len=4888/4888 el=3500 skew=8548 brun=0 sig=7 g=0 hw=0 p=1 rel=0 end=1 boot=0 anchor=1 owes=1[0m
[00:18:12.704,226] [0m<inf> radiant_api: SWEEP set=1 steer=0 dwell=85425/260000 adv=1 sweeps=0 win=1 ok=3 searching=0 carrier=255 | chunks=6 preempt=0 missed=0 ebusy=0 rej=0 | pumps=2491 hk=2490 | scan_us=565200/6 track_us=79024/364 | end ok=0 abrt=2 miss=0 fail=0 deny=6 replan=0[0m
[00:18:13.549,734] [0m<inf> radiant_gate_mpsl: hi: acq=367 den=0 resv=0 pend=367 blk=0 grant=366[0m
[00:18:13.549,745] [0m<inf> radiant_gate_mpsl: seam: grant=368 nostage=0 prog=368/0 | sigrad=735 sigt0=446 isr=735 end=369 dis=0 term=6 | ramp=368/2 state=0 ev=0x13 rxen saved=0x80000014 cont=0x13f a=0x80000014 p=0x80000014 e=0x80000014 inten=0x00000140[0m
[00:18:13.549,754] [0m<inf> radiant_gate_mpsl: sw: n=366 wipe=0 ramp=366 wipe+ramp=0 rx=366 wipe+rx=0 | started=366 early=0/0us last=2635us | open lead=230us max=257us late=0 glen=4888 cc0=2888[0m
[00:18:13.549,786] [0m<inf> radiant_gate_mpsl: hiend: timer0=366 | lasted=2889us max=3486us | dur=2865us max=3463us short=0 | t0arm=32us stale=368[0m
[00:18:13.549,807] [0m<inf> radiant_gate_mpsl: gate: acq=375 in_grant=366/366 placed=375 granted=370 blocked=4 cancel=0 eagain=18 near=0 long=0 ext=78/2 dead=0 | den pend=1 anch=1 dist=0 degen=0 nosess=0 owed=0 | sent grant=1 dead=0 blk=4 supp=366 | end=370 (norm=370 rel=0 idle=0 late=0) | bad over=0 inval=0 unk=0 inl=4 | len=4888/4888 el=3500 skew=8548 brun=0 sig=7 g=0 hw=0 p=1 rel=0 end=1 boot=0 anchor=1 owes=1[0m
[00:18:13.753,086] [0m<inf> radiant_api: SWEEP set=1 steer=0 dwell=85425/260000 adv=1 sweeps=0 win=1 ok=3 searching=0 carrier=255 | chunks=6 preempt=0 missed=0 ebusy=0 rej=0 | pumps=2516 hk=2515 | scan_us=565200/6 track_us=79840/368 | end ok=0 abrt=2 miss=0 fail=0 deny=6 replan=0[0m
[00:18:14.549,877] [0m<inf> radiant_gate_mpsl: hi: acq=371 den=0 resv=0 pend=371 blk=0 grant=370[0m
[00:18:14.549,893] [0m<inf> radiant_gate_mpsl: seam: grant=372 nostage=0 prog=372/0 | sigrad=743 sigt0=450 isr=743 end=373 dis=0 term=6 | ramp=372/2 state=0 ev=0x13 rxen saved=0x80000014 cont=0x13f a=0x80000014 p=0x80000014 e=0x80000014 inten=0x00000140[0m
[00:18:14.549,902] [0m<inf> radiant_gate_mpsl: sw: n=370 wipe=0 ramp=370 wipe+ramp=0 rx=370 wipe+rx=0 | started=370 early=0/0us last=2635us | open lead=230us max=257us late=0 glen=4888 cc0=2888[0m
[00:18:14.549,938] [0m<inf> radiant_gate_mpsl: hiend: timer0=370 | lasted=2889us max=3486us | dur=2866us max=3463us short=0 | t0arm=32us stale=372[0m
[00:18:14.549,956] [0m<inf> radiant_gate_mpsl: gate: acq=379 in_grant=370/370 placed=379 granted=374 blocked=4 cancel=0 eagain=18 near=0 long=0 ext=78/2 dead=0 | den pend=1 anch=1 dist=0 degen=0 nosess=0 owed=0 | sent grant=1 dead=0 blk=4 supp=370 | end=374 (norm=374 rel=0 idle=0 late=0) | bad over=0 inval=0 unk=0 inl=4 | len=4888/4888 el=3500 skew=8548 brun=0 sig=7 g=0 hw=0 p=1 rel=0 end=1 boot=0 anchor=1 owes=1[0m
[00:18:14.802,062] [0m<inf> radiant_api: SWEEP set=1 steer=0 dwell=85425/260000 adv=1 sweeps=0 win=1 ok=3 searching=0 carrier=255 | chunks=6 preempt=0 missed=0 ebusy=0 rej=0 | pumps=2541 hk=2540 | scan_us=565200/6 track_us=80656/372 | end ok=0 abrt=2 miss=0 fail=0 deny=6 replan=0[0m
[00:18:15.550,026] [0m<inf> radiant_gate_mpsl: hi: acq=375 den=0 resv=0 pend=375 blk=0 grant=374[0m
[00:18:15.550,037] [0m<inf> radiant_gate_mpsl: seam: grant=376 nostage=0 prog=376/0 | sigrad=751 sigt0=454 isr=751 end=377 dis=0 term=6 | ramp=376/2 state=0 ev=0x13 rxen saved=0x80000014 cont=0x13f a=0x80000014 p=0x80000014 e=0x80000014 inten=0x00000140[0m
[00:18:15.550,046] [0m<inf> radiant_gate_mpsl: sw: n=374 wipe=0 ramp=374 wipe+ramp=0 rx=374 wipe+rx=0 | started=374 early=0/0us last=2635us | open lead=231us max=257us late=0 glen=4888 cc0=2888[0m
[00:18:15.550,078] [0m<inf> radiant_gate_mpsl: hiend: timer0=374 | lasted=2889us max=3486us | dur=2865us max=3463us short=0 | t0arm=32us stale=376[0m
[00:18:15.550,099] [0m<inf> radiant_gate_mpsl: gate: acq=383 in_grant=374/374 placed=383 granted=378 blocked=4 cancel=0 eagain=18 near=0 long=0 ext=78/2 dead=0 | den pend=1 anch=1 dist=0 degen=0 nosess=0 owed=0 | sent grant=1 dead=0 blk=4 supp=374 | end=378 (norm=378 rel=0 idle=0 late=0) | bad over=0 inval=0 unk=0 inl=4 | len=4888/4888 el=3500 skew=8548 brun=0 sig=7 g=0 hw=0 p=1 rel=0 end=1 boot=0 anchor=1 owes=1[0m
[00:18:15.851,025] [0m<inf> radiant_api: SWEEP set=1 steer=0 dwell=85425/260000 adv=1 sweeps=0 win=1 ok=3 searching=0 carrier=255 | chunks=6 preempt=0 missed=0 ebusy=0 rej=0 | pumps=2566 hk=2565 | scan_us=565200/6 track_us=81472/376 | end ok=0 abrt=2 miss=0 fail=0 deny=6 replan=0[0m
[00:18:16.550,176] [0m<inf> radiant_gate_mpsl: hi: acq=379 den=0 resv=0 pend=379 blk=0 grant=378[0m
[00:18:16.550,187] [0m<inf> radiant_gate_mpsl: seam: grant=380 nostage=0 prog=380/0 | sigrad=759 sigt0=458 isr=759 end=381 dis=0 term=6 | ramp=380/2 state=0 ev=0x13 rxen saved=0x80000014 cont=0x13f a=0x80000014 p=0x80000014 e=0x80000014 inten=0x00000140[0m
[00:18:16.550,196] [0m<inf> radiant_gate_mpsl: sw: n=378 wipe=0 ramp=378 wipe+ramp=0 rx=378 wipe+rx=0 | started=378 early=0/0us last=2635us | open lead=230us max=257us late=0 glen=4888 cc0=2888[0m
[00:18:16.550,230] [0m<inf> radiant_gate_mpsl: hiend: timer0=378 | lasted=2889us max=3486us | dur=2865us max=3463us short=0 | t0arm=32us stale=380[0m
[00:18:16.550,249] [0m<inf> radiant_gate_mpsl: gate: acq=387 in_grant=378/378 placed=387 granted=382 blocked=4 cancel=0 eagain=18 near=0 long=0 ext=78/2 dead=0 | den pend=1 anch=1 dist=0 degen=0 nosess=0 owed=0 | sent grant=1 dead=0 blk=4 supp=378 | end=382 (norm=382 rel=0 idle=0 late=0) | bad over=0 inval=0 unk=0 inl=4 | len=4888/4888 el=3500 skew=8548 brun=0 sig=7 g=0 hw=0 p=1 rel=0 end=1 boot=0 anchor=1 owes=1[0m
[00:18:16.898,884] [0m<inf> radiant_api: SWEEP set=1 steer=0 dwell=85425/260000 adv=1 sweeps=0 win=1 ok=3 searching=0 carrier=255 | chunks=6 preempt=0 missed=0 ebusy=0 rej=0 | pumps=2591 hk=2590 | scan_us=565200/6 track_us=82492/381 | end ok=0 abrt=2 miss=0 fail=0 deny=6 replan=0[0m
[00:18:17.550,338] [0m<inf> radiant_gate_mpsl: hi: acq=383 den=0 resv=0 pend=383 blk=0 grant=382[0m
[00:18:17.550,354] [0m<inf> radiant_gate_mpsl: seam: grant=384 nostage=0 prog=384/0 | sigrad=767 sigt0=462 isr=767 end=385 dis=0 term=6 | ramp=384/2 state=0 ev=0x13 rxen saved=0x80000014 cont=0x13f a=0x80000014 p=0x80000014 e=0x80000014 inten=0x00000140[0m
[00:18:17.550,363] [0m<inf> radiant_gate_mpsl: sw: n=382 wipe=0 ramp=382 wipe+ramp=0 rx=382 wipe+rx=0 | started=382 early=0/0us last=2635us | open lead=230us max=257us late=0 glen=4888 cc0=2888[0m
[00:18:17.550,397] [0m<inf> radiant_gate_mpsl: hiend: timer0=382 | lasted=2890us max=3486us | dur=2866us max=3463us short=0 | t0arm=32us stale=384[0m
[00:18:17.550,416] [0m<inf> radiant_gate_mpsl: gate: acq=391 in_grant=382/382 placed=391 granted=386 blocked=4 cancel=0 eagain=18 near=0 long=0 ext=78/2 dead=0 | den pend=1 anch=1 dist=0 degen=0 nosess=0 owed=0 | sent grant=1 dead=0 blk=4 supp=382 | end=386 (norm=386 rel=0 idle=0 late=0) | bad over=0 inval=0 unk=0 inl=4 | len=4888/4888 el=3500 skew=8548 brun=0 sig=7 g=0 hw=0 p=1 rel=0 end=1 boot=0 anchor=1 owes=1[0m
[00:18:17.947,865] [0m<inf> radiant_api: SWEEP set=1 steer=0 dwell=85425/260000 adv=1 sweeps=0 win=1 ok=3 searching=0 carrier=255 | chunks=6 preempt=0 missed=0 ebusy=0 rej=0 | pumps=2617 hk=2616 | scan_us=565200/6 track_us=83308/385 | end ok=0 abrt=2 miss=0 fail=0 deny=6 replan=0[0m
[00:18:18.550,482] [0m<inf> radiant_gate_mpsl: hi: acq=387 den=0 resv=0 pend=387 blk=0 grant=386[0m
[00:18:18.550,493] [0m<inf> radiant_gate_mpsl: seam: grant=388 nostage=0 prog=388/0 | sigrad=775 sigt0=466 isr=775 end=389 dis=0 term=6 | ramp=388/2 state=0 ev=0x13 rxen saved=0x80000014 cont=0x13f a=0x80000014 p=0x80000014 e=0x80000014 inten=0x00000140[0m
[00:18:18.550,502] [0m<inf> radiant_gate_mpsl: sw: n=386 wipe=0 ramp=386 wipe+ramp=0 rx=386 wipe+rx=0 | started=386 early=0/0us last=2635us | open lead=231us max=257us late=0 glen=4888 cc0=2888[0m
[00:18:18.550,534] [0m<inf> radiant_gate_mpsl: hiend: timer0=386 | lasted=2889us max=3486us | dur=2865us max=3463us short=0 | t0arm=32us stale=388[0m
[00:18:18.550,555] [0m<inf> radiant_gate_mpsl: gate: acq=395 in_grant=386/386 placed=395 granted=390 blocked=4 cancel=0 eagain=18 near=0 long=0 ext=78/2 dead=0 | den pend=1 anch=1 dist=0 degen=0 nosess=0 owed=0 | sent grant=1 dead=0 blk=4 supp=386 | end=390 (norm=390 rel=0 idle=0 late=0) | bad over=0 inval=0 unk=0 inl=4 | len=4888/4888 el=3500 skew=8548 brun=0 sig=7 g=0 hw=0 p=1 rel=0 end=1 boot=0 anchor=1 owes=1[0m
[00:18:18.669,465] [0m<inf> thread_coex: thread load: role=2 sent=1000 failed=0 interval=100ms payload=64B[0m
[00:18:18.669,475] [0m<inf> thread_coex: thread lat us: <64=0 64=0 128=997 256=3 512=0 1k=0 2k=0 4k=0 8k=0 16k=0 32k=0 64k=0 >=128k=0 max=311[0m
[00:18:18.669,483] [0m<inf> thread_coex: thread mac d: tx=100 retry=2 cca=0 abort=0 busy=0 | tot tx=1006 retry=10 cca=0 abort=0 busy=0[0m
[00:18:18.996,796] [0m<inf> radiant_api: SWEEP set=1 steer=0 dwell=85425/260000 adv=1 sweeps=0 win=1 ok=3 searching=0 carrier=255 | chunks=6 preempt=0 missed=0 ebusy=0 rej=0 | pumps=2642 hk=2641 | scan_us=565200/6 track_us=84124/389 | end ok=0 abrt=2 miss=0 fail=0 deny=6 replan=0[0m
[00:18:19.550,626] [0m<inf> radiant_gate_mpsl: hi: acq=391 den=0 resv=0 pend=391 blk=0 grant=390[0m
[00:18:19.550,637] [0m<inf> radiant_gate_mpsl: seam: grant=392 nostage=0 prog=392/0 | sigrad=783 sigt0=470 isr=783 end=393 dis=0 term=6 | ramp=392/2 state=0 ev=0x13 rxen saved=0x80000014 cont=0x13f a=0x80000014 p=0x80000014 e=0x80000014 inten=0x00000140[0m
[00:18:19.550,646] [0m<inf> radiant_gate_mpsl: sw: n=390 wipe=0 ramp=390 wipe+ramp=0 rx=390 wipe+rx=0 | started=390 early=0/0us last=2635us | open lead=231us max=257us late=0 glen=4888 cc0=2888[0m
[00:18:19.550,681] [0m<inf> radiant_gate_mpsl: hiend: timer0=390 | lasted=2889us max=3486us | dur=2865us max=3463us short=0 | t0arm=32us stale=392[0m
[00:18:19.550,699] [0m<inf> radiant_gate_mpsl: gate: acq=399 in_grant=390/390 placed=399 granted=394 blocked=4 cancel=0 eagain=18 near=0 long=0 ext=78/2 dead=0 | den pend=1 anch=1 dist=0 degen=0 nosess=0 owed=0 | sent grant=1 dead=0 blk=4 supp=390 | end=394 (norm=394 rel=0 idle=0 late=0) | bad over=0 inval=0 unk=0 inl=4 | len=4888/4888 el=3500 skew=8548 brun=0 sig=7 g=0 hw=0 p=1 rel=0 end=1 boot=0 anchor=1 owes=1[0m
[00:18:20.045,718] [0m<inf> radiant_api: SWEEP set=1 steer=0 dwell=85425/260000 adv=1 sweeps=0 win=1 ok=3 searching=0 carrier=255 | chunks=6 preempt=0 missed=0 ebusy=0 rej=0 | pumps=2667 hk=2666 | scan_us=565200/6 track_us=84940/393 | end ok=0 abrt=2 miss=0 fail=0 deny=6 replan=0[0m
[00:18:20.550,789] [0m<inf> radiant_gate_mpsl: hi: acq=395 den=0 resv=0 pend=395 blk=0 grant=394[0m
[00:18:20.550,805] [0m<inf> radiant_gate_mpsl: seam: grant=396 nostage=0 prog=396/0 | sigrad=791 sigt0=474 isr=791 end=397 dis=0 term=6 | ramp=396/2 state=0 ev=0x13 rxen saved=0x80000014 cont=0x13f a=0x80000014 p=0x80000014 e=0x80000014 inten=0x00000140[0m
[00:18:20.550,816] [0m<inf> radiant_gate_mpsl: sw: n=394 wipe=0 ramp=394 wipe+ramp=0 rx=394 wipe+rx=0 | started=394 early=0/0us last=2635us | open lead=230us max=257us late=0 glen=4888 cc0=2888[0m
[00:18:20.550,850] [0m<inf> radiant_gate_mpsl: hiend: timer0=394 | lasted=2890us max=3486us | dur=2866us max=3463us short=0 | t0arm=32us stale=396[0m
[00:18:20.550,868] [0m<inf> radiant_gate_mpsl: gate: acq=403 in_grant=394/394 placed=403 granted=398 blocked=4 cancel=0 eagain=18 near=0 long=0 ext=78/2 dead=0 | den pend=1 anch=1 dist=0 degen=0 nosess=0 owed=0 | sent grant=1 dead=0 blk=4 supp=394 | end=398 (norm=398 rel=0 idle=0 late=0) | bad over=0 inval=0 unk=0 inl=4 | len=4888/4888 el=3500 skew=8548 brun=0 sig=7 g=0 hw=0 p=1 rel=0 end=1 boot=0 anchor=1 owes=1[0m
[00:18:21.094,662] [0m<inf> radiant_api: SWEEP set=1 steer=0 dwell=85425/260000 adv=1 sweeps=0 win=1 ok=3 searching=0 carrier=255 | chunks=6 preempt=0 missed=0 ebusy=0 rej=0 | pumps=2692 hk=2691 | scan_us=565200/6 track_us=85756/397 | end ok=0 abrt=2 miss=0 fail=0 deny=6 replan=0[0m
[00:18:21.550,921] [0m<inf> radiant_gate_mpsl: hi: acq=399 den=0 resv=0 pend=399 blk=0 grant=398[0m
[00:18:21.550,932] [0m<inf> radiant_gate_mpsl: seam: grant=400 nostage=0 prog=400/0 | sigrad=799 sigt0=478 isr=799 end=401 dis=0 term=6 | ramp=400/2 state=0 ev=0x13 rxen saved=0x80000014 cont=0x13f a=0x80000014 p=0x80000014 e=0x80000014 inten=0x00000140[0m
[00:18:21.550,941] [0m<inf> radiant_gate_mpsl: sw: n=398 wipe=0 ramp=398 wipe+ramp=0 rx=398 wipe+rx=0 | started=398 early=0/0us last=2635us | open lead=231us max=257us late=0 glen=4888 cc0=2888[0m
[00:18:21.550,973] [0m<inf> radiant_gate_mpsl: hiend: timer0=398 | lasted=2889us max=3486us | dur=2865us max=3463us short=0 | t0arm=32us stale=400[0m
[00:18:21.550,994] [0m<inf> radiant_gate_mpsl: gate: acq=407 in_grant=398/398 placed=407 granted=402 blocked=4 cancel=0 eagain=18 near=0 long=0 ext=78/2 dead=0 | den pend=1 anch=1 dist=0 degen=0 nosess=0 owed=0 | sent grant=1 dead=0 blk=4 supp=398 | end=402 (norm=402 rel=0 idle=0 late=0) | bad over=0 inval=0 unk=0 inl=4 | len=4888/4888 el=3500 skew=8548 brun=0 sig=7 g=0 hw=0 p=1 rel=0 end=1 boot=0 anchor=1 owes=1[0m
[00:18:22.142,511] [0m<inf> radiant_api: SWEEP set=1 steer=0 dwell=85425/260000 adv=1 sweeps=0 win=1 ok=3 searching=0 carrier=255 | chunks=6 preempt=0 missed=0 ebusy=0 rej=0 | pumps=2717 hk=2716 | scan_us=565200/6 track_us=86776/402 | end ok=0 abrt=2 miss=0 fail=0 deny=6 replan=0[0m
[00:18:22.551,082] [0m<inf> radiant_gate_mpsl: hi: acq=403 den=0 resv=0 pend=403 blk=0 grant=402[0m
[00:18:22.551,093] [0m<inf> radiant_gate_mpsl: seam: grant=404 nostage=0 prog=404/0 | sigrad=807 sigt0=482 isr=807 end=405 dis=0 term=6 | ramp=404/2 state=0 ev=0x13 rxen saved=0x80000014 cont=0x13f a=0x80000014 p=0x80000014 e=0x80000014 inten=0x00000140[0m
[00:18:22.551,102] [0m<inf> radiant_gate_mpsl: sw: n=402 wipe=0 ramp=402 wipe+ramp=0 rx=402 wipe+rx=0 | started=402 early=0/0us last=2635us | open lead=230us max=257us late=0 glen=4888 cc0=2888[0m
[00:18:22.551,137] [0m<inf> radiant_gate_mpsl: hiend: timer0=402 | lasted=2889us max=3486us | dur=2866us max=3463us short=0 | t0arm=32us stale=404[0m
[00:18:22.551,155] [0m<inf> radiant_gate_mpsl: gate: acq=411 in_grant=402/402 placed=411 granted=406 blocked=4 cancel=0 eagain=18 near=0 long=0 ext=78/2 dead=0 | den pend=1 anch=1 dist=0 degen=0 nosess=0 owed=0 | sent grant=1 dead=0 blk=4 supp=402 | end=406 (norm=406 rel=0 idle=0 late=0) | bad over=0 inval=0 unk=0 inl=4 | len=4888/4888 el=3500 skew=8548 brun=0 sig=7 g=0 hw=0 p=1 rel=0 end=1 boot=0 anchor=1 owes=1[0m
[00:18:23.191,456] [0m<inf> radiant_api: SWEEP set=1 steer=0 dwell=85425/260000 adv=1 sweeps=0 win=1 ok=3 searching=0 carrier=255 | chunks=6 preempt=0 missed=0 ebusy=0 rej=0 | pumps=2743 hk=2742 | scan_us=565200/6 track_us=87592/406 | end ok=0 abrt=2 miss=0 fail=0 deny=6 replan=0[0m
[00:18:23.551,236] [0m<inf> radiant_gate_mpsl: hi: acq=407 den=0 resv=0 pend=407 blk=0 grant=406[0m
[00:18:23.551,252] [0m<inf> radiant_gate_mpsl: seam: grant=408 nostage=0 prog=408/0 | sigrad=815 sigt0=486 isr=815 end=409 dis=0 term=6 | ramp=408/2 state=0 ev=0x13 rxen saved=0x80000014 cont=0x13f a=0x80000014 p=0x80000014 e=0x80000014 inten=0x00000140[0m
[00:18:23.551,261] [0m<inf> radiant_gate_mpsl: sw: n=406 wipe=0 ramp=406 wipe+ramp=0 rx=406 wipe+rx=0 | started=406 early=0/0us last=2634us | open lead=231us max=257us late=0 glen=4888 cc0=2888[0m
[00:18:23.551,296] [0m<inf> radiant_gate_mpsl: hiend: timer0=406 | lasted=2890us max=3486us | dur=2866us max=3463us short=0 | t0arm=32us stale=408[0m
[00:18:23.551,314] [0m<inf> radiant_gate_mpsl: gate: acq=415 in_grant=406/406 placed=415 granted=410 blocked=4 cancel=0 eagain=18 near=0 long=0 ext=78/2 dead=0 | den pend=1 anch=1 dist=0 degen=0 nosess=0 owed=0 | sent grant=1 dead=0 blk=4 supp=406 | end=410 (norm=410 rel=0 idle=0 late=0) | bad over=0 inval=0 unk=0 inl=4 | len=4888/4888 el=3500 skew=8548 brun=0 sig=7 g=0 hw=0 p=1 rel=0 end=1 boot=0 anchor=1 owes=1[0m
[00:18:24.240,456] [0m<inf> radiant_api: SWEEP set=1 steer=0 dwell=85425/260000 adv=1 sweeps=0 win=1 ok=3 searching=0 carrier=255 | chunks=6 preempt=0 missed=0 ebusy=0 rej=0 | pumps=2768 hk=2767 | scan_us=565200/6 track_us=88408/410 | end ok=0 abrt=2 miss=0 fail=0 deny=6 replan=0[0m
[00:18:24.551,379] [0m<inf> radiant_gate_mpsl: hi: acq=411 den=0 resv=0 pend=411 blk=0 grant=410[0m
[00:18:24.551,390] [0m<inf> radiant_gate_mpsl: seam: grant=412 nostage=0 prog=412/0 | sigrad=823 sigt0=490 isr=823 end=413 dis=0 term=6 | ramp=412/2 state=0 ev=0x13 rxen saved=0x80000014 cont=0x13f a=0x80000014 p=0x80000014 e=0x80000014 inten=0x00000140[0m
[00:18:24.551,399] [0m<inf> radiant_gate_mpsl: sw: n=410 wipe=0 ramp=410 wipe+ramp=0 rx=410 wipe+rx=0 | started=410 early=0/0us last=2635us | open lead=230us max=257us late=0 glen=4888 cc0=2888[0m
[00:18:24.551,431] [0m<inf> radiant_gate_mpsl: hiend: timer0=410 | lasted=2889us max=3486us | dur=2866us max=3463us short=0 | t0arm=32us stale=412[0m
[00:18:24.551,452] [0m<inf> radiant_gate_mpsl: gate: acq=419 in_grant=410/410 placed=419 granted=414 blocked=4 cancel=0 eagain=18 near=0 long=0 ext=78/2 dead=0 | den pend=1 anch=1 dist=0 degen=0 nosess=0 owed=0 | sent grant=1 dead=0 blk=4 supp=410 | end=414 (norm=414 rel=0 idle=0 late=0) | bad over=0 inval=0 unk=0 inl=4 | len=4888/4888 el=3500 skew=8548 brun=0 sig=7 g=0 hw=0 p=1 rel=0 end=1 boot=0 anchor=1 owes=1[0m
[00:18:25.289,372] [0m<inf> radiant_api: SWEEP set=1 steer=0 dwell=85425/260000 adv=1 sweeps=0 win=1 ok=3 searching=0 carrier=255 | chunks=6 preempt=0 missed=0 ebusy=0 rej=0 | pumps=2793 hk=2792 | scan_us=565200/6 track_us=89224/414 | end ok=0 abrt=2 miss=0 fail=0 deny=6 replan=0[0m
[00:18:25.551,543] [0m<inf> radiant_gate_mpsl: hi: acq=415 den=0 resv=0 pend=415 blk=0 grant=414[0m
[00:18:25.551,554] [0m<inf> radiant_gate_mpsl: seam: grant=416 nostage=0 prog=416/0 | sigrad=831 sigt0=494 isr=831 end=417 dis=0 term=6 | ramp=416/2 state=0 ev=0x13 rxen saved=0x80000014 cont=0x13f a=0x80000014 p=0x80000014 e=0x80000014 inten=0x00000140[0m
[00:18:25.551,563] [0m<inf> radiant_gate_mpsl: sw: n=414 wipe=0 ramp=414 wipe+ramp=0 rx=414 wipe+rx=0 | started=414 early=0/0us last=2635us | open lead=230us max=257us late=0 glen=4888 cc0=2888[0m
[00:18:25.551,598] [0m<inf> radiant_gate_mpsl: hiend: timer0=414 | lasted=2889us max=3486us | dur=2866us max=3463us short=0 | t0arm=32us stale=416[0m
[00:18:25.551,616] [0m<inf> radiant_gate_mpsl: gate: acq=423 in_grant=414/414 placed=423 granted=418 blocked=4 cancel=0 eagain=19 near=0 long=0 ext=78/2 dead=0 | den pend=1 anch=1 dist=0 degen=0 nosess=0 owed=0 | sent grant=1 dead=0 blk=4 supp=414 | end=418 (norm=418 rel=0 idle=0 late=0) | bad over=0 inval=0 unk=0 inl=4 | len=4888/4888 el=3500 skew=8548 brun=0 sig=7 g=0 hw=0 p=1 rel=0 end=1 boot=0 anchor=1 owes=1[0m
[00:18:26.338,281] [0m<inf> radiant_api: SWEEP set=1 steer=0 dwell=85425/260000 adv=1 sweeps=0 win=1 ok=3 searching=0 carrier=255 | chunks=6 preempt=0 missed=0 ebusy=0 rej=0 | pumps=2818 hk=2817 | scan_us=565200/6 track_us=90040/418 | end ok=0 abrt=2 miss=0 fail=0 deny=6 replan=0[0m
[00:18:26.551,718] [0m<inf> radiant_gate_mpsl: hi: acq=419 den=0 resv=0 pend=419 blk=0 grant=418[0m
[00:18:26.551,734] [0m<inf> radiant_gate_mpsl: seam: grant=420 nostage=0 prog=420/0 | sigrad=839 sigt0=498 isr=839 end=421 dis=0 term=6 | ramp=420/2 state=0 ev=0x13 rxen saved=0x80000014 cont=0x13f a=0x80000014 p=0x80000014 e=0x80000014 inten=0x00000140[0m
[00:18:26.551,743] [0m<inf> radiant_gate_mpsl: sw: n=418 wipe=0 ramp=418 wipe+ramp=0 rx=418 wipe+rx=0 | started=418 early=0/0us last=2635us | open lead=230us max=257us late=0 glen=4888 cc0=2888[0m
[00:18:26.551,779] [0m<inf> radiant_gate_mpsl: hiend: timer0=418 | lasted=2889us max=3486us | dur=2866us max=3463us short=0 | t0arm=32us stale=420[0m
[00:18:26.551,797] [0m<inf> radiant_gate_mpsl: gate: acq=427 in_grant=418/418 placed=427 granted=422 blocked=4 cancel=0 eagain=20 near=0 long=0 ext=78/2 dead=0 | den pend=1 anch=1 dist=0 degen=0 nosess=0 owed=0 | sent grant=1 dead=0 blk=4 supp=418 | end=422 (norm=422 rel=0 idle=0 late=0) | bad over=0 inval=0 unk=0 inl=4 | len=4888/4888 el=3500 skew=8548 brun=0 sig=7 g=0 hw=0 p=1 rel=0 end=1 boot=0 anchor=1 owes=1[0m
[00:18:27.386,130] [0m<inf> radiant_api: SWEEP set=1 steer=0 dwell=85425/260000 adv=1 sweeps=0 win=1 ok=3 searching=0 carrier=255 | chunks=6 preempt=0 missed=0 ebusy=0 rej=0 | pumps=2843 hk=2842 | scan_us=565200/6 track_us=91060/423 | end ok=0 abrt=2 miss=0 fail=0 deny=6 replan=0[0m
[00:18:27.551,840] [0m<inf> radiant_gate_mpsl: hi: acq=423 den=0 resv=0 pend=423 blk=0 grant=422[0m
[00:18:27.551,851] [0m<inf> radiant_gate_mpsl: seam: grant=424 nostage=0 prog=424/0 | sigrad=847 sigt0=502 isr=847 end=425 dis=0 term=6 | ramp=424/2 state=0 ev=0x13 rxen saved=0x80000014 cont=0x13f a=0x80000014 p=0x80000014 e=0x80000014 inten=0x00000140[0m
[00:18:27.551,860] [0m<inf> radiant_gate_mpsl: sw: n=422 wipe=0 ramp=422 wipe+ramp=0 rx=422 wipe+rx=0 | started=422 early=0/0us last=2635us | open lead=231us max=257us late=0 glen=4888 cc0=2888[0m
[00:18:27.551,892] [0m<inf> radiant_gate_mpsl: hiend: timer0=422 | lasted=2889us max=3486us | dur=2866us max=3463us short=0 | t0arm=31us stale=424[0m
[00:18:27.551,913] [0m<inf> radiant_gate_mpsl: gate: acq=431 in_grant=422/422 placed=431 granted=426 blocked=4 cancel=0 eagain=20 near=0 long=0 ext=78/2 dead=0 | den pend=1 anch=1 dist=0 degen=0 nosess=0 owed=0 | sent grant=1 dead=0 blk=4 supp=422 | end=426 (norm=426 rel=0 idle=0 late=0) | bad over=0 inval=0 unk=0 inl=4 | len=4888/4888 el=3500 skew=8548 brun=0 sig=7 g=0 hw=0 p=1 rel=0 end=1 boot=0 anchor=1 owes=1[0m
[00:18:28.435,116] [0m<inf> radiant_api: SWEEP set=1 steer=0 dwell=85425/260000 adv=1 sweeps=0 win=1 ok=3 searching=0 carrier=255 | chunks=6 preempt=0 missed=0 ebusy=0 rej=0 | pumps=2869 hk=2868 | scan_us=565200/6 track_us=91876/427 | end ok=0 abrt=2 miss=0 fail=0 deny=6 replan=0[0m
[00:18:28.552,009] [0m<inf> radiant_gate_mpsl: hi: acq=427 den=0 resv=0 pend=427 blk=0 grant=426[0m
[00:18:28.552,020] [0m<inf> radiant_gate_mpsl: seam: grant=428 nostage=0 prog=428/0 | sigrad=855 sigt0=506 isr=855 end=429 dis=0 term=6 | ramp=428/2 state=0 ev=0x13 rxen saved=0x80000014 cont=0x13f a=0x80000014 p=0x80000014 e=0x80000014 inten=0x00000140[0m
[00:18:28.552,029] [0m<inf> radiant_gate_mpsl: sw: n=426 wipe=0 ramp=426 wipe+ramp=0 rx=426 wipe+rx=0 | started=426 early=0/0us last=2635us | open lead=231us max=257us late=0 glen=4888 cc0=2888[0m
[00:18:28.552,063] [0m<inf> radiant_gate_mpsl: hiend: timer0=426 | lasted=2890us max=3486us | dur=2867us max=3463us short=0 | t0arm=31us stale=428[0m
[00:18:28.552,082] [0m<inf> radiant_gate_mpsl: gate: acq=435 in_grant=426/426 placed=435 granted=430 blocked=4 cancel=0 eagain=20 near=0 long=0 ext=78/2 dead=0 | den pend=1 anch=1 dist=0 degen=0 nosess=0 owed=0 | sent grant=1 dead=0 blk=4 supp=426 | end=430 (norm=430 rel=0 idle=0 late=0) | bad over=0 inval=0 unk=0 inl=4 | len=4888/4888 el=3500 skew=8548 brun=0 sig=7 g=0 hw=0 p=1 rel=0 end=1 boot=0 anchor=1 owes=1[0m
[00:18:28.692,927] [0m<inf> thread_coex: thread load: role=2 sent=1100 failed=0 interval=100ms payload=64B[0m
[00:18:28.692,937] [0m<inf> thread_coex: thread lat us: <64=0 64=0 128=1097 256=3 512=0 1k=0 2k=0 4k=0 8k=0 16k=0 32k=0 64k=0 >=128k=0 max=311[0m
[00:18:28.692,945] [0m<inf> thread_coex: thread mac d: tx=100 retry=0 cca=0 abort=0 busy=0 | tot tx=1106 retry=10 cca=0 abort=0 busy=0[0m
[00:18:29.484,037] [0m<inf> radiant_api: SWEEP set=1 steer=0 dwell=85425/260000 adv=1 sweeps=0 win=1 ok=3 searching=0 carrier=255 | chunks=6 preempt=0 missed=0 ebusy=0 rej=0 | pumps=2894 hk=2893 | scan_us=565200/6 track_us=92692/431 | end ok=0 abrt=2 miss=0 fail=0 deny=6 replan=0[0m
[00:18:29.552,126] [0m<inf> radiant_gate_mpsl: hi: acq=431 den=0 resv=0 pend=431 blk=0 grant=430[0m
[00:18:29.552,137] [0m<inf> radiant_gate_mpsl: seam: grant=432 nostage=0 prog=432/0 | sigrad=863 sigt0=510 isr=863 end=433 dis=0 term=6 | ramp=432/2 state=0 ev=0x13 rxen saved=0x80000014 cont=0x13f a=0x80000014 p=0x80000014 e=0x80000014 inten=0x00000140[0m
[00:18:29.552,147] [0m<inf> radiant_gate_mpsl: sw: n=430 wipe=0 ramp=430 wipe+ramp=0 rx=430 wipe+rx=0 | started=430 early=0/0us last=2635us | open lead=231us max=257us late=0 glen=4888 cc0=2888[0m
[00:18:29.552,178] [0m<inf> radiant_gate_mpsl: hiend: timer0=430 | lasted=2889us max=3486us | dur=2866us max=3463us short=0 | t0arm=31us stale=432[0m
[00:18:29.552,196] [0m<inf> radiant_gate_mpsl: gate: acq=439 in_grant=430/430 placed=439 granted=434 blocked=4 cancel=0 eagain=20 near=0 long=0 ext=78/2 dead=0 | den pend=1 anch=1 dist=0 degen=0 nosess=0 owed=0 | sent grant=1 dead=0 blk=4 supp=430 | end=434 (norm=434 rel=0 idle=0 late=0) | bad over=0 inval=0 unk=0 inl=4 | len=4888/4888 el=3500 skew=8548 brun=0 sig=7 g=0 hw=0 p=1 rel=0 end=1 boot=0 anchor=1 owes=1[0m
[00:18:30.532,983] [0m<inf> radiant_api: SWEEP set=1 steer=0 dwell=85425/260000 adv=1 sweeps=0 win=1 ok=3 searching=0 carrier=255 | chunks=6 preempt=0 missed=0 ebusy=0 rej=0 | pumps=2919 hk=2918 | scan_us=565200/6 track_us=93508/435 | end ok=0 abrt=2 miss=0 fail=0 deny=6 replan=0[0m
[00:18:30.552,276] [0m<inf> radiant_gate_mpsl: hi: acq=435 den=0 resv=0 pend=435 blk=0 grant=434[0m
[00:18:30.552,286] [0m<inf> radiant_gate_mpsl: seam: grant=436 nostage=0 prog=436/0 | sigrad=871 sigt0=514 isr=871 end=437 dis=0 term=6 | ramp=436/2 state=0 ev=0x13 rxen saved=0x80000014 cont=0x13f a=0x80000014 p=0x80000014 e=0x80000014 inten=0x00000140[0m
[00:18:30.552,295] [0m<inf> radiant_gate_mpsl: sw: n=434 wipe=0 ramp=434 wipe+ramp=0 rx=434 wipe+rx=0 | started=434 early=0/0us last=2635us | open lead=231us max=257us late=0 glen=4888 cc0=2888[0m
[00:18:30.552,330] [0m<inf> radiant_gate_mpsl: hiend: timer0=434 | lasted=2889us max=3486us | dur=2866us max=3463us short=0 | t0arm=31us stale=436[0m
[00:18:30.552,348] [0m<inf> radiant_gate_mpsl: gate: acq=443 in_grant=434/434 placed=443 granted=438 blocked=4 cancel=0 eagain=20 near=0 long=0 ext=78/2 dead=0 | den pend=1 anch=1 dist=0 degen=0 nosess=0 owed=0 | sent grant=1 dead=0 blk=4 supp=434 | end=438 (norm=438 rel=0 idle=0 late=0) | bad over=0 inval=0 unk=0 inl=4 | len=4888/4888 el=3500 skew=8548 brun=0 sig=7 g=0 hw=0 p=1 rel=0 end=1 boot=0 anchor=1 owes=1[0m
[00:18:31.552,426] [0m<inf> radiant_gate_mpsl: hi: acq=439 den=0 resv=0 pend=439 blk=0 grant=438[0m
[00:18:31.552,437] [0m<inf> radiant_gate_mpsl: seam: grant=440 nostage=0 prog=440/0 | sigrad=879 sigt0=518 isr=879 end=441 dis=0 term=6 | ramp=440/2 state=0 ev=0x13 rxen saved=0x80000014 cont=0x13f a=0x80000014 p=0x80000014 e=0x80000014 inten=0x00000140[0m
[00:18:31.552,446] [0m<inf> radiant_gate_mpsl: sw: n=438 wipe=0 ramp=438 wipe+ramp=0 rx=438 wipe+rx=0 | started=438 early=0/0us last=2635us | open lead=231us max=257us late=0 glen=4888 cc0=2888[0m
[00:18:31.552,477] [0m<inf> radiant_gate_mpsl: hiend: timer0=438 | lasted=2890us max=3486us | dur=2867us max=3463us short=0 | t0arm=31us stale=440[0m
[00:18:31.552,498] [0m<inf> radiant_gate_mpsl: gate: acq=447 in_grant=438/438 placed=447 granted=442 blocked=4 cancel=0 eagain=20 near=0 long=0 ext=78/2 dead=0 | den pend=1 anch=1 dist=0 degen=0 nosess=0 owed=0 | sent grant=1 dead=0 blk=4 supp=438 | end=442 (norm=442 rel=0 idle=0 late=0) | bad over=0 inval=0 unk=0 inl=4 | len=4888/4888 el=3500 skew=8548 brun=0 sig=7 g=0 hw=0 p=1 rel=0 end=1 boot=0 anchor=1 owes=1[0m
[00:18:31.581,908] [0m<inf> radiant_api: SWEEP set=1 steer=0 dwell=85425/260000 adv=1 sweeps=0 win=1 ok=3 searching=0 carrier=255 | chunks=6 preempt=0 missed=0 ebusy=0 rej=0 | pumps=2944 hk=2943 | scan_us=565200/6 track_us=94324/439 | end ok=0 abrt=2 miss=0 fail=0 deny=6 replan=0[0m
[00:18:32.552,572] [0m<inf> radiant_gate_mpsl: hi: acq=443 den=0 resv=0 pend=443 blk=0 grant=442[0m
[00:18:32.552,588] [0m<inf> radiant_gate_mpsl: seam: grant=444 nostage=0 prog=444/0 | sigrad=887 sigt0=522 isr=887 end=445 dis=0 term=6 | ramp=444/2 state=0 ev=0x13 rxen saved=0x80000014 cont=0x13f a=0x80000014 p=0x80000014 e=0x80000014 inten=0x00000140[0m
[00:18:32.552,597] [0m<inf> radiant_gate_mpsl: sw: n=442 wipe=0 ramp=442 wipe+ramp=0 rx=442 wipe+rx=0 | started=442 early=0/0us last=2635us | open lead=231us max=257us late=0 glen=4888 cc0=2888[0m
[00:18:32.552,633] [0m<inf> radiant_gate_mpsl: hiend: timer0=442 | lasted=2889us max=3486us | dur=2866us max=3463us short=0 | t0arm=31us stale=444[0m
[00:18:32.552,651] [0m<inf> radiant_gate_mpsl: gate: acq=451 in_grant=442/442 placed=451 granted=446 blocked=4 cancel=0 eagain=20 near=0 long=0 ext=78/2 dead=0 | den pend=1 anch=1 dist=0 degen=0 nosess=0 owed=0 | sent grant=1 dead=0 blk=4 supp=442 | end=446 (norm=446 rel=0 idle=0 late=0) | bad over=0 inval=0 unk=0 inl=4 | len=4888/4888 el=3500 skew=8548 brun=0 sig=7 g=0 hw=0 p=1 rel=0 end=1 boot=0 anchor=1 owes=1[0m
[00:18:32.629,771] [0m<inf> radiant_api: SWEEP set=1 steer=0 dwell=85425/260000 adv=1 sweeps=0 win=1 ok=3 searching=0 carrier=255 | chunks=6 preempt=0 missed=0 ebusy=0 rej=0 | pumps=2969 hk=2968 | scan_us=565200/6 track_us=95344/444 | end ok=0 abrt=2 miss=0 fail=0 deny=6 replan=0[0m
[00:18:33.552,721] [0m<inf> radiant_gate_mpsl: hi: acq=447 den=0 resv=0 pend=447 blk=0 grant=446[0m
[00:18:33.552,732] [0m<inf> radiant_gate_mpsl: seam: grant=448 nostage=0 prog=448/0 | sigrad=895 sigt0=526 isr=895 end=449 dis=0 term=6 | ramp=448/2 state=0 ev=0x13 rxen saved=0x80000014 cont=0x13f a=0x80000014 p=0x80000014 e=0x80000014 inten=0x00000140[0m
[00:18:33.552,741] [0m<inf> radiant_gate_mpsl: sw: n=446 wipe=0 ramp=446 wipe+ramp=0 rx=446 wipe+rx=0 | started=446 early=0/0us last=2635us | open lead=231us max=257us late=0 glen=4888 cc0=2888[0m
[00:18:33.552,773] [0m<inf> radiant_gate_mpsl: hiend: timer0=446 | lasted=2889us max=3486us | dur=2867us max=3463us short=0 | t0arm=31us stale=448[0m
[00:18:33.552,794] [0m<inf> radiant_gate_mpsl: gate: acq=455 in_grant=446/446 placed=455 granted=450 blocked=4 cancel=0 eagain=20 near=0 long=0 ext=78/2 dead=0 | den pend=1 anch=1 dist=0 degen=0 nosess=0 owed=0 | sent grant=1 dead=0 blk=4 supp=446 | end=450 (norm=450 rel=0 idle=0 late=0) | bad over=0 inval=0 unk=0 inl=4 | len=4888/4888 el=3500 skew=8548 brun=0 sig=7 g=0 hw=0 p=1 rel=0 end=1 boot=0 anchor=1 owes=1[0m
[00:18:33.678,758] [0m<inf> radiant_api: SWEEP set=1 steer=0 dwell=85425/260000 adv=1 sweeps=0 win=1 ok=3 searching=0 carrier=255 | chunks=6 preempt=0 missed=0 ebusy=0 rej=0 | pumps=2995 hk=2994 | scan_us=565200/6 track_us=96160/448 | end ok=0 abrt=2 miss=0 fail=0 deny=6 replan=0[0m
[00:18:34.552,865] [0m<inf> radiant_gate_mpsl: hi: acq=451 den=0 resv=0 pend=451 blk=0 grant=450[0m
[00:18:34.552,881] [0m<inf> radiant_gate_mpsl: seam: grant=452 nostage=0 prog=452/0 | sigrad=903 sigt0=530 isr=903 end=453 dis=0 term=6 | ramp=452/2 state=0 ev=0x13 rxen saved=0x80000014 cont=0x13f a=0x80000014 p=0x80000014 e=0x80000014 inten=0x00000140[0m
[00:18:34.552,890] [0m<inf> radiant_gate_mpsl: sw: n=450 wipe=0 ramp=450 wipe+ramp=0 rx=450 wipe+rx=0 | started=450 early=0/0us last=2635us | open lead=231us max=257us late=0 glen=4888 cc0=2888[0m
[00:18:34.552,924] [0m<inf> radiant_gate_mpsl: hiend: timer0=450 | lasted=2889us max=3486us | dur=2867us max=3463us short=0 | t0arm=31us stale=452[0m
[00:18:34.552,943] [0m<inf> radiant_gate_mpsl: gate: acq=459 in_grant=450/450 placed=459 granted=454 blocked=4 cancel=0 eagain=20 near=0 long=0 ext=78/2 dead=0 | den pend=1 anch=1 dist=0 degen=0 nosess=0 owed=0 | sent grant=1 dead=0 blk=4 supp=450 | end=454 (norm=454 rel=0 idle=0 late=0) | bad over=0 inval=0 unk=0 inl=4 | len=4888/4888 el=3500 skew=8548 brun=0 sig=7 g=0 hw=0 p=1 rel=0 end=1 boot=0 anchor=1 owes=1[0m
[00:18:34.727,687] [0m<inf> radiant_api: SWEEP set=1 steer=0 dwell=85425/260000 adv=1 sweeps=0 win=1 ok=3 searching=0 carrier=255 | chunks=6 preempt=0 missed=0 ebusy=0 rej=0 | pumps=3020 hk=3019 | scan_us=565200/6 track_us=96976/452 | end ok=0 abrt=2 miss=0 fail=0 deny=6 replan=0[0m
[00:18:35.553,014] [0m<inf> radiant_gate_mpsl: hi: acq=455 den=0 resv=0 pend=455 blk=0 grant=454[0m
[00:18:35.553,025] [0m<inf> radiant_gate_mpsl: seam: grant=456 nostage=0 prog=456/0 | sigrad=911 sigt0=534 isr=911 end=457 dis=0 term=6 | ramp=456/2 state=0 ev=0x13 rxen saved=0x80000014 cont=0x13f a=0x80000014 p=0x80000014 e=0x80000014 inten=0x00000140[0m
[00:18:35.553,034] [0m<inf> radiant_gate_mpsl: sw: n=454 wipe=0 ramp=454 wipe+ramp=0 rx=454 wipe+rx=0 | started=454 early=0/0us last=2635us | open lead=232us max=257us late=0 glen=4888 cc0=2888[0m
[00:18:35.553,066] [0m<inf> radiant_gate_mpsl: hiend: timer0=454 | lasted=2889us max=3486us | dur=2866us max=3463us short=0 | t0arm=31us stale=456[0m
[00:18:35.553,087] [0m<inf> radiant_gate_mpsl: gate: acq=463 in_grant=454/454 placed=463 granted=458 blocked=4 cancel=0 eagain=20 near=0 long=0 ext=78/2 dead=0 | den pend=1 anch=1 dist=0 degen=0 nosess=0 owed=0 | sent grant=1 dead=0 blk=4 supp=454 | end=458 (norm=458 rel=0 idle=0 late=0) | bad over=0 inval=0 unk=0 inl=4 | len=4888/4888 el=3500 skew=8548 brun=0 sig=7 g=0 hw=0 p=1 rel=0 end=1 boot=0 anchor=1 owes=1[0m
[00:18:35.776,574] [0m<inf> radiant_api: SWEEP set=1 steer=0 dwell=85425/260000 adv=1 sweeps=0 win=1 ok=3 searching=0 carrier=255 | chunks=6 preempt=0 missed=0 ebusy=0 rej=0 | pumps=3045 hk=3044 | scan_us=565200/6 track_us=97792/456 | end ok=0 abrt=2 miss=0 fail=0 deny=6 replan=0[0m
[00:18:36.553,191] [0m<inf> radiant_gate_mpsl: hi: acq=459 den=0 resv=0 pend=459 blk=0 grant=458[0m
[00:18:36.553,207] [0m<inf> radiant_gate_mpsl: seam: grant=460 nostage=0 prog=460/0 | sigrad=919 sigt0=538 isr=919 end=461 dis=0 term=6 | ramp=460/2 state=0 ev=0x13 rxen saved=0x80000014 cont=0x13f a=0x80000014 p=0x80000014 e=0x80000014 inten=0x00000140[0m
[00:18:36.553,216] [0m<inf> radiant_gate_mpsl: sw: n=458 wipe=0 ramp=458 wipe+ramp=0 rx=458 wipe+rx=0 | started=458 early=0/0us last=2636us | open lead=230us max=257us late=0 glen=4888 cc0=2888[0m
[00:18:36.553,250] [0m<inf> radiant_gate_mpsl: hiend: timer0=458 | lasted=2889us max=3486us | dur=2867us max=3463us short=0 | t0arm=31us stale=460[0m
[00:18:36.553,269] [0m<inf> radiant_gate_mpsl: gate: acq=467 in_grant=458/458 placed=467 granted=462 blocked=4 cancel=0 eagain=20 near=0 long=0 ext=78/2 dead=0 | den pend=1 anch=1 dist=0 degen=0 nosess=0 owed=0 | sent grant=1 dead=0 blk=4 supp=458 | end=462 (norm=462 rel=0 idle=0 late=0) | bad over=0 inval=0 unk=0 inl=4 | len=4888/4888 el=3500 skew=8548 brun=0 sig=7 g=0 hw=0 p=1 rel=0 end=1 boot=0 anchor=1 owes=1[0m
[00:18:36.825,575] [0m<inf> radiant_api: SWEEP set=1 steer=0 dwell=85425/260000 adv=1 sweeps=0 win=1 ok=3 searching=0 carrier=255 | chunks=6 preempt=0 missed=0 ebusy=0 rej=0 | pumps=3070 hk=3069 | scan_us=565200/6 track_us=98608/460 | end ok=0 abrt=2 miss=0 fail=0 deny=6 replan=0[0m
[00:18:37.553,314] [0m<inf> radiant_gate_mpsl: hi: acq=463 den=0 resv=0 pend=463 blk=0 grant=462[0m
[00:18:37.553,325] [0m<inf> radiant_gate_mpsl: seam: grant=464 nostage=0 prog=464/0 | sigrad=927 sigt0=542 isr=927 end=465 dis=0 term=6 | ramp=464/2 state=0 ev=0x13 rxen saved=0x80000014 cont=0x13f a=0x80000014 p=0x80000014 e=0x80000014 inten=0x00000140[0m
[00:18:37.553,334] [0m<inf> radiant_gate_mpsl: sw: n=462 wipe=0 ramp=462 wipe+ramp=0 rx=462 wipe+rx=0 | started=462 early=0/0us last=2609us | open lead=257us max=257us late=0 glen=4888 cc0=2888[0m
[00:18:37.553,366] [0m<inf> radiant_gate_mpsl: hiend: timer0=462 | lasted=2889us max=3486us | dur=2866us max=3463us short=0 | t0arm=31us stale=464[0m
[00:18:37.553,387] [0m<inf> radiant_gate_mpsl: gate: acq=471 in_grant=462/462 placed=471 granted=466 blocked=4 cancel=0 eagain=20 near=0 long=0 ext=78/2 dead=0 | den pend=1 anch=1 dist=0 degen=0 nosess=0 owed=0 | sent grant=1 dead=0 blk=4 supp=462 | end=466 (norm=466 rel=0 idle=0 late=0) | bad over=0 inval=0 unk=0 inl=4 | len=4888/4888 el=3500 skew=8548 brun=0 sig=7 g=0 hw=0 p=1 rel=0 end=1 boot=0 anchor=1 owes=1[0m
[00:18:37.873,401] [0m<inf> radiant_api: SWEEP set=1 steer=0 dwell=85425/260000 adv=1 sweeps=0 win=1 ok=3 searching=0 carrier=255 | chunks=6 preempt=0 missed=0 ebusy=0 rej=0 | pumps=3095 hk=3094 | scan_us=565200/6 track_us=99628/465 | end ok=0 abrt=2 miss=0 fail=0 deny=6 replan=0[0m
[00:18:38.553,451] [0m<inf> radiant_gate_mpsl: hi: acq=467 den=0 resv=0 pend=467 blk=0 grant=466[0m
[00:18:38.553,462] [0m<inf> radiant_gate_mpsl: seam: grant=468 nostage=0 prog=468/0 | sigrad=935 sigt0=546 isr=935 end=469 dis=0 term=6 | ramp=468/2 state=0 ev=0x13 rxen saved=0x80000014 cont=0x13f a=0x80000014 p=0x80000014 e=0x80000014 inten=0x00000140[0m
[00:18:38.553,471] [0m<inf> radiant_gate_mpsl: sw: n=466 wipe=0 ramp=466 wipe+ramp=0 rx=466 wipe+rx=0 | started=466 early=0/0us last=2634us | open lead=232us max=257us late=0 glen=4888 cc0=2888[0m
[00:18:38.553,505] [0m<inf> radiant_gate_mpsl: hiend: timer0=466 | lasted=2889us max=3486us | dur=2866us max=3463us short=0 | t0arm=31us stale=468[0m
[00:18:38.553,525] [0m<inf> radiant_gate_mpsl: gate: acq=475 in_grant=466/466 placed=475 granted=470 blocked=4 cancel=0 eagain=20 near=0 long=0 ext=78/2 dead=0 | den pend=1 anch=1 dist=0 degen=0 nosess=0 owed=0 | sent grant=1 dead=0 blk=4 supp=466 | end=470 (norm=470 rel=0 idle=0 late=0) | bad over=0 inval=0 unk=0 inl=4 | len=4888/4888 el=3500 skew=8548 brun=0 sig=7 g=0 hw=0 p=1 rel=0 end=1 boot=0 anchor=1 owes=1[0m
[00:18:38.716,459] [0m<inf> thread_coex: thread load: role=2 sent=1200 failed=0 interval=100ms payload=64B[0m
[00:18:38.716,469] [0m<inf> thread_coex: thread lat us: <64=0 64=0 128=1197 256=3 512=0 1k=0 2k=0 4k=0 8k=0 16k=0 32k=0 64k=0 >=128k=0 max=311[0m
[00:18:38.716,477] [0m<inf> thread_coex: thread mac d: tx=101 retry=0 cca=0 abort=0 busy=0 | tot tx=1207 retry=10 cca=0 abort=0 busy=0[0m
[00:18:38.922,346] [0m<inf> radiant_api: SWEEP set=1 steer=0 dwell=85425/260000 adv=1 sweeps=0 win=1 ok=3 searching=0 carrier=255 | chunks=6 preempt=0 missed=0 ebusy=0 rej=0 | pumps=3121 hk=3120 | scan_us=565200/6 track_us=100444/469 | end ok=0 abrt=2 miss=0 fail=0 deny=6 replan=0[0m
[00:18:39.553,604] [0m<inf> radiant_gate_mpsl: hi: acq=471 den=0 resv=0 pend=471 blk=0 grant=470[0m
[00:18:39.553,621] [0m<inf> radiant_gate_mpsl: seam: grant=472 nostage=0 prog=472/0 | sigrad=943 sigt0=550 isr=943 end=473 dis=0 term=6 | ramp=472/2 state=0 ev=0x13 rxen saved=0x80000014 cont=0x13f a=0x80000014 p=0x80000014 e=0x80000014 inten=0x00000140[0m
[00:18:39.553,629] [0m<inf> radiant_gate_mpsl: sw: n=470 wipe=0 ramp=470 wipe+ramp=0 rx=470 wipe+rx=0 | started=470 early=0/0us last=2634us | open lead=231us max=257us late=0 glen=4888 cc0=2888[0m
[00:18:39.553,664] [0m<inf> radiant_gate_mpsl: hiend: timer0=470 | lasted=2889us max=3486us | dur=2866us max=3463us short=0 | t0arm=32us stale=472[0m
[00:18:39.553,682] [0m<inf> radiant_gate_mpsl: gate: acq=479 in_grant=470/470 placed=479 granted=474 blocked=4 cancel=0 eagain=20 near=0 long=0 ext=78/2 dead=0 | den pend=1 anch=1 dist=0 degen=0 nosess=0 owed=0 | sent grant=1 dead=0 blk=4 supp=470 | end=474 (norm=474 rel=0 idle=0 late=0) | bad over=0 inval=0 unk=0 inl=4 | len=4888/4888 el=3500 skew=8548 brun=0 sig=7 g=0 hw=0 p=1 rel=0 end=1 boot=0 anchor=1 owes=1[0m
[00:18:39.971,326] [0m<inf> radiant_api: SWEEP set=1 steer=0 dwell=85425/260000 adv=1 sweeps=0 win=1 ok=3 searching=0 carrier=255 | chunks=6 preempt=0 missed=0 ebusy=0 rej=0 | pumps=3146 hk=3145 | scan_us=565200/6 track_us=101260/473 | end ok=0 abrt=2 miss=0 fail=0 deny=6 replan=0[0m
[00:18:40.553,745] [0m<inf> radiant_gate_mpsl: hi: acq=475 den=0 resv=0 pend=475 blk=0 grant=474[0m
[00:18:40.553,757] [0m<inf> radiant_gate_mpsl: seam: grant=476 nostage=0 prog=476/0 | sigrad=951 sigt0=554 isr=951 end=477 dis=0 term=6 | ramp=476/2 state=0 ev=0x13 rxen saved=0x80000014 cont=0x13f a=0x80000014 p=0x80000014 e=0x80000014 inten=0x00000140[0m
[00:18:40.553,766] [0m<inf> radiant_gate_mpsl: sw: n=474 wipe=0 ramp=474 wipe+ramp=0 rx=474 wipe+rx=0 | started=474 early=0/0us last=2635us | open lead=230us max=257us late=0 glen=4888 cc0=2888[0m
[00:18:40.553,797] [0m<inf> radiant_gate_mpsl: hiend: timer0=474 | lasted=2889us max=3486us | dur=2865us max=3463us short=0 | t0arm=32us stale=476[0m
[00:18:40.553,818] [0m<inf> radiant_gate_mpsl: gate: acq=483 in_grant=474/474 placed=483 granted=478 blocked=4 cancel=0 eagain=22 near=0 long=0 ext=78/2 dead=0 | den pend=1 anch=1 dist=0 degen=0 nosess=0 owed=0 | sent grant=1 dead=0 blk=4 supp=474 | end=478 (norm=478 rel=0 idle=0 late=0) | bad over=0 inval=0 unk=0 inl=4 | len=4888/4888 el=3500 skew=8548 brun=0 sig=7 g=0 hw=0 p=1 rel=0 end=1 boot=0 anchor=1 owes=1[0m
[00:18:41.020,249] [0m<inf> radiant_api: SWEEP set=1 steer=0 dwell=85425/260000 adv=1 sweeps=0 win=1 ok=3 searching=0 carrier=255 | chunks=6 preempt=0 missed=0 ebusy=0 rej=0 | pumps=3171 hk=3170 | scan_us=565200/6 track_us=102076/477 | end ok=0 abrt=2 miss=0 fail=0 deny=6 replan=0[0m
[00:18:41.553,893] [0m<inf> radiant_gate_mpsl: hi: acq=479 den=0 resv=0 pend=479 blk=0 grant=478[0m
[00:18:41.553,904] [0m<inf> radiant_gate_mpsl: seam: grant=480 nostage=0 prog=480/0 | sigrad=959 sigt0=558 isr=959 end=481 dis=0 term=6 | ramp=480/2 state=0 ev=0x13 rxen saved=0x80000014 cont=0x13f a=0x80000014 p=0x80000014 e=0x80000014 inten=0x00000140[0m
[00:18:41.553,913] [0m<inf> radiant_gate_mpsl: sw: n=478 wipe=0 ramp=478 wipe+ramp=0 rx=478 wipe+rx=0 | started=478 early=0/0us last=2635us | open lead=230us max=257us late=0 glen=4888 cc0=2888[0m
[00:18:41.553,947] [0m<inf> radiant_gate_mpsl: hiend: timer0=478 | lasted=2889us max=3486us | dur=2865us max=3463us short=0 | t0arm=32us stale=480[0m
[00:18:41.553,966] [0m<inf> radiant_gate_mpsl: gate: acq=487 in_grant=478/478 placed=487 granted=482 blocked=4 cancel=0 eagain=22 near=0 long=0 ext=78/2 dead=0 | den pend=1 anch=1 dist=0 degen=0 nosess=0 owed=0 | sent grant=1 dead=0 blk=4 supp=478 | end=482 (norm=482 rel=0 idle=0 late=0) | bad over=0 inval=0 unk=0 inl=4 | len=4888/4888 el=3500 skew=8548 brun=0 sig=7 g=0 hw=0 p=1 rel=0 end=1 boot=0 anchor=1 owes=1[0m
[00:18:42.069,160] [0m<inf> radiant_api: SWEEP set=1 steer=0 dwell=85425/260000 adv=1 sweeps=0 win=1 ok=3 searching=0 carrier=255 | chunks=6 preempt=0 missed=0 ebusy=0 rej=0 | pumps=3196 hk=3195 | scan_us=565200/6 track_us=102892/481 | end ok=0 abrt=2 miss=0 fail=0 deny=6 replan=0[0m
[00:18:42.554,054] [0m<inf> radiant_gate_mpsl: hi: acq=483 den=0 resv=0 pend=483 blk=0 grant=482[0m
[00:18:42.554,071] [0m<inf> radiant_gate_mpsl: seam: grant=484 nostage=0 prog=484/0 | sigrad=967 sigt0=562 isr=967 end=485 dis=0 term=6 | ramp=484/2 state=0 ev=0x13 rxen saved=0x80000014 cont=0x13f a=0x80000014 p=0x80000014 e=0x80000014 inten=0x00000140[0m
[00:18:42.554,080] [0m<inf> radiant_gate_mpsl: sw: n=482 wipe=0 ramp=482 wipe+ramp=0 rx=482 wipe+rx=0 | started=482 early=0/0us last=2633us | open lead=232us max=257us late=0 glen=4888 cc0=2888[0m
[00:18:42.554,114] [0m<inf> radiant_gate_mpsl: hiend: timer0=482 | lasted=2889us max=3486us | dur=2866us max=3463us short=0 | t0arm=32us stale=484[0m
[00:18:42.554,132] [0m<inf> radiant_gate_mpsl: gate: acq=491 in_grant=482/482 placed=491 granted=486 blocked=4 cancel=0 eagain=22 near=0 long=0 ext=78/2 dead=0 | den pend=1 anch=1 dist=0 degen=0 nosess=0 owed=0 | sent grant=1 dead=0 blk=4 supp=482 | end=486 (norm=486 rel=0 idle=0 late=0) | bad over=0 inval=0 unk=0 inl=4 | len=4888/4888 el=3500 skew=8548 brun=0 sig=7 g=0 hw=0 p=1 rel=0 end=1 boot=0 anchor=1 owes=1[0m
[00:18:43.117,019] [0m<inf> radiant_api: SWEEP set=1 steer=0 dwell=85425/260000 adv=1 sweeps=0 win=1 ok=3 searching=0 carrier=255 | chunks=6 preempt=0 missed=0 ebusy=0 rej=0 | pumps=3221 hk=3220 | scan_us=565200/6 track_us=103912/486 | end ok=0 abrt=2 miss=0 fail=0 deny=6 replan=0[0m
[00:18:43.554,200] [0m<inf> radiant_gate_mpsl: hi: acq=487 den=0 resv=0 pend=487 blk=0 grant=486[0m
[00:18:43.554,212] [0m<inf> radiant_gate_mpsl: seam: grant=488 nostage=0 prog=488/0 | sigrad=975 sigt0=566 isr=975 end=489 dis=0 term=6 | ramp=488/2 state=0 ev=0x13 rxen saved=0x80000014 cont=0x13f a=0x80000014 p=0x80000014 e=0x80000014 inten=0x00000140[0m
[00:18:43.554,221] [0m<inf> radiant_gate_mpsl: sw: n=486 wipe=0 ramp=486 wipe+ramp=0 rx=486 wipe+rx=0 | started=486 early=0/0us last=2634us | open lead=231us max=257us late=0 glen=4888 cc0=2888[0m
[00:18:43.554,252] [0m<inf> radiant_gate_mpsl: hiend: timer0=486 | lasted=2889us max=3486us | dur=2866us max=3463us short=0 | t0arm=32us stale=488[0m
[00:18:43.554,273] [0m<inf> radiant_gate_mpsl: gate: acq=495 in_grant=486/486 placed=495 granted=490 blocked=4 cancel=0 eagain=22 near=0 long=0 ext=78/2 dead=0 | den pend=1 anch=1 dist=0 degen=0 nosess=0 owed=0 | sent grant=1 dead=0 blk=4 supp=486 | end=490 (norm=490 rel=0 idle=0 late=0) | bad over=0 inval=0 unk=0 inl=4 | len=4888/4888 el=3500 skew=8548 brun=0 sig=7 g=0 hw=0 p=1 rel=0 end=1 boot=0 anchor=1 owes=1[0m
[00:18:44.166,006] [0m<inf> radiant_api: SWEEP set=1 steer=0 dwell=85425/260000 adv=1 sweeps=0 win=1 ok=3 searching=0 carrier=255 | chunks=6 preempt=0 missed=0 ebusy=0 rej=0 | pumps=3247 hk=3246 | scan_us=565200/6 track_us=104728/490 | end ok=0 abrt=2 miss=0 fail=0 deny=6 replan=0[0m
[00:18:44.554,381] [0m<inf> radiant_gate_mpsl: hi: acq=491 den=0 resv=0 pend=491 blk=0 grant=490[0m
[00:18:44.554,392] [0m<inf> radiant_gate_mpsl: seam: grant=492 nostage=0 prog=492/0 | sigrad=983 sigt0=570 isr=983 end=493 dis=0 term=6 | ramp=492/2 state=0 ev=0x13 rxen saved=0x80000014 cont=0x13f a=0x80000014 p=0x80000014 e=0x80000014 inten=0x00000140[0m
[00:18:44.554,403] [0m<inf> radiant_gate_mpsl: sw: n=490 wipe=0 ramp=490 wipe+ramp=0 rx=490 wipe+rx=0 | started=490 early=0/0us last=2635us | open lead=230us max=257us late=0 glen=4888 cc0=2888[0m
[00:18:44.554,437] [0m<inf> radiant_gate_mpsl: hiend: timer0=490 | lasted=2889us max=3486us | dur=2866us max=3463us short=0 | t0arm=32us stale=492[0m
[00:18:44.554,455] [0m<inf> radiant_gate_mpsl: gate: acq=499 in_grant=490/490 placed=499 granted=494 blocked=4 cancel=0 eagain=22 near=0 long=0 ext=78/2 dead=0 | den pend=1 anch=1 dist=0 degen=0 nosess=0 owed=0 | sent grant=1 dead=0 blk=4 supp=490 | end=494 (norm=494 rel=0 idle=0 late=0) | bad over=0 inval=0 unk=0 inl=4 | len=4888/4888 el=3500 skew=8548 brun=0 sig=7 g=0 hw=0 p=1 rel=0 end=1 boot=0 anchor=1 owes=1[0m
[00:18:45.214,928] [0m<inf> radiant_api: SWEEP set=1 steer=0 dwell=85425/260000 adv=1 sweeps=0 win=1 ok=3 searching=0 carrier=255 | chunks=6 preempt=0 missed=0 ebusy=0 rej=0 | pumps=3272 hk=3271 | scan_us=565200/6 track_us=105544/494 | end ok=0 abrt=2 miss=0 fail=0 deny=6 replan=0[0m
[00:18:45.554,511] [0m<inf> radiant_gate_mpsl: hi: acq=495 den=0 resv=0 pend=495 blk=0 grant=494[0m
[00:18:45.554,528] [0m<inf> radiant_gate_mpsl: seam: grant=496 nostage=0 prog=496/0 | sigrad=991 sigt0=574 isr=991 end=497 dis=0 term=6 | ramp=496/2 state=0 ev=0x13 rxen saved=0x80000014 cont=0x13f a=0x80000014 p=0x80000014 e=0x80000014 inten=0x00000140[0m
[00:18:45.554,536] [0m<inf> radiant_gate_mpsl: sw: n=494 wipe=0 ramp=494 wipe+ramp=0 rx=494 wipe+rx=0 | started=494 early=0/0us last=2635us | open lead=230us max=257us late=0 glen=4888 cc0=2888[0m
[00:18:45.554,571] [0m<inf> radiant_gate_mpsl: hiend: timer0=494 | lasted=2889us max=3486us | dur=2866us max=3463us short=0 | t0arm=32us stale=496[0m
[00:18:45.554,589] [0m<inf> radiant_gate_mpsl: gate: acq=503 in_grant=494/494 placed=503 granted=498 blocked=4 cancel=0 eagain=22 near=0 long=0 ext=78/2 dead=0 | den pend=1 anch=1 dist=0 degen=0 nosess=0 owed=0 | sent grant=1 dead=0 blk=4 supp=494 | end=498 (norm=498 rel=0 idle=0 late=0) | bad over=0 inval=0 unk=0 inl=4 | len=4888/4888 el=3500 skew=8548 brun=0 sig=7 g=0 hw=0 p=1 rel=0 end=1 boot=0 anchor=1 owes=1[0m
[00:18:46.263,853] [0m<inf> radiant_api: SWEEP set=1 steer=0 dwell=85425/260000 adv=1 sweeps=0 win=1 ok=3 searching=0 carrier=255 | chunks=6 preempt=0 missed=0 ebusy=0 rej=0 | pumps=3297 hk=3296 | scan_us=565200/6 track_us=106360/498 | end ok=0 abrt=2 miss=0 fail=0 deny=6 replan=0[0m
[00:18:46.554,674] [0m<inf> radiant_gate_mpsl: hi: acq=499 den=0 resv=0 pend=499 blk=0 grant=498[0m
[00:18:46.554,686] [0m<inf> radiant_gate_mpsl: seam: grant=500 nostage=0 prog=500/0 | sigrad=999 sigt0=578 isr=999 end=501 dis=0 term=6 | ramp=500/2 state=0 ev=0x13 rxen saved=0x80000014 cont=0x13f a=0x80000014 p=0x80000014 e=0x80000014 inten=0x00000140[0m
[00:18:46.554,695] [0m<inf> radiant_gate_mpsl: sw: n=498 wipe=0 ramp=498 wipe+ramp=0 rx=498 wipe+rx=0 | started=498 early=0/0us last=2636us | open lead=230us max=257us late=0 glen=4888 cc0=2888[0m
[00:18:46.554,726] [0m<inf> radiant_gate_mpsl: hiend: timer0=498 | lasted=2889us max=3486us | dur=2865us max=3463us short=0 | t0arm=32us stale=500[0m
[00:18:46.554,747] [0m<inf> radiant_gate_mpsl: gate: acq=507 in_grant=498/498 placed=507 granted=502 blocked=4 cancel=0 eagain=22 near=0 long=0 ext=78/2 dead=0 | den pend=1 anch=1 dist=0 degen=0 nosess=0 owed=0 | sent grant=1 dead=0 blk=4 supp=498 | end=502 (norm=502 rel=0 idle=0 late=0) | bad over=0 inval=0 unk=0 inl=4 | len=4888/4888 el=3500 skew=8548 brun=0 sig=7 g=0 hw=0 p=1 rel=0 end=1 boot=0 anchor=1 owes=1[0m
[00:18:47.312,799] [0m<inf> radiant_api: SWEEP set=1 steer=0 dwell=85425/260000 adv=1 sweeps=0 win=1 ok=3 searching=0 carrier=255 | chunks=6 preempt=0 missed=0 ebusy=0 rej=0 | pumps=3322 hk=3321 | scan_us=565200/6 track_us=107176/502 | end ok=0 abrt=2 miss=0 fail=0 deny=6 replan=0[0m
[00:18:47.554,821] [0m<inf> radiant_gate_mpsl: hi: acq=503 den=0 resv=0 pend=503 blk=0 grant=502[0m
[00:18:47.554,832] [0m<inf> radiant_gate_mpsl: seam: grant=504 nostage=0 prog=504/0 | sigrad=1007 sigt0=582 isr=1007 end=505 dis=0 term=6 | ramp=504/2 state=0 ev=0x13 rxen saved=0x80000014 cont=0x13f a=0x80000014 p=0x80000014 e=0x80000014 inten=0x00000140[0m
[00:18:47.554,841] [0m<inf> radiant_gate_mpsl: sw: n=502 wipe=0 ramp=502 wipe+ramp=0 rx=502 wipe+rx=0 | started=502 early=0/0us last=2635us | open lead=230us max=257us late=0 glen=4888 cc0=2888[0m
[00:18:47.554,876] [0m<inf> radiant_gate_mpsl: hiend: timer0=502 | lasted=2889us max=3486us | dur=2866us max=3463us short=0 | t0arm=32us stale=504[0m
[00:18:47.554,894] [0m<inf> radiant_gate_mpsl: gate: acq=511 in_grant=502/502 placed=511 granted=506 blocked=4 cancel=0 eagain=22 near=0 long=0 ext=78/2 dead=0 | den pend=1 anch=1 dist=0 degen=0 nosess=0 owed=0 | sent grant=1 dead=0 blk=4 supp=502 | end=506 (norm=506 rel=0 idle=0 late=0) | bad over=0 inval=0 unk=0 inl=4 | len=4888/4888 el=3500 skew=8548 brun=0 sig=7 g=0 hw=0 p=1 rel=0 end=1 boot=0 anchor=1 owes=1[0m
[00:18:48.360,663] [0m<inf> radiant_api: SWEEP set=1 steer=0 dwell=85425/260000 adv=1 sweeps=0 win=1 ok=3 searching=0 carrier=255 | chunks=6 preempt=0 missed=0 ebusy=0 rej=0 | pumps=3347 hk=3346 | scan_us=565200/6 track_us=108196/507 | end ok=0 abrt=2 miss=0 fail=0 deny=6 replan=0[0m
[00:18:48.554,980] [0m<inf> radiant_gate_mpsl: hi: acq=507 den=0 resv=0 pend=507 blk=0 grant=506[0m
[00:18:48.554,997] [0m<inf> radiant_gate_mpsl: seam: grant=508 nostage=0 prog=508/0 | sigrad=1015 sigt0=586 isr=1015 end=509 dis=0 term=6 | ramp=508/2 state=0 ev=0x13 rxen saved=0x80000014 cont=0x13f a=0x80000014 p=0x80000014 e=0x80000014 inten=0x00000140[0m
[00:18:48.555,005] [0m<inf> radiant_gate_mpsl: sw: n=506 wipe=0 ramp=506 wipe+ramp=0 rx=506 wipe+rx=0 | started=506 early=0/0us last=2635us | open lead=230us max=257us late=0 glen=4888 cc0=2888[0m
[00:18:48.555,040] [0m<inf> radiant_gate_mpsl: hiend: timer0=506 | lasted=2889us max=3486us | dur=2865us max=3463us short=0 | t0arm=32us stale=508[0m
[00:18:48.555,058] [0m<inf> radiant_gate_mpsl: gate: acq=515 in_grant=506/506 placed=515 granted=510 blocked=4 cancel=0 eagain=22 near=0 long=0 ext=78/2 dead=0 | den pend=1 anch=1 dist=0 degen=0 nosess=0 owed=0 | sent grant=1 dead=0 blk=4 supp=506 | end=510 (norm=510 rel=0 idle=0 late=0) | bad over=0 inval=0 unk=0 inl=4 | len=4888/4888 el=3500 skew=8548 brun=0 sig=7 g=0 hw=0 p=1 rel=0 end=1 boot=0 anchor=1 owes=1[0m
[00:18:48.739,785] [0m<inf> thread_coex: thread load: role=2 sent=1300 failed=0 interval=100ms payload=64B[0m
[00:18:48.739,795] [0m<inf> thread_coex: thread lat us: <64=0 64=0 128=1297 256=3 512=0 1k=0 2k=0 4k=0 8k=0 16k=0 32k=0 64k=0 >=128k=0 max=311[0m
[00:18:48.739,803] [0m<inf> thread_coex: thread mac d: tx=100 retry=0 cca=0 abort=0 busy=0 | tot tx=1307 retry=10 cca=0 abort=0 busy=0[0m
[00:18:49.409,645] [0m<inf> radiant_api: SWEEP set=1 steer=0 dwell=85425/260000 adv=1 sweeps=0 win=1 ok=3 searching=0 carrier=255 | chunks=6 preempt=0 missed=0 ebusy=0 rej=0 | pumps=3373 hk=3372 | scan_us=565200/6 track_us=109012/511 | end ok=0 abrt=2 miss=0 fail=0 deny=6 replan=0[0m
[00:18:49.555,118] [0m<inf> radiant_gate_mpsl: hi: acq=511 den=0 resv=0 pend=511 blk=0 grant=510[0m
[00:18:49.555,132] [0m<inf> radiant_gate_mpsl: seam: grant=512 nostage=0 prog=512/0 | sigrad=1023 sigt0=590 isr=1023 end=513 dis=0 term=6 | ramp=512/2 state=0 ev=0x13 rxen saved=0x80000014 cont=0x13f a=0x80000014 p=0x80000014 e=0x80000014 inten=0x00000140[0m
[00:18:49.555,141] [0m<inf> radiant_gate_mpsl: sw: n=510 wipe=0 ramp=510 wipe+ramp=0 rx=510 wipe+rx=0 | started=510 early=0/0us last=2635us | open lead=230us max=257us late=0 glen=4888 cc0=2888[0m
[00:18:49.555,172] [0m<inf> radiant_gate_mpsl: hiend: timer0=510 | lasted=2889us max=3486us | dur=2865us max=3463us short=0 | t0arm=32us stale=512[0m
[00:18:49.555,191] [0m<inf> radiant_gate_mpsl: gate: acq=519 in_grant=510/510 placed=519 granted=514 blocked=4 cancel=0 eagain=22 near=0 long=0 ext=78/2 dead=0 | den pend=1 anch=1 dist=0 degen=0 nosess=0 owed=0 | sent grant=1 dead=0 blk=4 supp=510 | end=514 (norm=514 rel=0 idle=0 late=0) | bad over=0 inval=0 unk=0 inl=4 | len=4888/4888 el=3500 skew=8548 brun=0 sig=7 g=0 hw=0 p=1 rel=0 end=1 boot=0 anchor=1 owes=1[0m
[00:18:50.458,576] [0m<inf> radiant_api: SWEEP set=1 steer=0 dwell=85425/260000 adv=1 sweeps=0 win=1 ok=3 searching=0 carrier=255 | chunks=6 preempt=0 missed=0 ebusy=0 rej=0 | pumps=3398 hk=3397 | scan_us=565200/6 track_us=109828/515 | end ok=0 abrt=2 miss=0 fail=0 deny=6 replan=0[0m
[00:18:50.555,272] [0m<inf> radiant_gate_mpsl: hi: acq=515 den=0 resv=0 pend=515 blk=0 grant=514[0m
[00:18:50.555,285] [0m<inf> radiant_gate_mpsl: seam: grant=516 nostage=0 prog=516/0 | sigrad=1031 sigt0=594 isr=1031 end=517 dis=0 term=6 | ramp=516/2 state=0 ev=0x13 rxen saved=0x80000014 cont=0x13f a=0x80000014 p=0x80000014 e=0x80000014 inten=0x00000140[0m
[00:18:50.555,293] [0m<inf> radiant_gate_mpsl: sw: n=514 wipe=0 ramp=514 wipe+ramp=0 rx=514 wipe+rx=0 | started=514 early=0/0us last=2635us | open lead=230us max=257us late=0 glen=4888 cc0=2888[0m
[00:18:50.555,328] [0m<inf> radiant_gate_mpsl: hiend: timer0=514 | lasted=2889us max=3486us | dur=2866us max=3463us short=0 | t0arm=32us stale=516[0m
[00:18:50.555,346] [0m<inf> radiant_gate_mpsl: gate: acq=523 in_grant=514/514 placed=523 granted=518 blocked=4 cancel=0 eagain=22 near=0 long=0 ext=78/2 dead=0 | den pend=1 anch=1 dist=0 degen=0 nosess=0 owed=0 | sent grant=1 dead=0 blk=4 supp=514 | end=518 (norm=518 rel=0 idle=0 late=0) | bad over=0 inval=0 unk=0 inl=4 | len=4888/4888 el=3500 skew=8548 brun=0 sig=7 g=0 hw=0 p=1 rel=0 end=1 boot=0 anchor=1 owes=1[0m
[00:18:51.507,650] [0m<inf> radiant_api: SWEEP set=1 steer=0 dwell=85425/260000 adv=1 sweeps=0 win=1 ok=3 searching=0 carrier=255 | chunks=6 preempt=0 missed=0 ebusy=0 rej=0 | pumps=3423 hk=3422 | scan_us=565200/6 track_us=110644/519 | end ok=0 abrt=2 miss=0 fail=0 deny=6 replan=0[0m
[00:18:51.555,391] [0m<inf> radiant_gate_mpsl: hi: acq=519 den=0 resv=0 pend=519 blk=0 grant=518[0m
[00:18:51.555,403] [0m<inf> radiant_gate_mpsl: seam: grant=520 nostage=0 prog=520/0 | sigrad=1039 sigt0=598 isr=1039 end=521 dis=0 term=6 | ramp=520/2 state=0 ev=0x13 rxen saved=0x80000014 cont=0x13f a=0x80000014 p=0x80000014 e=0x80000014 inten=0x00000140[0m
[00:18:51.555,412] [0m<inf> radiant_gate_mpsl: sw: n=518 wipe=0 ramp=518 wipe+ramp=0 rx=518 wipe+rx=0 | started=518 early=0/0us last=2635us | open lead=230us max=257us late=0 glen=4888 cc0=2888[0m
[00:18:51.555,443] [0m<inf> radiant_gate_mpsl: hiend: timer0=518 | lasted=2889us max=3486us | dur=2866us max=3463us short=0 | t0arm=32us stale=520[0m
[00:18:51.555,462] [0m<inf> radiant_gate_mpsl: gate: acq=527 in_grant=518/518 placed=527 granted=522 blocked=4 cancel=0 eagain=22 near=0 long=0 ext=78/2 dead=0 | den pend=1 anch=1 dist=0 degen=0 nosess=0 owed=0 | sent grant=1 dead=0 blk=4 supp=518 | end=522 (norm=522 rel=0 idle=0 late=0) | bad over=0 inval=0 unk=0 inl=4 | len=4888/4888 el=3500 skew=8548 brun=0 sig=7 g=0 hw=0 p=1 rel=0 end=1 boot=0 anchor=1 owes=1[0m
[00:18:52.555,669] [0m<inf> radiant_gate_mpsl: hi: acq=523 den=0 resv=0 pend=523 blk=0 grant=522[0m
[00:18:52.555,686] [0m<inf> radiant_gate_mpsl: seam: grant=524 nostage=0 prog=524/0 | sigrad=1047 sigt0=602 isr=1047 end=525 dis=0 term=6 | ramp=524/2 state=0 ev=0x13 rxen saved=0x80000014 cont=0x13f a=0x80000014 p=0x80000014 e=0x80000014 inten=0x00000140[0m
[00:18:52.555,695] [0m<inf> radiant_gate_mpsl: sw: n=522 wipe=0 ramp=522 wipe+ramp=0 rx=522 wipe+rx=0 | started=522 early=0/0us last=2635us | open lead=230us max=257us late=0 glen=4888 cc0=2888[0m
[00:18:52.555,730] [0m<inf> radiant_gate_mpsl: hiend: timer0=522 | lasted=2889us max=3486us | dur=2865us max=3463us short=0 | t0arm=32us stale=524[0m
[00:18:52.555,748] [0m<inf> radiant_gate_mpsl: gate: acq=531 in_grant=522/522 placed=531 granted=526 blocked=4 cancel=0 eagain=22 near=0 long=0 ext=78/2 dead=0 | den pend=1 anch=1 dist=0 degen=0 nosess=0 owed=0 | sent grant=1 dead=0 blk=4 supp=522 | end=526 (norm=526 rel=0 idle=0 late=0) | bad over=0 inval=0 unk=0 inl=4 | len=4888/4888 el=3500 skew=8548 brun=0 sig=7 g=0 hw=0 p=1 rel=0 end=1 boot=0 anchor=1 owes=1[0m
[00:18:52.556,584] [0m<inf> radiant_api: SWEEP set=1 steer=0 dwell=85425/260000 adv=1 sweeps=0 win=1 ok=3 searching=0 carrier=255 | chunks=6 preempt=0 missed=0 ebusy=0 rej=0 | pumps=3448 hk=3447 | scan_us=565200/6 track_us=111460/523 | end ok=0 abrt=2 miss=0 fail=0 deny=6 replan=0[0m
[00:18:53.555,836] [0m<inf> radiant_gate_mpsl: hi: acq=527 den=0 resv=0 pend=527 blk=0 grant=526[0m
[00:18:53.555,847] [0m<inf> radiant_gate_mpsl: seam: grant=528 nostage=0 prog=528/0 | sigrad=1055 sigt0=606 isr=1055 end=529 dis=0 term=6 | ramp=528/2 state=0 ev=0x13 rxen saved=0x80000014 cont=0x13f a=0x80000014 p=0x80000014 e=0x80000014 inten=0x00000140[0m
[00:18:53.555,856] [0m<inf> radiant_gate_mpsl: sw: n=526 wipe=0 ramp=526 wipe+ramp=0 rx=526 wipe+rx=0 | started=526 early=0/0us last=2635us | open lead=230us max=257us late=0 glen=4888 cc0=2888[0m
[00:18:53.555,887] [0m<inf> radiant_gate_mpsl: hiend: timer0=526 | lasted=2890us max=3486us | dur=2865us max=3463us short=0 | t0arm=32us stale=528[0m
[00:18:53.555,909] [0m<inf> radiant_gate_mpsl: gate: acq=535 in_grant=526/526 placed=535 granted=530 blocked=4 cancel=0 eagain=23 near=0 long=0 ext=78/2 dead=0 | den pend=1 anch=1 dist=0 degen=0 nosess=0 owed=0 | sent grant=1 dead=0 blk=4 supp=526 | end=530 (norm=530 rel=0 idle=0 late=0) | bad over=0 inval=0 unk=0 inl=4 | len=4888/4888 el=3500 skew=8548 brun=0 sig=7 g=0 hw=0 p=1 rel=0 end=1 boot=0 anchor=1 owes=1[0m
[00:18:53.604,293] [0m<inf> radiant_api: SWEEP set=1 steer=0 dwell=85425/260000 adv=1 sweeps=0 win=1 ok=3 searching=0 carrier=255 | chunks=6 preempt=0 missed=0 ebusy=0 rej=0 | pumps=3473 hk=3472 | scan_us=565200/6 track_us=112480/528 | end ok=0 abrt=2 miss=0 fail=0 deny=6 replan=0[0m
[00:18:54.555,996] [0m<inf> radiant_gate_mpsl: hi: acq=531 den=0 resv=0 pend=531 blk=0 grant=530[0m
[00:18:54.556,013] [0m<inf> radiant_gate_mpsl: seam: grant=532 nostage=0 prog=532/0 | sigrad=1063 sigt0=610 isr=1063 end=533 dis=0 term=6 | ramp=532/2 state=0 ev=0x13 rxen saved=0x80000014 cont=0x13f a=0x80000014 p=0x80000014 e=0x80000014 inten=0x00000140[0m
[00:18:54.556,022] [0m<inf> radiant_gate_mpsl: sw: n=530 wipe=0 ramp=530 wipe+ramp=0 rx=530 wipe+rx=0 | started=530 early=0/0us last=2635us | open lead=231us max=257us late=0 glen=4888 cc0=2888[0m
[00:18:54.556,056] [0m<inf> radiant_gate_mpsl: hiend: timer0=530 | lasted=2889us max=3486us | dur=2867us max=3463us short=0 | t0arm=31us stale=532[0m
[00:18:54.556,075] [0m<inf> radiant_gate_mpsl: gate: acq=539 in_grant=530/530 placed=539 granted=534 blocked=4 cancel=0 eagain=25 near=0 long=0 ext=78/2 dead=0 | den pend=1 anch=1 dist=0 degen=0 nosess=0 owed=0 | sent grant=1 dead=0 blk=4 supp=530 | end=534 (norm=534 rel=0 idle=0 late=0) | bad over=0 inval=0 unk=0 inl=4 | len=4888/4888 el=3500 skew=8548 brun=0 sig=7 g=0 hw=0 p=1 rel=0 end=1 boot=0 anchor=1 owes=1[0m
[00:18:54.653,276] [0m<inf> radiant_api: SWEEP set=1 steer=0 dwell=85425/260000 adv=1 sweeps=0 win=1 ok=3 searching=0 carrier=255 | chunks=6 preempt=0 missed=0 ebusy=0 rej=0 | pumps=3499 hk=3498 | scan_us=565200/6 track_us=113296/532 | end ok=0 abrt=2 miss=0 fail=0 deny=6 replan=0[0m
[00:18:55.556,272] [0m<inf> radiant_gate_mpsl: hi: acq=535 den=0 resv=0 pend=535 blk=0 grant=534[0m
[00:18:55.556,294] [0m<inf> radiant_gate_mpsl: seam: grant=536 nostage=0 prog=536/0 | sigrad=1071 sigt0=614 isr=1071 end=537 dis=0 term=6 | ramp=536/2 state=0 ev=0x13 rxen saved=0x80000014 cont=0x13f a=0x80000014 p=0x80000014 e=0x80000014 inten=0x00000140[0m
[00:18:55.556,304] [0m<inf> radiant_gate_mpsl: sw: n=534 wipe=0 ramp=534 wipe+ramp=0 rx=534 wipe+rx=0 | started=534 early=0/0us last=2634us | open lead=232us max=257us late=0 glen=4888 cc0=2888[0m
[00:18:55.556,338] [0m<inf> radiant_gate_mpsl: hiend: timer0=534 | lasted=2889us max=3486us | dur=2866us max=3463us short=0 | t0arm=31us stale=536[0m
[00:18:55.556,359] [0m<inf> radiant_gate_mpsl: gate: acq=543 in_grant=534/534 placed=543 granted=538 blocked=4 cancel=0 eagain=25 near=0 long=0 ext=78/2 dead=0 | den pend=1 anch=1 dist=0 degen=0 nosess=0 owed=0 | sent grant=1 dead=0 blk=4 supp=534 | end=538 (norm=538 rel=0 idle=0 late=0) | bad over=0 inval=0 unk=0 inl=4 | len=4888/4888 el=3500 skew=8548 brun=0 sig=7 g=0 hw=0 p=1 rel=0 end=1 boot=0 anchor=1 owes=1[0m
[00:18:55.702,165] [0m<inf> radiant_api: SWEEP set=1 steer=0 dwell=85425/260000 adv=1 sweeps=0 win=1 ok=3 searching=0 carrier=255 | chunks=6 preempt=0 missed=0 ebusy=0 rej=0 | pumps=3524 hk=3523 | scan_us=565200/6 track_us=114112/536 | end ok=0 abrt=2 miss=0 fail=0 deny=6 replan=0[0m
[00:18:56.556,448] [0m<inf> radiant_gate_mpsl: hi: acq=539 den=0 resv=0 pend=539 blk=0 grant=538[0m
[00:18:56.556,464] [0m<inf> radiant_gate_mpsl: seam: grant=540 nostage=0 prog=540/0 | sigrad=1079 sigt0=618 isr=1079 end=541 dis=0 term=6 | ramp=540/2 state=0 ev=0x13 rxen saved=0x80000014 cont=0x13f a=0x80000014 p=0x80000014 e=0x80000014 inten=0x00000140[0m
[00:18:56.556,473] [0m<inf> radiant_gate_mpsl: sw: n=538 wipe=0 ramp=538 wipe+ramp=0 rx=538 wipe+rx=0 | started=538 early=0/0us last=2635us | open lead=231us max=257us late=0 glen=4888 cc0=2888[0m
[00:18:56.556,518] [0m<inf> radiant_gate_mpsl: hiend: timer0=538 | lasted=2889us max=3486us | dur=2866us max=3463us short=0 | t0arm=31us stale=540[0m
[00:18:56.556,537] [0m<inf> radiant_gate_mpsl: gate: acq=547 in_grant=538/538 placed=547 granted=542 blocked=4 cancel=0 eagain=25 near=0 long=0 ext=78/2 dead=0 | den pend=1 anch=1 dist=0 degen=0 nosess=0 owed=0 | sent grant=1 dead=0 blk=4 supp=538 | end=542 (norm=542 rel=0 idle=0 late=0) | bad over=0 inval=0 unk=0 inl=4 | len=4888/4888 el=3500 skew=8548 brun=0 sig=7 g=0 hw=0 p=1 rel=0 end=1 boot=0 anchor=1 owes=1[0m
[00:18:56.751,137] [0m<inf> radiant_api: SWEEP set=1 steer=0 dwell=85425/260000 adv=1 sweeps=0 win=1 ok=3 searching=0 carrier=255 | chunks=6 preempt=0 missed=0 ebusy=0 rej=0 | pumps=3549 hk=3548 | scan_us=565200/6 track_us=114928/540 | end ok=0 abrt=2 miss=0 fail=0 deny=6 replan=0[0m
[00:18:57.556,598] [0m<inf> radiant_gate_mpsl: hi: acq=543 den=0 resv=0 pend=543 blk=0 grant=542[0m
[00:18:57.556,609] [0m<inf> radiant_gate_mpsl: seam: grant=544 nostage=0 prog=544/0 | sigrad=1087 sigt0=622 isr=1087 end=545 dis=0 term=6 | ramp=544/2 state=0 ev=0x13 rxen saved=0x80000014 cont=0x13f a=0x80000014 p=0x80000014 e=0x80000014 inten=0x00000140[0m
[00:18:57.556,618] [0m<inf> radiant_gate_mpsl: sw: n=542 wipe=0 ramp=542 wipe+ramp=0 rx=542 wipe+rx=0 | started=542 early=0/0us last=2635us | open lead=232us max=257us late=0 glen=4888 cc0=2888[0m
[00:18:57.556,650] [0m<inf> radiant_gate_mpsl: hiend: timer0=542 | lasted=2889us max=3486us | dur=2866us max=3463us short=0 | t0arm=31us stale=544[0m
[00:18:57.556,681] [0m<inf> radiant_gate_mpsl: gate: acq=551 in_grant=542/542 placed=551 granted=546 blocked=4 cancel=0 eagain=25 near=0 long=0 ext=78/2 dead=0 | den pend=1 anch=1 dist=0 degen=0 nosess=0 owed=0 | sent grant=1 dead=0 blk=4 supp=542 | end=546 (norm=546 rel=0 idle=0 late=0) | bad over=0 inval=0 unk=0 inl=4 | len=4888/4888 el=3500 skew=8548 brun=0 sig=7 g=0 hw=0 p=1 rel=0 end=1 boot=0 anchor=1 owes=1[0m
[00:18:57.800,023] [0m<inf> radiant_api: SWEEP set=1 steer=0 dwell=85425/260000 adv=1 sweeps=0 win=1 ok=3 searching=0 carrier=255 | chunks=6 preempt=0 missed=0 ebusy=0 rej=0 | pumps=3574 hk=3573 | scan_us=565200/6 track_us=115744/544 | end ok=0 abrt=2 miss=0 fail=0 deny=6 replan=0[0m
[00:18:58.556,773] [0m<inf> radiant_gate_mpsl: hi: acq=547 den=0 resv=0 pend=547 blk=0 grant=546[0m
[00:18:58.556,784] [0m<inf> radiant_gate_mpsl: seam: grant=548 nostage=0 prog=548/0 | sigrad=1095 sigt0=626 isr=1095 end=549 dis=0 term=6 | ramp=548/2 state=0 ev=0x13 rxen saved=0x80000014 cont=0x13f a=0x80000014 p=0x80000014 e=0x80000014 inten=0x00000140[0m
[00:18:58.556,793] [0m<inf> radiant_gate_mpsl: sw: n=546 wipe=0 ramp=546 wipe+ramp=0 rx=546 wipe+rx=0 | started=546 early=0/0us last=2635us | open lead=231us max=257us late=0 glen=4888 cc0=2888[0m
[00:18:58.556,837] [0m<inf> radiant_gate_mpsl: hiend: timer0=546 | lasted=2890us max=3486us | dur=2867us max=3463us short=0 | t0arm=31us stale=548[0m
[00:18:58.556,855] [0m<inf> radiant_gate_mpsl: gate: acq=555 in_grant=546/546 placed=555 granted=550 blocked=4 cancel=0 eagain=25 near=0 long=0 ext=78/2 dead=0 | den pend=1 anch=1 dist=0 degen=0 nosess=0 owed=0 | sent grant=1 dead=0 blk=4 supp=546 | end=550 (norm=550 rel=0 idle=0 late=0) | bad over=0 inval=0 unk=0 inl=4 | len=4888/4888 el=3500 skew=8548 brun=0 sig=7 g=0 hw=0 p=1 rel=0 end=1 boot=0 anchor=1 owes=1[0m
[00:18:58.763,059] [0m<inf> thread_coex: thread load: role=2 sent=1400 failed=0 interval=100ms payload=64B[0m
[00:18:58.763,069] [0m<inf> thread_coex: thread lat us: <64=0 64=0 128=1397 256=3 512=0 1k=0 2k=0 4k=0 8k=0 16k=0 32k=0 64k=0 >=128k=0 max=311[0m
[00:18:58.763,077] [0m<inf> thread_coex: thread mac d: tx=100 retry=4 cca=0 abort=0 busy=0 | tot tx=1407 retry=14 cca=0 abort=0 busy=0[0m
[00:18:58.847,911] [0m<inf> radiant_api: SWEEP set=1 steer=0 dwell=85425/260000 adv=1 sweeps=0 win=1 ok=3 searching=0 carrier=255 | chunks=6 preempt=0 missed=0 ebusy=0 rej=0 | pumps=3599 hk=3598 | scan_us=565200/6 track_us=116764/549 | end ok=0 abrt=2 miss=0 fail=0 deny=6 replan=0[0m
[00:18:59.556,936] [0m<inf> radiant_gate_mpsl: hi: acq=551 den=0 resv=0 pend=551 blk=0 grant=550[0m
[00:18:59.556,952] [0m<inf> radiant_gate_mpsl: seam: grant=552 nostage=0 prog=552/0 | sigrad=1103 sigt0=630 isr=1103 end=553 dis=0 term=6 | ramp=552/2 state=0 ev=0x13 rxen saved=0x80000014 cont=0x13f a=0x80000014 p=0x80000014 e=0x80000014 inten=0x00000140[0m
[00:18:59.556,961] [0m<inf> radiant_gate_mpsl: sw: n=550 wipe=0 ramp=550 wipe+ramp=0 rx=550 wipe+rx=0 | started=550 early=0/0us last=2634us | open lead=232us max=257us late=0 glen=4888 cc0=2888[0m
[00:18:59.557,004] [0m<inf> radiant_gate_mpsl: hiend: timer0=550 | lasted=2890us max=3486us | dur=2867us max=3463us short=0 | t0arm=31us stale=552[0m
[00:18:59.557,023] [0m<inf> radiant_gate_mpsl: gate: acq=559 in_grant=550/550 placed=559 granted=554 blocked=4 cancel=0 eagain=25 near=0 long=0 ext=78/2 dead=0 | den pend=1 anch=1 dist=0 degen=0 nosess=0 owed=0 | sent grant=1 dead=0 blk=4 supp=550 | end=554 (norm=554 rel=0 idle=0 late=0) | bad over=0 inval=0 unk=0 inl=4 | len=4888/4888 el=3500 skew=8548 brun=0 sig=7 g=0 hw=0 p=1 rel=0 end=1 boot=0 anchor=1 owes=1[0m
[00:18:59.896,891] [0m<inf> radiant_api: SWEEP set=1 steer=0 dwell=85425/260000 adv=1 sweeps=0 win=1 ok=3 searching=0 carrier=255 | chunks=6 preempt=0 missed=0 ebusy=0 rej=0 | pumps=3625 hk=3624 | scan_us=565200/6 track_us=117580/553 | end ok=0 abrt=2 miss=0 fail=0 deny=6 replan=0[0m
[00:19:00.557,086] [0m<inf> radiant_gate_mpsl: hi: acq=555 den=0 resv=0 pend=555 blk=0 grant=554[0m
[00:19:00.557,097] [0m<inf> radiant_gate_mpsl: seam: grant=556 nostage=0 prog=556/0 | sigrad=1111 sigt0=634 isr=1111 end=557 dis=0 term=6 | ramp=556/2 state=0 ev=0x13 rxen saved=0x80000014 cont=0x13f a=0x80000014 p=0x80000014 e=0x80000014 inten=0x00000140[0m
[00:19:00.557,106] [0m<inf> radiant_gate_mpsl: sw: n=554 wipe=0 ramp=554 wipe+ramp=0 rx=554 wipe+rx=0 | started=554 early=0/0us last=2635us | open lead=231us max=257us late=0 glen=4888 cc0=2888[0m
[00:19:00.557,147] [0m<inf> radiant_gate_mpsl: hiend: timer0=554 | lasted=2889us max=3486us | dur=2866us max=3463us short=0 | t0arm=31us stale=556[0m
[00:19:00.557,168] [0m<inf> radiant_gate_mpsl: gate: acq=563 in_grant=554/554 placed=563 granted=558 blocked=4 cancel=0 eagain=25 near=0 long=0 ext=78/2 dead=0 | den pend=1 anch=1 dist=0 degen=0 nosess=0 owed=0 | sent grant=1 dead=0 blk=4 supp=554 | end=558 (norm=558 rel=0 idle=0 late=0) | bad over=0 inval=0 unk=0 inl=4 | len=4888/4888 el=3500 skew=8548 brun=0 sig=7 g=0 hw=0 p=1 rel=0 end=1 boot=0 anchor=1 owes=1[0m
[00:19:00.945,863] [0m<inf> radiant_api: SWEEP set=1 steer=0 dwell=85425/260000 adv=1 sweeps=0 win=1 ok=3 searching=0 carrier=255 | chunks=6 preempt=0 missed=0 ebusy=0 rej=0 | pumps=3650 hk=3649 | scan_us=565200/6 track_us=118396/557 | end ok=0 abrt=2 miss=0 fail=0 deny=6 replan=0[0m
[00:19:01.557,230] [0m<inf> radiant_gate_mpsl: hi: acq=559 den=0 resv=0 pend=559 blk=0 grant=558[0m
[00:19:01.557,241] [0m<inf> radiant_gate_mpsl: seam: grant=560 nostage=0 prog=560/0 | sigrad=1119 sigt0=638 isr=1119 end=561 dis=0 term=6 | ramp=560/2 state=0 ev=0x13 rxen saved=0x80000014 cont=0x13f a=0x80000014 p=0x80000014 e=0x80000014 inten=0x00000140[0m
[00:19:01.557,250] [0m<inf> radiant_gate_mpsl: sw: n=558 wipe=0 ramp=558 wipe+ramp=0 rx=558 wipe+rx=0 | started=558 early=0/0us last=2636us | open lead=230us max=257us late=0 glen=4888 cc0=2888[0m
[00:19:01.557,294] [0m<inf> radiant_gate_mpsl: hiend: timer0=558 | lasted=2890us max=3486us | dur=2867us max=3463us short=0 | t0arm=31us stale=560[0m
[00:19:01.557,312] [0m<inf> radiant_gate_mpsl: gate: acq=567 in_grant=558/558 placed=567 granted=562 blocked=4 cancel=0 eagain=25 near=0 long=0 ext=78/2 dead=0 | den pend=1 anch=1 dist=0 degen=0 nosess=0 owed=0 | sent grant=1 dead=0 blk=4 supp=558 | end=562 (norm=562 rel=0 idle=0 late=0) | bad over=0 inval=0 unk=0 inl=4 | len=4888/4888 el=3500 skew=8548 brun=0 sig=7 g=0 hw=0 p=1 rel=0 end=1 boot=0 anchor=1 owes=1[0m
[00:19:01.994,728] [0m<inf> radiant_api: SWEEP set=1 steer=0 dwell=85425/260000 adv=1 sweeps=0 win=1 ok=3 searching=0 carrier=255 | chunks=6 preempt=0 missed=0 ebusy=0 rej=0 | pumps=3675 hk=3674 | scan_us=565200/6 track_us=119212/561 | end ok=0 abrt=2 miss=0 fail=0 deny=6 replan=0[0m
[00:19:02.557,397] [0m<inf> radiant_gate_mpsl: hi: acq=563 den=0 resv=0 pend=563 blk=0 grant=562[0m
[00:19:02.557,413] [0m<inf> radiant_gate_mpsl: seam: grant=564 nostage=0 prog=564/0 | sigrad=1127 sigt0=642 isr=1127 end=565 dis=0 term=6 | ramp=564/2 state=0 ev=0x13 rxen saved=0x80000014 cont=0x13f a=0x80000014 p=0x80000014 e=0x80000014 inten=0x00000140[0m
[00:19:02.557,424] [0m<inf> radiant_gate_mpsl: sw: n=562 wipe=0 ramp=562 wipe+ramp=0 rx=562 wipe+rx=0 | started=562 early=0/0us last=2635us | open lead=231us max=257us late=0 glen=4888 cc0=2888[0m
[00:19:02.557,458] [0m<inf> radiant_gate_mpsl: hiend: timer0=562 | lasted=2889us max=3486us | dur=2866us max=3463us short=0 | t0arm=31us stale=564[0m
[00:19:02.557,476] [0m<inf> radiant_gate_mpsl: gate: acq=571 in_grant=562/562 placed=571 granted=566 blocked=4 cancel=0 eagain=25 near=0 long=0 ext=78/2 dead=0 | den pend=1 anch=1 dist=0 degen=0 nosess=0 owed=0 | sent grant=1 dead=0 blk=4 supp=562 | end=566 (norm=566 rel=0 idle=0 late=0) | bad over=0 inval=0 unk=0 inl=4 | len=4888/4888 el=3500 skew=8548 brun=0 sig=7 g=0 hw=0 p=1 rel=0 end=1 boot=0 anchor=1 owes=1[0m
[00:19:03.043,690] [0m<inf> radiant_api: SWEEP set=1 steer=0 dwell=85425/260000 adv=1 sweeps=0 win=1 ok=3 searching=0 carrier=255 | chunks=6 preempt=0 missed=0 ebusy=0 rej=0 | pumps=3700 hk=3699 | scan_us=565200/6 track_us=120028/565 | end ok=0 abrt=2 miss=0 fail=0 deny=6 replan=0[0m
[00:19:03.557,542] [0m<inf> radiant_gate_mpsl: hi: acq=567 den=0 resv=0 pend=567 blk=0 grant=566[0m
[00:19:03.557,553] [0m<inf> radiant_gate_mpsl: seam: grant=568 nostage=0 prog=568/0 | sigrad=1135 sigt0=646 isr=1135 end=569 dis=0 term=6 | ramp=568/2 state=0 ev=0x13 rxen saved=0x80000014 cont=0x13f a=0x80000014 p=0x80000014 e=0x80000014 inten=0x00000140[0m
[00:19:03.557,562] [0m<inf> radiant_gate_mpsl: sw: n=566 wipe=0 ramp=566 wipe+ramp=0 rx=566 wipe+rx=0 | started=566 early=0/0us last=2635us | open lead=231us max=257us late=0 glen=4888 cc0=2888[0m
[00:19:03.557,603] [0m<inf> radiant_gate_mpsl: hiend: timer0=566 | lasted=2889us max=3486us | dur=2866us max=3463us short=0 | t0arm=31us stale=568[0m
[00:19:03.557,624] [0m<inf> radiant_gate_mpsl: gate: acq=575 in_grant=566/566 placed=575 granted=570 blocked=4 cancel=0 eagain=25 near=0 long=0 ext=78/2 dead=0 | den pend=1 anch=1 dist=0 degen=0 nosess=0 owed=0 | sent grant=1 dead=0 blk=4 supp=566 | end=570 (norm=570 rel=0 idle=0 late=0) | bad over=0 inval=0 unk=0 inl=4 | len=4888/4888 el=3500 skew=8548 brun=0 sig=7 g=0 hw=0 p=1 rel=0 end=1 boot=0 anchor=1 owes=1[0m
[00:19:04.091,551] [0m<inf> radiant_api: SWEEP set=1 steer=0 dwell=85425/260000 adv=1 sweeps=0 win=1 ok=3 searching=0 carrier=255 | chunks=6 preempt=0 missed=0 ebusy=0 rej=0 | pumps=3725 hk=3724 | scan_us=565200/6 track_us=121048/570 | end ok=0 abrt=2 miss=0 fail=0 deny=6 replan=0[0m
[00:19:04.557,685] [0m<inf> radiant_gate_mpsl: hi: acq=571 den=0 resv=0 pend=571 blk=0 grant=570[0m
[00:19:04.557,696] [0m<inf> radiant_gate_mpsl: seam: grant=572 nostage=0 prog=572/0 | sigrad=1143 sigt0=650 isr=1143 end=573 dis=0 term=6 | ramp=572/2 state=0 ev=0x13 rxen saved=0x80000014 cont=0x13f a=0x80000014 p=0x80000014 e=0x80000014 inten=0x00000140[0m
[00:19:04.557,705] [0m<inf> radiant_gate_mpsl: sw: n=570 wipe=0 ramp=570 wipe+ramp=0 rx=570 wipe+rx=0 | started=570 early=0/0us last=2635us | open lead=231us max=257us late=0 glen=4888 cc0=2888[0m
[00:19:04.557,749] [0m<inf> radiant_gate_mpsl: hiend: timer0=570 | lasted=2889us max=3486us | dur=2867us max=3463us short=0 | t0arm=31us stale=572[0m
[00:19:04.557,768] [0m<inf> radiant_gate_mpsl: gate: acq=579 in_grant=570/570 placed=579 granted=574 blocked=4 cancel=0 eagain=25 near=0 long=0 ext=78/2 dead=0 | den pend=1 anch=1 dist=0 degen=0 nosess=0 owed=0 | sent grant=1 dead=0 blk=4 supp=570 | end=574 (norm=574 rel=0 idle=0 late=0) | bad over=0 inval=0 unk=0 inl=4 | len=4888/4888 el=3500 skew=8548 brun=0 sig=7 g=0 hw=0 p=1 rel=0 end=1 boot=0 anchor=1 owes=1[0m
[00:19:05.140,517] [0m<inf> radiant_api: SWEEP set=1 steer=0 dwell=85425/260000 adv=1 sweeps=0 win=1 ok=3 searching=0 carrier=255 | chunks=6 preempt=0 missed=0 ebusy=0 rej=0 | pumps=3751 hk=3750 | scan_us=565200/6 track_us=121864/574 | end ok=0 abrt=2 miss=0 fail=0 deny=6 replan=0[0m
[00:19:05.557,847] [0m<inf> radiant_gate_mpsl: hi: acq=575 den=0 resv=0 pend=575 blk=0 grant=574[0m
[00:19:05.557,863] [0m<inf> radiant_gate_mpsl: seam: grant=576 nostage=0 prog=576/0 | sigrad=1151 sigt0=654 isr=1151 end=577 dis=0 term=6 | ramp=576/2 state=0 ev=0x13 rxen saved=0x80000014 cont=0x13f a=0x80000014 p=0x80000014 e=0x80000014 inten=0x00000140[0m
[00:19:05.557,880] [0m<inf> radiant_gate_mpsl: sw: n=574 wipe=0 ramp=574 wipe+ramp=0 rx=574 wipe+rx=0 | started=574 early=0/0us last=2635us | open lead=232us max=257us late=0 glen=4888 cc0=2888[0m
[00:19:05.557,915] [0m<inf> radiant_gate_mpsl: hiend: timer0=574 | lasted=2889us max=3486us | dur=2866us max=3463us short=0 | t0arm=31us stale=576[0m
[00:19:05.557,933] [0m<inf> radiant_gate_mpsl: gate: acq=583 in_grant=574/574 placed=583 granted=578 blocked=4 cancel=0 eagain=25 near=0 long=0 ext=78/2 dead=0 | den pend=1 anch=1 dist=0 degen=0 nosess=0 owed=0 | sent grant=1 dead=0 blk=4 supp=574 | end=578 (norm=578 rel=0 idle=0 late=0) | bad over=0 inval=0 unk=0 inl=4 | len=4888/4888 el=3500 skew=8548 brun=0 sig=7 g=0 hw=0 p=1 rel=0 end=1 boot=0 anchor=1 owes=1[0m
[00:19:06.189,584] [0m<inf> radiant_api: SWEEP set=1 steer=0 dwell=85425/260000 adv=1 sweeps=0 win=1 ok=3 searching=0 carrier=255 | chunks=6 preempt=0 missed=0 ebusy=0 rej=0 | pumps=3776 hk=3775 | scan_us=565200/6 track_us=122680/578 | end ok=0 abrt=2 miss=0 fail=0 deny=6 replan=0[0m
[00:19:06.557,998] [0m<inf> radiant_gate_mpsl: hi: acq=579 den=0 resv=0 pend=579 blk=0 grant=578[0m
[00:19:06.558,009] [0m<inf> radiant_gate_mpsl: seam: grant=580 nostage=0 prog=580/0 | sigrad=1159 sigt0=658 isr=1159 end=581 dis=0 term=6 | ramp=580/2 state=0 ev=0x13 rxen saved=0x80000014 cont=0x13f a=0x80000014 p=0x80000014 e=0x80000014 inten=0x00000140[0m
[00:19:06.558,018] [0m<inf> radiant_gate_mpsl: sw: n=578 wipe=0 ramp=578 wipe+ramp=0 rx=578 wipe+rx=0 | started=578 early=0/0us last=2635us | open lead=231us max=257us late=0 glen=4888 cc0=2888[0m
[00:19:06.558,050] [0m<inf> radiant_gate_mpsl: hiend: timer0=578 | lasted=2890us max=3486us | dur=2867us max=3463us short=0 | t0arm=31us stale=580[0m
[00:19:06.558,081] [0m<inf> radiant_gate_mpsl: gate: acq=587 in_grant=578/578 placed=587 granted=582 blocked=4 cancel=0 eagain=25 near=0 long=0 ext=78/2 dead=0 | den pend=1 anch=1 dist=0 degen=0 nosess=0 owed=0 | sent grant=1 dead=0 blk=4 supp=578 | end=582 (norm=582 rel=0 idle=0 late=0) | bad over=0 inval=0 unk=0 inl=4 | len=4888/4888 el=3500 skew=8548 brun=0 sig=7 g=0 hw=0 p=1 rel=0 end=1 boot=0 anchor=1 owes=1[0m
[00:19:07.238,511] [0m<inf> radiant_api: SWEEP set=1 steer=0 dwell=85425/260000 adv=1 sweeps=0 win=1 ok=3 searching=0 carrier=255 | chunks=6 preempt=0 missed=0 ebusy=0 rej=0 | pumps=3801 hk=3800 | scan_us=565200/6 track_us=123496/582 | end ok=0 abrt=2 miss=0 fail=0 deny=6 replan=0[0m
[00:19:07.558,160] [0m<inf> radiant_gate_mpsl: hi: acq=583 den=0 resv=0 pend=583 blk=0 grant=582[0m
[00:19:07.558,171] [0m<inf> radiant_gate_mpsl: seam: grant=584 nostage=0 prog=584/0 | sigrad=1167 sigt0=662 isr=1167 end=585 dis=0 term=6 | ramp=584/2 state=0 ev=0x13 rxen saved=0x80000014 cont=0x13f a=0x80000014 p=0x80000014 e=0x80000014 inten=0x00000140[0m
[00:19:07.558,180] [0m<inf> radiant_gate_mpsl: sw: n=582 wipe=0 ramp=582 wipe+ramp=0 rx=582 wipe+rx=0 | started=582 early=0/0us last=2635us | open lead=230us max=257us late=0 glen=4888 cc0=2888[0m
[00:19:07.558,223] [0m<inf> radiant_gate_mpsl: hiend: timer0=582 | lasted=2889us max=3486us | dur=2865us max=3463us short=0 | t0arm=32us stale=584[0m
[00:19:07.558,241] [0m<inf> radiant_gate_mpsl: gate: acq=591 in_grant=582/582 placed=591 granted=586 blocked=4 cancel=0 eagain=25 near=0 long=0 ext=78/2 dead=0 | den pend=1 anch=1 dist=0 degen=0 nosess=0 owed=0 | sent grant=1 dead=0 blk=4 supp=582 | end=586 (norm=586 rel=0 idle=0 late=0) | bad over=0 inval=0 unk=0 inl=4 | len=4888/4888 el=3500 skew=8548 brun=0 sig=7 g=0 hw=0 p=1 rel=0 end=1 boot=0 anchor=1 owes=1[0m
[00:19:08.285,860] [0m<inf> radiant_api: SWEEP set=1 steer=0 dwell=85425/260000 adv=1 sweeps=0 win=1 ok=3 searching=0 carrier=255 | chunks=6 preempt=0 missed=0 ebusy=0 rej=0 | pumps=3826 hk=3825 | scan_us=565200/6 track_us=124312/586 | end ok=0 abrt=2 miss=0 fail=0 deny=6 replan=0[0m
[00:19:08.558,337] [0m<inf> radiant_gate_mpsl: hi: acq=587 den=0 resv=0 pend=587 blk=0 grant=586[0m
[00:19:08.558,353] [0m<inf> radiant_gate_mpsl: seam: grant=588 nostage=0 prog=588/0 | sigrad=1175 sigt0=666 isr=1175 end=589 dis=0 term=6 | ramp=588/2 state=0 ev=0x13 rxen saved=0x80000014 cont=0x13f a=0x80000014 p=0x80000014 e=0x80000014 inten=0x00000140[0m
[00:19:08.558,369] [0m<inf> radiant_gate_mpsl: sw: n=586 wipe=0 ramp=586 wipe+ramp=0 rx=586 wipe+rx=0 | started=586 early=0/0us last=2635us | open lead=230us max=257us late=0 glen=4888 cc0=2888[0m
[00:19:08.558,406] [0m<inf> radiant_gate_mpsl: hiend: timer0=586 | lasted=2889us max=3486us | dur=2866us max=3463us short=0 | t0arm=31us stale=588[0m
[00:19:08.558,425] [0m<inf> radiant_gate_mpsl: gate: acq=595 in_grant=586/586 placed=595 granted=590 blocked=4 cancel=0 eagain=26 near=0 long=0 ext=78/2 dead=0 | den pend=1 anch=1 dist=0 degen=0 nosess=0 owed=0 | sent grant=1 dead=0 blk=4 supp=586 | end=590 (norm=590 rel=0 idle=0 late=0) | bad over=0 inval=0 unk=0 inl=4 | len=4888/4888 el=3500 skew=8548 brun=0 sig=7 g=0 hw=0 p=1 rel=0 end=1 boot=0 anchor=1 owes=1[0m
[00:19:08.786,017] [0m<inf> thread_coex: thread load: role=2 sent=1500 failed=0 interval=100ms payload=64B[0m
[00:19:08.786,027] [0m<inf> thread_coex: thread lat us: <64=0 64=0 128=1497 256=3 512=0 1k=0 2k=0 4k=0 8k=0 16k=0 32k=0 64k=0 >=128k=0 max=311[0m
[00:19:08.786,035] [0m<inf> thread_coex: thread mac d: tx=100 retry=0 cca=0 abort=0 busy=0 | tot tx=1507 retry=14 cca=0 abort=0 busy=0[0m
[00:19:09.286,106] [0m<inf> radiant_api: SWEEP set=1 steer=0 dwell=85425/260000 adv=1 sweeps=0 win=1 ok=3 searching=0 carrier=255 | chunks=6 preempt=0 missed=0 ebusy=0 rej=0 | pumps=3850 hk=3849 | scan_us=565200/6 track_us=125128/590 | end ok=0 abrt=2 miss=0 fail=0 deny=6 replan=0[0m
[00:19:09.558,464] [0m<inf> radiant_gate_mpsl: hi: acq=591 den=0 resv=0 pend=591 blk=0 grant=590[0m
[00:19:09.558,478] [0m<inf> radiant_gate_mpsl: seam: grant=592 nostage=0 prog=592/0 | sigrad=1183 sigt0=670 isr=1183 end=593 dis=0 term=6 | ramp=592/2 state=0 ev=0x13 rxen saved=0x80000014 cont=0x13f a=0x80000014 p=0x80000014 e=0x80000014 inten=0x00000140[0m
[00:19:09.558,486] [0m<inf> radiant_gate_mpsl: sw: n=590 wipe=0 ramp=590 wipe+ramp=0 rx=590 wipe+rx=0 | started=590 early=0/0us last=2635us | open lead=230us max=257us late=0 glen=4888 cc0=2888[0m
[00:19:09.558,518] [0m<inf> radiant_gate_mpsl: hiend: timer0=590 | lasted=2889us max=3486us | dur=2866us max=3463us short=0 | t0arm=32us stale=592[0m
[00:19:09.558,545] [0m<inf> radiant_gate_mpsl: gate: acq=599 in_grant=590/590 placed=599 granted=594 blocked=4 cancel=0 eagain=27 near=0 long=0 ext=78/2 dead=0 | den pend=1 anch=1 dist=0 degen=0 nosess=0 owed=0 | sent grant=1 dead=0 blk=4 supp=590 | end=594 (norm=594 rel=0 idle=0 late=0) | bad over=0 inval=0 unk=0 inl=4 | len=4888/4888 el=3500 skew=8548 brun=0 sig=7 g=0 hw=0 p=1 rel=0 end=1 boot=0 anchor=1 owes=1[0m
[00:19:10.333,968] [0m<inf> radiant_api: SWEEP set=1 steer=0 dwell=85425/260000 adv=1 sweeps=0 win=1 ok=3 searching=0 carrier=255 | chunks=6 preempt=0 missed=0 ebusy=0 rej=0 | pumps=3875 hk=3874 | scan_us=565200/6 track_us=126148/595 | end ok=0 abrt=2 miss=0 fail=0 deny=6 replan=0[0m
[00:19:10.558,604] [0m<inf> radiant_gate_mpsl: hi: acq=595 den=0 resv=0 pend=595 blk=0 grant=594[0m
[00:19:10.558,615] [0m<inf> radiant_gate_mpsl: seam: grant=596 nostage=0 prog=596/0 | sigrad=1191 sigt0=674 isr=1191 end=597 dis=0 term=6 | ramp=596/2 state=0 ev=0x13 rxen saved=0x80000014 cont=0x13f a=0x80000014 p=0x80000014 e=0x80000014 inten=0x00000140[0m
[00:19:10.558,624] [0m<inf> radiant_gate_mpsl: sw: n=594 wipe=0 ramp=594 wipe+ramp=0 rx=594 wipe+rx=0 | started=594 early=0/0us last=2636us | open lead=230us max=257us late=0 glen=4888 cc0=2888[0m
[00:19:10.558,667] [0m<inf> radiant_gate_mpsl: hiend: timer0=594 | lasted=2889us max=3486us | dur=2865us max=3463us short=0 | t0arm=32us stale=596[0m
[00:19:10.558,686] [0m<inf> radiant_gate_mpsl: gate: acq=603 in_grant=594/594 placed=603 granted=598 blocked=4 cancel=0 eagain=27 near=0 long=0 ext=78/2 dead=0 | den pend=1 anch=1 dist=0 degen=0 nosess=0 owed=0 | sent grant=1 dead=0 blk=4 supp=594 | end=598 (norm=598 rel=0 idle=0 late=0) | bad over=0 inval=0 unk=0 inl=4 | len=4888/4888 el=3500 skew=8548 brun=0 sig=7 g=0 hw=0 p=1 rel=0 end=1 boot=0 anchor=1 owes=1[0m
[00:19:11.382,932] [0m<inf> radiant_api: SWEEP set=1 steer=0 dwell=85425/260000 adv=1 sweeps=0 win=1 ok=3 searching=0 carrier=255 | chunks=6 preempt=0 missed=0 ebusy=0 rej=0 | pumps=3901 hk=3900 | scan_us=565200/6 track_us=126964/599 | end ok=0 abrt=2 miss=0 fail=0 deny=6 replan=0[0m
[00:19:11.558,774] [0m<inf> radiant_gate_mpsl: hi: acq=599 den=0 resv=0 pend=599 blk=0 grant=598[0m
[00:19:11.558,790] [0m<inf> radiant_gate_mpsl: seam: grant=600 nostage=0 prog=600/0 | sigrad=1199 sigt0=678 isr=1199 end=601 dis=0 term=6 | ramp=600/2 state=0 ev=0x13 rxen saved=0x80000014 cont=0x13f a=0x80000014 p=0x80000014 e=0x80000014 inten=0x00000140[0m
[00:19:11.558,806] [0m<inf> radiant_gate_mpsl: sw: n=598 wipe=0 ramp=598 wipe+ramp=0 rx=598 wipe+rx=0 | started=598 early=0/0us last=2635us | open lead=230us max=257us late=0 glen=4888 cc0=2888[0m
[00:19:11.558,842] [0m<inf> radiant_gate_mpsl: hiend: timer0=598 | lasted=2889us max=3486us | dur=2866us max=3463us short=0 | t0arm=32us stale=600[0m
[00:19:11.558,860] [0m<inf> radiant_gate_mpsl: gate: acq=607 in_grant=598/598 placed=607 granted=602 blocked=4 cancel=0 eagain=27 near=0 long=0 ext=78/2 dead=0 | den pend=1 anch=1 dist=0 degen=0 nosess=0 owed=0 | sent grant=1 dead=0 blk=4 supp=598 | end=602 (norm=602 rel=0 idle=0 late=0) | bad over=0 inval=0 unk=0 inl=4 | len=4888/4888 el=3500 skew=8548 brun=0 sig=7 g=0 hw=0 p=1 rel=0 end=1 boot=0 anchor=1 owes=1[0m
[00:19:12.431,855] [0m<inf> radiant_api: SWEEP set=1 steer=0 dwell=85425/260000 adv=1 sweeps=0 win=1 ok=3 searching=0 carrier=255 | chunks=6 preempt=0 missed=0 ebusy=0 rej=0 | pumps=3926 hk=3925 | scan_us=565200/6 track_us=127780/603 | end ok=0 abrt=2 miss=0 fail=0 deny=6 replan=0[0m
[00:19:12.558,940] [0m<inf> radiant_gate_mpsl: hi: acq=603 den=0 resv=0 pend=603 blk=0 grant=602[0m
[00:19:12.558,951] [0m<inf> radiant_gate_mpsl: seam: grant=604 nostage=0 prog=604/0 | sigrad=1207 sigt0=682 isr=1207 end=605 dis=0 term=6 | ramp=604/2 state=0 ev=0x13 rxen saved=0x80000014 cont=0x13f a=0x80000014 p=0x80000014 e=0x80000014 inten=0x00000140[0m
[00:19:12.558,960] [0m<inf> radiant_gate_mpsl: sw: n=602 wipe=0 ramp=602 wipe+ramp=0 rx=602 wipe+rx=0 | started=602 early=0/0us last=2635us | open lead=230us max=257us late=0 glen=4888 cc0=2888[0m
[00:19:12.558,992] [0m<inf> radiant_gate_mpsl: hiend: timer0=602 | lasted=2889us max=3486us | dur=2866us max=3463us short=0 | t0arm=32us stale=604[0m
[00:19:12.559,023] [0m<inf> radiant_gate_mpsl: gate: acq=611 in_grant=602/602 placed=611 granted=606 blocked=4 cancel=0 eagain=27 near=0 long=0 ext=78/2 dead=0 | den pend=1 anch=1 dist=0 degen=0 nosess=0 owed=0 | sent grant=1 dead=0 blk=4 supp=602 | end=606 (norm=606 rel=0 idle=0 late=0) | bad over=0 inval=0 unk=0 inl=4 | len=4888/4888 el=3500 skew=8548 brun=0 sig=7 g=0 hw=0 p=1 rel=0 end=1 boot=0 anchor=1 owes=1[0m
[00:19:13.480,815] [0m<inf> radiant_api: SWEEP set=1 steer=0 dwell=85425/260000 adv=1 sweeps=0 win=1 ok=3 searching=0 carrier=255 | chunks=6 preempt=0 missed=0 ebusy=0 rej=0 | pumps=3951 hk=3950 | scan_us=565200/6 track_us=128596/607 | end ok=0 abrt=2 miss=0 fail=0 deny=6 replan=0[0m
[00:19:13.559,096] [0m<inf> radiant_gate_mpsl: hi: acq=607 den=0 resv=0 pend=607 blk=0 grant=606[0m
[00:19:13.559,107] [0m<inf> radiant_gate_mpsl: seam: grant=608 nostage=0 prog=608/0 | sigrad=1215 sigt0=686 isr=1215 end=609 dis=0 term=6 | ramp=608/2 state=0 ev=0x13 rxen saved=0x80000014 cont=0x13f a=0x80000014 p=0x80000014 e=0x80000014 inten=0x00000140[0m
[00:19:13.559,116] [0m<inf> radiant_gate_mpsl: sw: n=606 wipe=0 ramp=606 wipe+ramp=0 rx=606 wipe+rx=0 | started=606 early=0/0us last=2636us | open lead=230us max=257us late=0 glen=4888 cc0=2888[0m
[00:19:13.559,160] [0m<inf> radiant_gate_mpsl: hiend: timer0=606 | lasted=2889us max=3486us | dur=2865us max=3463us short=0 | t0arm=32us stale=608[0m
[00:19:13.559,178] [0m<inf> radiant_gate_mpsl: gate: acq=615 in_grant=606/606 placed=615 granted=610 blocked=4 cancel=0 eagain=27 near=0 long=0 ext=78/2 dead=0 | den pend=1 anch=1 dist=0 degen=0 nosess=0 owed=0 | sent grant=1 dead=0 blk=4 supp=606 | end=610 (norm=610 rel=0 idle=0 late=0) | bad over=0 inval=0 unk=0 inl=4 | len=4888/4888 el=3500 skew=8548 brun=0 sig=7 g=0 hw=0 p=1 rel=0 end=1 boot=0 anchor=1 owes=1[0m
[00:19:14.529,747] [0m<inf> radiant_api: SWEEP set=1 steer=0 dwell=85425/260000 adv=1 sweeps=0 win=1 ok=3 searching=0 carrier=255 | chunks=6 preempt=0 missed=0 ebusy=0 rej=0 | pumps=3976 hk=3975 | scan_us=565200/6 track_us=129412/611 | end ok=0 abrt=2 miss=0 fail=0 deny=6 replan=0[0m
[00:19:14.559,262] [0m<inf> radiant_gate_mpsl: hi: acq=611 den=0 resv=0 pend=611 blk=0 grant=610[0m
[00:19:14.559,274] [0m<inf> radiant_gate_mpsl: seam: grant=612 nostage=0 prog=612/0 | sigrad=1223 sigt0=690 isr=1223 end=613 dis=0 term=6 | ramp=612/2 state=0 ev=0x13 rxen saved=0x80000014 cont=0x13f a=0x80000014 p=0x80000014 e=0x80000014 inten=0x00000140[0m
[00:19:14.559,284] [0m<inf> radiant_gate_mpsl: sw: n=610 wipe=0 ramp=610 wipe+ramp=0 rx=610 wipe+rx=0 | started=610 early=0/0us last=2635us | open lead=230us max=257us late=0 glen=4888 cc0=2888[0m
[00:19:14.559,316] [0m<inf> radiant_gate_mpsl: hiend: timer0=610 | lasted=2889us max=3486us | dur=2866us max=3463us short=0 | t0arm=32us stale=612[0m
[00:19:14.559,343] [0m<inf> radiant_gate_mpsl: gate: acq=619 in_grant=610/610 placed=619 granted=614 blocked=4 cancel=0 eagain=27 near=0 long=0 ext=78/2 dead=0 | den pend=1 anch=1 dist=0 degen=0 nosess=0 owed=0 | sent grant=1 dead=0 blk=4 supp=610 | end=614 (norm=614 rel=0 idle=0 late=0) | bad over=0 inval=0 unk=0 inl=4 | len=4888/4888 el=3500 skew=8548 brun=0 sig=7 g=0 hw=0 p=1 rel=0 end=1 boot=0 anchor=1 owes=1[0m
[00:19:15.559,405] [0m<inf> radiant_gate_mpsl: hi: acq=615 den=0 resv=0 pend=615 blk=0 grant=614[0m
[00:19:15.559,421] [0m<inf> radiant_gate_mpsl: seam: grant=616 nostage=0 prog=616/0 | sigrad=1231 sigt0=694 isr=1231 end=617 dis=0 term=6 | ramp=616/2 state=0 ev=0x13 rxen saved=0x80000014 cont=0x13f a=0x80000014 p=0x80000014 e=0x80000014 inten=0x00000140[0m
[00:19:15.559,437] [0m<inf> radiant_gate_mpsl: sw: n=614 wipe=0 ramp=614 wipe+ramp=0 rx=614 wipe+rx=0 | started=614 early=0/0us last=2634us | open lead=231us max=257us late=0 glen=4888 cc0=2888[0m
[00:19:15.559,473] [0m<inf> radiant_gate_mpsl: hiend: timer0=614 | lasted=2890us max=3486us | dur=2866us max=3463us short=0 | t0arm=32us stale=616[0m
[00:19:15.559,491] [0m<inf> radiant_gate_mpsl: gate: acq=623 in_grant=614/614 placed=623 granted=618 blocked=4 cancel=0 eagain=27 near=0 long=0 ext=78/2 dead=0 | den pend=1 anch=1 dist=0 degen=0 nosess=0 owed=0 | sent grant=1 dead=0 blk=4 supp=614 | end=618 (norm=618 rel=0 idle=0 late=0) | bad over=0 inval=0 unk=0 inl=4 | len=4888/4888 el=3500 skew=8548 brun=0 sig=7 g=0 hw=0 p=1 rel=0 end=1 boot=0 anchor=1 owes=1[0m
[00:19:15.577,598] [0m<inf> radiant_api: SWEEP set=1 steer=0 dwell=85425/260000 adv=1 sweeps=0 win=1 ok=3 searching=0 carrier=255 | chunks=6 preempt=0 missed=0 ebusy=0 rej=0 | pumps=4001 hk=4000 | scan_us=565200/6 track_us=130432/616 | end ok=0 abrt=2 miss=0 fail=0 deny=6 replan=0[0m
[00:19:16.559,555] [0m<inf> radiant_gate_mpsl: hi: acq=619 den=0 resv=0 pend=619 blk=0 grant=618[0m
[00:19:16.559,566] [0m<inf> radiant_gate_mpsl: seam: grant=620 nostage=0 prog=620/0 | sigrad=1239 sigt0=698 isr=1239 end=621 dis=0 term=6 | ramp=620/2 state=0 ev=0x13 rxen saved=0x80000014 cont=0x13f a=0x80000014 p=0x80000014 e=0x80000014 inten=0x00000140[0m
[00:19:16.559,575] [0m<inf> radiant_gate_mpsl: sw: n=618 wipe=0 ramp=618 wipe+ramp=0 rx=618 wipe+rx=0 | started=618 early=0/0us last=2635us | open lead=230us max=257us late=0 glen=4888 cc0=2888[0m
[00:19:16.559,616] [0m<inf> radiant_gate_mpsl: hiend: timer0=618 | lasted=2889us max=3486us | dur=2865us max=3463us short=0 | t0arm=32us stale=620[0m
[00:19:16.559,638] [0m<inf> radiant_gate_mpsl: gate: acq=627 in_grant=618/618 placed=627 granted=622 blocked=4 cancel=0 eagain=27 near=0 long=0 ext=78/2 dead=0 | den pend=1 anch=1 dist=0 degen=0 nosess=0 owed=0 | sent grant=1 dead=0 blk=4 supp=618 | end=622 (norm=622 rel=0 idle=0 late=0) | bad over=0 inval=0 unk=0 inl=4 | len=4888/4888 el=3500 skew=8548 brun=0 sig=7 g=0 hw=0 p=1 rel=0 end=1 boot=0 anchor=1 owes=1[0m
[00:19:16.626,577] [0m<inf> radiant_api: SWEEP set=1 steer=0 dwell=85425/260000 adv=1 sweeps=0 win=1 ok=3 searching=0 carrier=255 | chunks=6 preempt=0 missed=0 ebusy=0 rej=0 | pumps=4027 hk=4026 | scan_us=565200/6 track_us=131248/620 | end ok=0 abrt=2 miss=0 fail=0 deny=6 replan=0[0m
[00:19:17.559,699] [0m<inf> radiant_gate_mpsl: hi: acq=623 den=0 resv=0 pend=623 blk=0 grant=622[0m
[00:19:17.559,715] [0m<inf> radiant_gate_mpsl: seam: grant=624 nostage=0 prog=624/0 | sigrad=1247 sigt0=702 isr=1247 end=625 dis=0 term=6 | ramp=624/2 state=0 ev=0x13 rxen saved=0x80000014 cont=0x13f a=0x80000014 p=0x80000014 e=0x80000014 inten=0x00000140[0m
[00:19:17.559,724] [0m<inf> radiant_gate_mpsl: sw: n=622 wipe=0 ramp=622 wipe+ramp=0 rx=622 wipe+rx=0 | started=622 early=0/0us last=2635us | open lead=230us max=257us late=0 glen=4888 cc0=2888[0m
[00:19:17.559,767] [0m<inf> radiant_gate_mpsl: hiend: timer0=622 | lasted=2890us max=3486us | dur=2866us max=3463us short=0 | t0arm=32us stale=624[0m
[00:19:17.559,786] [0m<inf> radiant_gate_mpsl: gate: acq=631 in_grant=622/622 placed=631 granted=626 blocked=4 cancel=0 eagain=27 near=0 long=0 ext=78/2 dead=0 | den pend=1 anch=1 dist=0 degen=0 nosess=0 owed=0 | sent grant=1 dead=0 blk=4 supp=622 | end=626 (norm=626 rel=0 idle=0 late=0) | bad over=0 inval=0 unk=0 inl=4 | len=4888/4888 el=3500 skew=8548 brun=0 sig=7 g=0 hw=0 p=1 rel=0 end=1 boot=0 anchor=1 owes=1[0m
[00:19:17.675,509] [0m<inf> radiant_api: SWEEP set=1 steer=0 dwell=85425/260000 adv=1 sweeps=0 win=1 ok=3 searching=0 carrier=255 | chunks=6 preempt=0 missed=0 ebusy=0 rej=0 | pumps=4052 hk=4051 | scan_us=565200/6 track_us=132064/624 | end ok=0 abrt=2 miss=0 fail=0 deny=6 replan=0[0m
[00:19:18.559,848] [0m<inf> radiant_gate_mpsl: hi: acq=627 den=0 resv=0 pend=627 blk=0 grant=626[0m
[00:19:18.559,859] [0m<inf> radiant_gate_mpsl: seam: grant=628 nostage=0 prog=628/0 | sigrad=1255 sigt0=706 isr=1255 end=629 dis=0 term=6 | ramp=628/2 state=0 ev=0x13 rxen saved=0x80000014 cont=0x13f a=0x80000014 p=0x80000014 e=0x80000014 inten=0x00000140[0m
[00:19:18.559,868] [0m<inf> radiant_gate_mpsl: sw: n=626 wipe=0 ramp=626 wipe+ramp=0 rx=626 wipe+rx=0 | started=626 early=0/0us last=2635us | open lead=231us max=257us late=0 glen=4888 cc0=2888[0m
[00:19:18.559,909] [0m<inf> radiant_gate_mpsl: hiend: timer0=626 | lasted=2889us max=3486us | dur=2865us max=3463us short=0 | t0arm=32us stale=628[0m
[00:19:18.559,930] [0m<inf> radiant_gate_mpsl: gate: acq=635 in_grant=626/626 placed=635 granted=630 blocked=4 cancel=0 eagain=27 near=0 long=0 ext=78/2 dead=0 | den pend=1 anch=1 dist=0 degen=0 nosess=0 owed=0 | sent grant=1 dead=0 blk=4 supp=626 | end=630 (norm=630 rel=0 idle=0 late=0) | bad over=0 inval=0 unk=0 inl=4 | len=4888/4888 el=3500 skew=8548 brun=0 sig=7 g=0 hw=0 p=1 rel=0 end=1 boot=0 anchor=1 owes=1[0m
[00:19:18.724,353] [0m<inf> radiant_api: SWEEP set=1 steer=0 dwell=85425/260000 adv=1 sweeps=0 win=1 ok=3 searching=0 carrier=255 | chunks=6 preempt=0 missed=0 ebusy=0 rej=0 | pumps=4077 hk=4076 | scan_us=565200/6 track_us=132880/628 | end ok=0 abrt=2 miss=0 fail=0 deny=6 replan=0[0m
[00:19:18.809,317] [0m<inf> thread_coex: thread load: role=2 sent=1600 failed=0 interval=100ms payload=64B[0m
[00:19:18.809,326] [0m<inf> thread_coex: thread lat us: <64=0 64=0 128=1597 256=3 512=0 1k=0 2k=0 4k=0 8k=0 16k=0 32k=0 64k=0 >=128k=0 max=311[0m
[00:19:18.809,335] [0m<inf> thread_coex: thread mac d: tx=100 retry=0 cca=0 abort=0 busy=0 | tot tx=1607 retry=14 cca=0 abort=0 busy=0[0m
[00:19:19.559,992] [0m<inf> radiant_gate_mpsl: hi: acq=631 den=0 resv=0 pend=631 blk=0 grant=630[0m
[00:19:19.560,008] [0m<inf> radiant_gate_mpsl: seam: grant=632 nostage=0 prog=632/0 | sigrad=1263 sigt0=710 isr=1263 end=633 dis=0 term=6 | ramp=632/2 state=0 ev=0x13 rxen saved=0x80000014 cont=0x13f a=0x80000014 p=0x80000014 e=0x80000014 inten=0x00000140[0m
[00:19:19.560,017] [0m<inf> radiant_gate_mpsl: sw: n=630 wipe=0 ramp=630 wipe+ramp=0 rx=630 wipe+rx=0 | started=630 early=0/0us last=2635us | open lead=230us max=257us late=0 glen=4888 cc0=2888[0m
[00:19:19.560,060] [0m<inf> radiant_gate_mpsl: hiend: timer0=630 | lasted=2889us max=3486us | dur=2866us max=3463us short=0 | t0arm=32us stale=632[0m
[00:19:19.560,079] [0m<inf> radiant_gate_mpsl: gate: acq=639 in_grant=630/630 placed=639 granted=634 blocked=4 cancel=0 eagain=27 near=0 long=0 ext=78/2 dead=0 | den pend=1 anch=1 dist=0 degen=0 nosess=0 owed=0 | sent grant=1 dead=0 blk=4 supp=630 | end=634 (norm=634 rel=0 idle=0 late=0) | bad over=0 inval=0 unk=0 inl=4 | len=4888/4888 el=3500 skew=8548 brun=0 sig=7 g=0 hw=0 p=1 rel=0 end=1 boot=0 anchor=1 owes=1[0m
[00:19:19.773,366] [0m<inf> radiant_api: SWEEP set=1 steer=0 dwell=85425/260000 adv=1 sweeps=0 win=1 ok=3 searching=0 carrier=255 | chunks=6 preempt=0 missed=0 ebusy=0 rej=0 | pumps=4102 hk=4101 | scan_us=565200/6 track_us=133696/632 | end ok=0 abrt=2 miss=0 fail=0 deny=6 replan=0[0m
[00:19:20.560,153] [0m<inf> radiant_gate_mpsl: hi: acq=635 den=0 resv=0 pend=635 blk=0 grant=634[0m
[00:19:20.560,165] [0m<inf> radiant_gate_mpsl: seam: grant=636 nostage=0 prog=636/0 | sigrad=1271 sigt0=714 isr=1271 end=637 dis=0 term=6 | ramp=636/2 state=0 ev=0x13 rxen saved=0x80000014 cont=0x13f a=0x80000014 p=0x80000014 e=0x80000014 inten=0x00000140[0m
[00:19:20.560,175] [0m<inf> radiant_gate_mpsl: sw: n=634 wipe=0 ramp=634 wipe+ramp=0 rx=634 wipe+rx=0 | started=634 early=0/0us last=2635us | open lead=230us max=257us late=0 glen=4888 cc0=2888[0m
[00:19:20.560,207] [0m<inf> radiant_gate_mpsl: hiend: timer0=634 | lasted=2889us max=3486us | dur=2865us max=3463us short=0 | t0arm=32us stale=636[0m
[00:19:20.560,238] [0m<inf> radiant_gate_mpsl: gate: acq=643 in_grant=634/634 placed=643 granted=638 blocked=4 cancel=0 eagain=27 near=0 long=0 ext=78/2 dead=0 | den pend=1 anch=1 dist=0 degen=0 nosess=0 owed=0 | sent grant=1 dead=0 blk=4 supp=634 | end=638 (norm=638 rel=0 idle=0 late=0) | bad over=0 inval=0 unk=0 inl=4 | len=4888/4888 el=3500 skew=8548 brun=0 sig=7 g=0 hw=0 p=1 rel=0 end=1 boot=0 anchor=1 owes=1[0m
[00:19:20.821,338] [0m<inf> radiant_api: SWEEP set=1 steer=0 dwell=85425/260000 adv=1 sweeps=0 win=1 ok=3 searching=0 carrier=255 | chunks=6 preempt=0 missed=0 ebusy=0 rej=0 | pumps=4127 hk=4126 | scan_us=565200/6 track_us=134716/637 | end ok=0 abrt=2 miss=0 fail=0 deny=6 replan=0[0m
[00:19:21.560,332] [0m<inf> radiant_gate_mpsl: hi: acq=639 den=0 resv=0 pend=639 blk=0 grant=638[0m
[00:19:21.560,343] [0m<inf> radiant_gate_mpsl: seam: grant=640 nostage=0 prog=640/0 | sigrad=1279 sigt0=718 isr=1279 end=641 dis=0 term=6 | ramp=640/2 state=0 ev=0x13 rxen saved=0x80000014 cont=0x13f a=0x80000014 p=0x80000014 e=0x80000014 inten=0x00000140[0m
[00:19:21.560,352] [0m<inf> radiant_gate_mpsl: sw: n=638 wipe=0 ramp=638 wipe+ramp=0 rx=638 wipe+rx=0 | started=638 early=0/0us last=2635us | open lead=229us max=257us late=0 glen=4888 cc0=2888[0m
[00:19:21.560,395] [0m<inf> radiant_gate_mpsl: hiend: timer0=638 | lasted=2889us max=3486us | dur=2865us max=3463us short=0 | t0arm=32us stale=640[0m
[00:19:21.560,414] [0m<inf> radiant_gate_mpsl: gate: acq=647 in_grant=638/638 placed=647 granted=642 blocked=4 cancel=0 eagain=27 near=0 long=0 ext=78/2 dead=0 | den pend=1 anch=1 dist=0 degen=0 nosess=0 owed=0 | sent grant=1 dead=0 blk=4 supp=638 | end=642 (norm=642 rel=0 idle=0 late=0) | bad over=0 inval=0 unk=0 inl=4 | len=4888/4888 el=3500 skew=8548 brun=0 sig=7 g=0 hw=0 p=1 rel=0 end=1 boot=0 anchor=1 owes=1[0m
[00:19:21.870,294] [0m<inf> radiant_api: SWEEP set=1 steer=0 dwell=85425/260000 adv=1 sweeps=0 win=1 ok=3 searching=0 carrier=255 | chunks=6 preempt=0 missed=0 ebusy=0 rej=0 | pumps=4153 hk=4152 | scan_us=565200/6 track_us=135532/641 | end ok=0 abrt=2 miss=0 fail=0 deny=6 replan=0[0m
[00:19:22.560,515] [0m<inf> radiant_gate_mpsl: hi: acq=643 den=0 resv=0 pend=643 blk=0 grant=642[0m
[00:19:22.560,532] [0m<inf> radiant_gate_mpsl: seam: grant=644 nostage=0 prog=644/0 | sigrad=1287 sigt0=722 isr=1287 end=645 dis=0 term=6 | ramp=644/2 state=0 ev=0x13 rxen saved=0x80000014 cont=0x13f a=0x80000014 p=0x80000014 e=0x80000014 inten=0x00000140[0m
[00:19:22.560,548] [0m<inf> radiant_gate_mpsl: sw: n=642 wipe=0 ramp=642 wipe+ramp=0 rx=642 wipe+rx=0 | started=642 early=0/0us last=2636us | open lead=231us max=257us late=0 glen=4888 cc0=2888[0m
[00:19:22.560,582] [0m<inf> radiant_gate_mpsl: hiend: timer0=642 | lasted=2890us max=3486us | dur=2867us max=3463us short=0 | t0arm=31us stale=644[0m
[00:19:22.560,601] [0m<inf> radiant_gate_mpsl: gate: acq=651 in_grant=642/642 placed=651 granted=646 blocked=4 cancel=0 eagain=28 near=0 long=0 ext=78/2 dead=0 | den pend=1 anch=1 dist=0 degen=0 nosess=0 owed=0 | sent grant=1 dead=0 blk=4 supp=642 | end=646 (norm=646 rel=0 idle=0 late=0) | bad over=0 inval=0 unk=0 inl=4 | len=4888/4888 el=3500 skew=8548 brun=0 sig=7 g=0 hw=0 p=1 rel=0 end=1 boot=0 anchor=1 owes=1[0m
[00:19:22.919,757] [0m<inf> radiant_api: SWEEP set=1 steer=0 dwell=85425/260000 adv=1 sweeps=0 win=1 ok=3 searching=0 carrier=255 | chunks=6 preempt=0 missed=0 ebusy=0 rej=0 | pumps=4178 hk=4177 | scan_us=565200/6 track_us=136348/645 | end ok=0 abrt=2 miss=0 fail=0 deny=6 replan=0[0m
[00:19:23.560,666] [0m<inf> radiant_gate_mpsl: hi: acq=647 den=0 resv=0 pend=647 blk=0 grant=646[0m
[00:19:23.560,678] [0m<inf> radiant_gate_mpsl: seam: grant=648 nostage=0 prog=648/0 | sigrad=1295 sigt0=726 isr=1295 end=649 dis=0 term=6 | ramp=648/2 state=0 ev=0x13 rxen saved=0x80000014 cont=0x13f a=0x80000014 p=0x80000014 e=0x80000014 inten=0x00000140[0m
[00:19:23.560,687] [0m<inf> radiant_gate_mpsl: sw: n=646 wipe=0 ramp=646 wipe+ramp=0 rx=646 wipe+rx=0 | started=646 early=0/0us last=2634us | open lead=232us max=257us late=0 glen=4888 cc0=2888[0m
[00:19:23.560,718] [0m<inf> radiant_gate_mpsl: hiend: timer0=646 | lasted=2889us max=3486us | dur=2866us max=3463us short=0 | t0arm=31us stale=648[0m
[00:19:23.560,739] [0m<inf> radiant_gate_mpsl: gate: acq=655 in_grant=646/646 placed=655 granted=650 blocked=4 cancel=0 eagain=29 near=0 long=0 ext=78/2 dead=0 | den pend=1 anch=1 dist=0 degen=0 nosess=0 owed=0 | sent grant=1 dead=0 blk=4 supp=646 | end=650 (norm=650 rel=0 idle=0 late=0) | bad over=0 inval=0 unk=0 inl=4 | len=4888/4888 el=3500 skew=8548 brun=0 sig=7 g=0 hw=0 p=1 rel=0 end=1 boot=0 anchor=1 owes=1[0m
[00:19:23.968,069] [0m<inf> radiant_api: SWEEP set=1 steer=0 dwell=85425/260000 adv=1 sweeps=0 win=1 ok=3 searching=0 carrier=255 | chunks=6 preempt=0 missed=0 ebusy=0 rej=0 | pumps=4203 hk=4202 | scan_us=565200/6 track_us=137164/649 | end ok=0 abrt=2 miss=0 fail=0 deny=6 replan=0[0m
[00:19:24.560,814] [0m<inf> radiant_gate_mpsl: hi: acq=651 den=0 resv=0 pend=651 blk=0 grant=650[0m
[00:19:24.560,825] [0m<inf> radiant_gate_mpsl: seam: grant=652 nostage=0 prog=652/0 | sigrad=1303 sigt0=730 isr=1303 end=653 dis=0 term=6 | ramp=652/2 state=0 ev=0x13 rxen saved=0x80000014 cont=0x13f a=0x80000014 p=0x80000014 e=0x80000014 inten=0x00000140[0m
[00:19:24.560,834] [0m<inf> radiant_gate_mpsl: sw: n=650 wipe=0 ramp=650 wipe+ramp=0 rx=650 wipe+rx=0 | started=650 early=0/0us last=2635us | open lead=231us max=257us late=0 glen=4888 cc0=2888[0m
[00:19:24.560,877] [0m<inf> radiant_gate_mpsl: hiend: timer0=650 | lasted=2889us max=3486us | dur=2867us max=3463us short=0 | t0arm=31us stale=652[0m
[00:19:24.560,896] [0m<inf> radiant_gate_mpsl: gate: acq=659 in_grant=650/650 placed=659 granted=654 blocked=4 cancel=0 eagain=29 near=0 long=0 ext=78/2 dead=0 | den pend=1 anch=1 dist=0 degen=0 nosess=0 owed=0 | sent grant=1 dead=0 blk=4 supp=650 | end=654 (norm=654 rel=0 idle=0 late=0) | bad over=0 inval=0 unk=0 inl=4 | len=4888/4888 el=3500 skew=8548 brun=0 sig=7 g=0 hw=0 p=1 rel=0 end=1 boot=0 anchor=1 owes=1[0m
[00:19:25.016,958] [0m<inf> radiant_api: SWEEP set=1 steer=0 dwell=85425/260000 adv=1 sweeps=0 win=1 ok=3 searching=0 carrier=255 | chunks=6 preempt=0 missed=0 ebusy=0 rej=0 | pumps=4228 hk=4227 | scan_us=565200/6 track_us=137980/653 | end ok=0 abrt=2 miss=0 fail=0 deny=6 replan=0[0m
[00:19:25.560,999] [0m<inf> radiant_gate_mpsl: hi: acq=655 den=0 resv=0 pend=655 blk=0 grant=654[0m
[00:19:25.561,016] [0m<inf> radiant_gate_mpsl: seam: grant=656 nostage=0 prog=656/0 | sigrad=1311 sigt0=734 isr=1311 end=657 dis=0 term=6 | ramp=656/2 state=0 ev=0x13 rxen saved=0x80000014 cont=0x13f a=0x80000014 p=0x80000014 e=0x80000014 inten=0x00000140[0m
[00:19:25.561,032] [0m<inf> radiant_gate_mpsl: sw: n=654 wipe=0 ramp=654 wipe+ramp=0 rx=654 wipe+rx=0 | started=654 early=0/0us last=2635us | open lead=231us max=257us late=0 glen=4888 cc0=2888[0m
[00:19:25.561,068] [0m<inf> radiant_gate_mpsl: hiend: timer0=654 | lasted=2889us max=3486us | dur=2866us max=3463us short=0 | t0arm=31us stale=656[0m
[00:19:25.561,086] [0m<inf> radiant_gate_mpsl: gate: acq=663 in_grant=654/654 placed=663 granted=658 blocked=4 cancel=0 eagain=29 near=0 long=0 ext=78/2 dead=0 | den pend=1 anch=1 dist=0 degen=0 nosess=0 owed=0 | sent grant=1 dead=0 blk=4 supp=654 | end=658 (norm=658 rel=0 idle=0 late=0) | bad over=0 inval=0 unk=0 inl=4 | len=4888/4888 el=3500 skew=8548 brun=0 sig=7 g=0 hw=0 p=1 rel=0 end=1 boot=0 anchor=1 owes=1[0m
[00:19:26.064,856] [0m<inf> radiant_api: SWEEP set=1 steer=0 dwell=85425/260000 adv=1 sweeps=0 win=1 ok=3 searching=0 carrier=255 | chunks=6 preempt=0 missed=0 ebusy=0 rej=0 | pumps=4253 hk=4252 | scan_us=565200/6 track_us=139000/658 | end ok=0 abrt=2 miss=0 fail=0 deny=6 replan=0[0m
[00:19:26.561,208] [0m<inf> radiant_gate_mpsl: hi: acq=659 den=0 resv=0 pend=659 blk=0 grant=659[0m
[00:19:26.561,219] [0m<inf> radiant_gate_mpsl: seam: grant=661 nostage=0 prog=661/0 | sigrad=1319 sigt0=738 isr=1319 end=661 dis=0 term=6 | ramp=660/2 state=0 ev=0x13 rxen saved=0x80000014 cont=0x13f a=0x80000014 p=0x80000014 e=0x80000014 inten=0x00000140[0m
[00:19:26.561,228] [0m<inf> radiant_gate_mpsl: sw: n=658 wipe=0 ramp=658 wipe+ramp=0 rx=658 wipe+rx=0 | started=658 early=0/0us last=2635us | open lead=230us max=257us late=0 glen=4888 cc0=2888[0m
[00:19:26.561,264] [0m<inf> radiant_gate_mpsl: hiend: timer0=658 | lasted=2889us max=3486us | dur=2866us max=3463us short=0 | t0arm=32us stale=661[0m
[00:19:26.561,285] [0m<inf> radiant_gate_mpsl: gate: acq=667 in_grant=658/658 placed=667 granted=663 blocked=4 cancel=0 eagain=29 near=0 long=0 ext=78/2 dead=0 | den pend=1 anch=1 dist=0 degen=0 nosess=0 owed=0 | sent grant=1 dead=0 blk=4 supp=658 | end=662 (norm=662 rel=0 idle=0 late=0) | bad over=0 inval=0 unk=0 inl=4 | len=4888/4888 el=3500 skew=8548 brun=0 sig=0 g=1 hw=1 p=0 rel=0 end=0 boot=0 anchor=1 owes=0[0m
[00:19:27.111,704] [0m<inf> radiant_api: SWEEP set=1 steer=0 dwell=85425/260000 adv=1 sweeps=0 win=1 ok=3 searching=0 carrier=255 | chunks=6 preempt=0 missed=0 ebusy=0 rej=0 | pumps=4279 hk=4278 | scan_us=565200/6 track_us=139816/662 | end ok=0 abrt=2 miss=0 fail=0 deny=6 replan=0[0m
[00:19:27.561,355] [0m<inf> radiant_gate_mpsl: hi: acq=664 den=0 resv=0 pend=664 blk=0 grant=663[0m
[00:19:27.561,367] [0m<inf> radiant_gate_mpsl: seam: grant=665 nostage=0 prog=665/0 | sigrad=1329 sigt0=742 isr=1329 end=666 dis=0 term=6 | ramp=664/2 state=0 ev=0x13 rxen saved=0x80000014 cont=0x13f a=0x80000014 p=0x80000014 e=0x80000014 inten=0x00000140[0m
[00:19:27.561,376] [0m<inf> radiant_gate_mpsl: sw: n=662 wipe=0 ramp=662 wipe+ramp=0 rx=662 wipe+rx=0 | started=662 early=0/0us last=2635us | open lead=230us max=257us late=0 glen=4888 cc0=2888[0m
[00:19:27.561,419] [0m<inf> radiant_gate_mpsl: hiend: timer0=662 | lasted=2890us max=3486us | dur=2867us max=3463us short=0 | t0arm=32us stale=665[0m
[00:19:27.561,438] [0m<inf> radiant_gate_mpsl: gate: acq=672 in_grant=663/663 placed=671 granted=667 blocked=4 cancel=0 eagain=31 near=0 long=0 ext=78/2 dead=0 | den pend=1 anch=1 dist=0 degen=0 nosess=0 owed=0 | sent grant=1 dead=0 blk=4 supp=662 | end=666 (norm=666 rel=0 idle=0 late=0) | bad over=0 inval=0 unk=0 inl=4 | len=4888/4888 el=3500 skew=8548 brun=0 sig=2 g=1 hw=1 p=1 rel=0 end=0 boot=0 anchor=1 owes=0[0m
[00:19:28.111,840] [0m<inf> radiant_api: SWEEP set=1 steer=0 dwell=85425/260000 adv=1 sweeps=0 win=1 ok=3 searching=0 carrier=255 | chunks=6 preempt=0 missed=0 ebusy=0 rej=0 | pumps=4303 hk=4302 | scan_us=565200/6 track_us=140632/666 | end ok=0 abrt=2 miss=0 fail=0 deny=6 replan=0[0m
[00:19:28.561,513] [0m<inf> radiant_gate_mpsl: hi: acq=668 den=0 resv=0 pend=668 blk=0 grant=667[0m
[00:19:28.561,530] [0m<inf> radiant_gate_mpsl: seam: grant=669 nostage=0 prog=669/0 | sigrad=1337 sigt0=746 isr=1337 end=670 dis=0 term=6 | ramp=668/2 state=0 ev=0x13 rxen saved=0x80000014 cont=0x13f a=0x80000014 p=0x80000014 e=0x80000014 inten=0x00000140[0m
[00:19:28.561,539] [0m<inf> radiant_gate_mpsl: sw: n=666 wipe=0 ramp=666 wipe+ramp=0 rx=666 wipe+rx=0 | started=666 early=0/0us last=2635us | open lead=230us max=257us late=0 glen=4888 cc0=2888[0m
[00:19:28.561,583] [0m<inf> radiant_gate_mpsl: hiend: timer0=666 | lasted=2889us max=3486us | dur=2866us max=3463us short=0 | t0arm=32us stale=669[0m
[00:19:28.561,660] [0m<inf> radiant_gate_mpsl: gate: acq=676 in_grant=667/667 placed=675 granted=671 blocked=4 cancel=0 eagain=33 near=0 long=0 ext=78/2 dead=0 | den pend=1 anch=1 dist=0 degen=0 nosess=0 owed=0 | sent grant=1 dead=0 blk=4 supp=666 | end=670 (norm=670 rel=0 idle=0 late=0) | bad over=0 inval=0 unk=0 inl=4 | len=4888/4888 el=3500 skew=8548 brun=0 sig=2 g=1 hw=1 p=1 rel=0 end=0 boot=0 anchor=1 owes=0[0m
[00:19:28.832,925] [0m<inf> thread_coex: thread load: role=2 sent=1700 failed=0 interval=100ms payload=64B[0m
[00:19:28.832,935] [0m<inf> thread_coex: thread lat us: <64=0 64=0 128=1697 256=3 512=0 1k=0 2k=0 4k=0 8k=0 16k=0 32k=0 64k=0 >=128k=0 max=311[0m
[00:19:28.832,943] [0m<inf> thread_coex: thread mac d: tx=100 retry=0 cca=0 abort=0 busy=0 | tot tx=1707 retry=14 cca=0 abort=0 busy=0[0m
[00:19:29.161,576] [0m<inf> radiant_api: SWEEP set=1 steer=0 dwell=85425/260000 adv=1 sweeps=0 win=1 ok=3 searching=0 carrier=255 | chunks=6 preempt=0 missed=0 ebusy=0 rej=0 | pumps=4328 hk=4327 | scan_us=565200/6 track_us=141448/670 | end ok=0 abrt=2 miss=0 fail=0 deny=6 replan=0[0m
[00:19:29.561,730] [0m<inf> radiant_gate_mpsl: hi: acq=672 den=0 resv=0 pend=672 blk=0 grant=671[0m
[00:19:29.561,743] [0m<inf> radiant_gate_mpsl: seam: grant=673 nostage=0 prog=673/0 | sigrad=1345 sigt0=751 isr=1345 end=674 dis=0 term=6 | ramp=673/2 state=0 ev=0x13 rxen saved=0x80000014 cont=0x13f a=0x80000014 p=0x80000014 e=0x80000014 inten=0x00000140[0m
[00:19:29.561,752] [0m<inf> radiant_gate_mpsl: sw: n=671 wipe=0 ramp=671 wipe+ramp=0 rx=671 wipe+rx=0 | started=671 early=0/0us last=2636us | open lead=230us max=257us late=0 glen=4888 cc0=2888[0m
[00:19:29.561,783] [0m<inf> radiant_gate_mpsl: hiend: timer0=671 | lasted=2889us max=3486us | dur=2865us max=3463us short=0 | t0arm=32us stale=673[0m
[00:19:29.561,811] [0m<inf> radiant_gate_mpsl: gate: acq=680 in_grant=671/671 placed=680 granted=675 blocked=4 cancel=0 eagain=33 near=0 long=0 ext=78/2 dead=0 | den pend=1 anch=1 dist=0 degen=0 nosess=0 owed=0 | sent grant=1 dead=0 blk=4 supp=671 | end=675 (norm=675 rel=0 idle=0 late=0) | bad over=0 inval=0 unk=0 inl=4 | len=4888/4888 el=3500 skew=8548 brun=0 sig=7 g=0 hw=0 p=1 rel=0 end=1 boot=0 anchor=1 owes=1[0m
[00:19:30.210,501] [0m<inf> radiant_api: SWEEP set=1 steer=0 dwell=85425/260000 adv=1 sweeps=0 win=1 ok=3 searching=0 carrier=255 | chunks=6 preempt=0 missed=0 ebusy=0 rej=0 | pumps=4353 hk=4352 | scan_us=565200/6 track_us=142264/674 | end ok=0 abrt=2 miss=0 fail=0 deny=6 replan=0[0m
[00:19:30.561,875] [0m<inf> radiant_gate_mpsl: hi: acq=676 den=0 resv=0 pend=676 blk=0 grant=675[0m
[00:19:30.561,886] [0m<inf> radiant_gate_mpsl: seam: grant=677 nostage=0 prog=677/0 | sigrad=1353 sigt0=755 isr=1353 end=678 dis=0 term=6 | ramp=677/2 state=0 ev=0x13 rxen saved=0x80000014 cont=0x13f a=0x80000014 p=0x80000014 e=0x80000014 inten=0x00000140[0m
[00:19:30.561,895] [0m<inf> radiant_gate_mpsl: sw: n=675 wipe=0 ramp=675 wipe+ramp=0 rx=675 wipe+rx=0 | started=675 early=0/0us last=2636us | open lead=229us max=257us late=0 glen=4888 cc0=2888[0m
[00:19:30.561,938] [0m<inf> radiant_gate_mpsl: hiend: timer0=675 | lasted=2889us max=3486us | dur=2866us max=3463us short=0 | t0arm=32us stale=677[0m
[00:19:30.561,957] [0m<inf> radiant_gate_mpsl: gate: acq=684 in_grant=675/675 placed=684 granted=679 blocked=4 cancel=0 eagain=33 near=0 long=0 ext=78/2 dead=0 | den pend=1 anch=1 dist=0 degen=0 nosess=0 owed=0 | sent grant=1 dead=0 blk=4 supp=675 | end=679 (norm=679 rel=0 idle=0 late=0) | bad over=0 inval=0 unk=0 inl=4 | len=4888/4888 el=3500 skew=8548 brun=0 sig=7 g=0 hw=0 p=1 rel=0 end=1 boot=0 anchor=1 owes=1[0m
[00:19:31.259,400] [0m<inf> radiant_api: SWEEP set=1 steer=0 dwell=85425/260000 adv=1 sweeps=0 win=1 ok=3 searching=0 carrier=255 | chunks=6 preempt=0 missed=0 ebusy=0 rej=0 | pumps=4378 hk=4377 | scan_us=565200/6 track_us=143080/678 | end ok=0 abrt=2 miss=0 fail=0 deny=6 replan=0[0m
[00:19:31.562,038] [0m<inf> radiant_gate_mpsl: hi: acq=680 den=0 resv=0 pend=680 blk=0 grant=679[0m
[00:19:31.562,054] [0m<inf> radiant_gate_mpsl: seam: grant=681 nostage=0 prog=681/0 | sigrad=1361 sigt0=759 isr=1361 end=682 dis=0 term=6 | ramp=681/2 state=0 ev=0x13 rxen saved=0x80000014 cont=0x13f a=0x80000014 p=0x80000014 e=0x80000014 inten=0x00000140[0m
[00:19:31.562,063] [0m<inf> radiant_gate_mpsl: sw: n=679 wipe=0 ramp=679 wipe+ramp=0 rx=679 wipe+rx=0 | started=679 early=0/0us last=2635us | open lead=230us max=257us late=0 glen=4888 cc0=2888[0m
[00:19:31.562,106] [0m<inf> radiant_gate_mpsl: hiend: timer0=679 | lasted=2889us max=3486us | dur=2865us max=3463us short=0 | t0arm=32us stale=681[0m
[00:19:31.562,125] [0m<inf> radiant_gate_mpsl: gate: acq=688 in_grant=679/679 placed=688 granted=683 blocked=4 cancel=0 eagain=33 near=0 long=0 ext=78/2 dead=0 | den pend=1 anch=1 dist=0 degen=0 nosess=0 owed=0 | sent grant=1 dead=0 blk=4 supp=679 | end=683 (norm=683 rel=0 idle=0 late=0) | bad over=0 inval=0 unk=0 inl=4 | len=4888/4888 el=3500 skew=8548 brun=0 sig=7 g=0 hw=0 p=1 rel=0 end=1 boot=0 anchor=1 owes=1[0m
[00:19:32.307,273] [0m<inf> radiant_api: SWEEP set=1 steer=0 dwell=85425/260000 adv=1 sweeps=0 win=1 ok=3 searching=0 carrier=255 | chunks=6 preempt=0 missed=0 ebusy=0 rej=0 | pumps=4403 hk=4402 | scan_us=565200/6 track_us=144100/683 | end ok=0 abrt=2 miss=0 fail=0 deny=6 replan=0[0m
[00:19:32.562,184] [0m<inf> radiant_gate_mpsl: hi: acq=684 den=0 resv=0 pend=684 blk=0 grant=683[0m
[00:19:32.562,196] [0m<inf> radiant_gate_mpsl: seam: grant=685 nostage=0 prog=685/0 | sigrad=1369 sigt0=763 isr=1369 end=686 dis=0 term=6 | ramp=685/2 state=0 ev=0x13 rxen saved=0x80000014 cont=0x13f a=0x80000014 p=0x80000014 e=0x80000014 inten=0x00000140[0m
[00:19:32.562,206] [0m<inf> radiant_gate_mpsl: sw: n=683 wipe=0 ramp=683 wipe+ramp=0 rx=683 wipe+rx=0 | started=683 early=0/0us last=2636us | open lead=230us max=257us late=0 glen=4888 cc0=2888[0m
[00:19:32.562,238] [0m<inf> radiant_gate_mpsl: hiend: timer0=683 | lasted=2889us max=3486us | dur=2865us max=3463us short=0 | t0arm=32us stale=685[0m
[00:19:32.562,269] [0m<inf> radiant_gate_mpsl: gate: acq=692 in_grant=683/683 placed=692 granted=687 blocked=4 cancel=0 eagain=33 near=0 long=0 ext=78/2 dead=0 | den pend=1 anch=1 dist=0 degen=0 nosess=0 owed=0 | sent grant=1 dead=0 blk=4 supp=683 | end=687 (norm=687 rel=0 idle=0 late=0) | bad over=0 inval=0 unk=0 inl=4 | len=4888/4888 el=3500 skew=8548 brun=0 sig=7 g=0 hw=0 p=1 rel=0 end=1 boot=0 anchor=1 owes=1[0m
[00:19:33.356,258] [0m<inf> radiant_api: SWEEP set=1 steer=0 dwell=85425/260000 adv=1 sweeps=0 win=1 ok=3 searching=0 carrier=255 | chunks=6 preempt=0 missed=0 ebusy=0 rej=0 | pumps=4429 hk=4428 | scan_us=565200/6 track_us=144916/687 | end ok=0 abrt=2 miss=0 fail=0 deny=6 replan=0[0m
[00:19:33.562,363] [0m<inf> radiant_gate_mpsl: hi: acq=688 den=0 resv=0 pend=688 blk=0 grant=687[0m
[00:19:33.562,374] [0m<inf> radiant_gate_mpsl: seam: grant=689 nostage=0 prog=689/0 | sigrad=1377 sigt0=767 isr=1377 end=690 dis=0 term=6 | ramp=689/2 state=0 ev=0x13 rxen saved=0x80000014 cont=0x13f a=0x80000014 p=0x80000014 e=0x80000014 inten=0x00000140[0m
[00:19:33.562,391] [0m<inf> radiant_gate_mpsl: sw: n=687 wipe=0 ramp=687 wipe+ramp=0 rx=687 wipe+rx=0 | started=687 early=0/0us last=2662us | open lead=203us max=257us late=0 glen=4888 cc0=2888[0m
[00:19:33.562,426] [0m<inf> radiant_gate_mpsl: hiend: timer0=687 | lasted=2888us max=3486us | dur=2865us max=3463us short=0 | t0arm=32us stale=689[0m
[00:19:33.562,445] [0m<inf> radiant_gate_mpsl: gate: acq=696 in_grant=687/687 placed=696 granted=691 blocked=4 cancel=0 eagain=33 near=0 long=0 ext=78/2 dead=0 | den pend=1 anch=1 dist=0 degen=0 nosess=0 owed=0 | sent grant=1 dead=0 blk=4 supp=687 | end=691 (norm=691 rel=0 idle=0 late=0) | bad over=0 inval=0 unk=0 inl=4 | len=4888/4888 el=3500 skew=8548 brun=0 sig=7 g=0 hw=0 p=1 rel=0 end=1 boot=0 anchor=1 owes=1[0m
[00:19:34.405,149] [0m<inf> radiant_api: SWEEP set=1 steer=0 dwell=85425/260000 adv=1 sweeps=0 win=1 ok=3 searching=0 carrier=255 | chunks=6 preempt=0 missed=0 ebusy=0 rej=0 | pumps=4454 hk=4453 | scan_us=565200/6 track_us=145732/691 | end ok=0 abrt=2 miss=0 fail=0 deny=6 replan=0[0m
[00:19:34.562,525] [0m<inf> radiant_gate_mpsl: hi: acq=692 den=0 resv=0 pend=692 blk=0 grant=691[0m
[00:19:34.562,542] [0m<inf> radiant_gate_mpsl: seam: grant=693 nostage=0 prog=693/0 | sigrad=1385 sigt0=771 isr=1385 end=694 dis=0 term=6 | ramp=693/2 state=0 ev=0x13 rxen saved=0x80000014 cont=0x13f a=0x80000014 p=0x80000014 e=0x80000014 inten=0x00000140[0m
[00:19:34.562,551] [0m<inf> radiant_gate_mpsl: sw: n=691 wipe=0 ramp=691 wipe+ramp=0 rx=691 wipe+rx=0 | started=691 early=0/0us last=2636us | open lead=229us max=257us late=0 glen=4888 cc0=2888[0m
[00:19:34.562,594] [0m<inf> radiant_gate_mpsl: hiend: timer0=691 | lasted=2889us max=3486us | dur=2865us max=3463us short=0 | t0arm=32us stale=693[0m
[00:19:34.562,612] [0m<inf> radiant_gate_mpsl: gate: acq=700 in_grant=691/691 placed=700 granted=695 blocked=4 cancel=0 eagain=33 near=0 long=0 ext=78/2 dead=0 | den pend=1 anch=1 dist=0 degen=0 nosess=0 owed=0 | sent grant=1 dead=0 blk=4 supp=691 | end=695 (norm=695 rel=0 idle=0 late=0) | bad over=0 inval=0 unk=0 inl=4 | len=4888/4888 el=3500 skew=8548 brun=0 sig=7 g=0 hw=0 p=1 rel=0 end=1 boot=0 anchor=1 owes=1[0m
[00:19:35.454,135] [0m<inf> radiant_api: SWEEP set=1 steer=0 dwell=85425/260000 adv=1 sweeps=0 win=1 ok=3 searching=0 carrier=255 | chunks=6 preempt=0 missed=0 ebusy=0 rej=0 | pumps=4479 hk=4478 | scan_us=565200/6 track_us=146548/695 | end ok=0 abrt=2 miss=0 fail=0 deny=6 replan=0[0m
[00:19:35.562,671] [0m<inf> radiant_gate_mpsl: hi: acq=696 den=0 resv=0 pend=696 blk=0 grant=695[0m
[00:19:35.562,683] [0m<inf> radiant_gate_mpsl: seam: grant=697 nostage=0 prog=697/0 | sigrad=1393 sigt0=775 isr=1393 end=698 dis=0 term=6 | ramp=697/2 state=0 ev=0x13 rxen saved=0x80000014 cont=0x13f a=0x80000014 p=0x80000014 e=0x80000014 inten=0x00000140[0m
[00:19:35.562,692] [0m<inf> radiant_gate_mpsl: sw: n=695 wipe=0 ramp=695 wipe+ramp=0 rx=695 wipe+rx=0 | started=695 early=0/0us last=2635us | open lead=229us max=257us late=0 glen=4888 cc0=2888[0m
[00:19:35.562,723] [0m<inf> radiant_gate_mpsl: hiend: timer0=695 | lasted=2889us max=3486us | dur=2865us max=3463us short=0 | t0arm=32us stale=697[0m
[00:19:35.562,754] [0m<inf> radiant_gate_mpsl: gate: acq=704 in_grant=695/695 placed=704 granted=699 blocked=4 cancel=0 eagain=33 near=0 long=0 ext=78/2 dead=0 | den pend=1 anch=1 dist=0 degen=0 nosess=0 owed=0 | sent grant=1 dead=0 blk=4 supp=695 | end=699 (norm=699 rel=0 idle=0 late=0) | bad over=0 inval=0 unk=0 inl=4 | len=4888/4888 el=3500 skew=8548 brun=0 sig=7 g=0 hw=0 p=1 rel=0 end=1 boot=0 anchor=1 owes=1[0m
[00:19:36.503,176] [0m<inf> radiant_api: SWEEP set=1 steer=0 dwell=85425/260000 adv=1 sweeps=0 win=1 ok=3 searching=0 carrier=255 | chunks=6 preempt=0 missed=0 ebusy=0 rej=0 | pumps=4504 hk=4503 | scan_us=565200/6 track_us=147364/699 | end ok=0 abrt=2 miss=0 fail=0 deny=6 replan=0[0m
[00:19:36.562,851] [0m<inf> radiant_gate_mpsl: hi: acq=700 den=0 resv=0 pend=700 blk=0 grant=699[0m
[00:19:36.562,862] [0m<inf> radiant_gate_mpsl: seam: grant=701 nostage=0 prog=701/0 | sigrad=1401 sigt0=779 isr=1401 end=702 dis=0 term=6 | ramp=701/2 state=0 ev=0x13 rxen saved=0x80000014 cont=0x13f a=0x80000014 p=0x80000014 e=0x80000014 inten=0x00000140[0m
[00:19:36.562,879] [0m<inf> radiant_gate_mpsl: sw: n=699 wipe=0 ramp=699 wipe+ramp=0 rx=699 wipe+rx=0 | started=699 early=0/0us last=2635us | open lead=231us max=257us late=0 glen=4888 cc0=2888[0m
[00:19:36.562,914] [0m<inf> radiant_gate_mpsl: hiend: timer0=699 | lasted=2890us max=3486us | dur=2867us max=3463us short=0 | t0arm=31us stale=701[0m
[00:19:36.562,933] [0m<inf> radiant_gate_mpsl: gate: acq=708 in_grant=699/699 placed=708 granted=703 blocked=4 cancel=0 eagain=35 near=0 long=0 ext=78/2 dead=0 | den pend=1 anch=1 dist=0 degen=0 nosess=0 owed=0 | sent grant=1 dead=0 blk=4 supp=699 | end=703 (norm=703 rel=0 idle=0 late=0) | bad over=0 inval=0 unk=0 inl=4 | len=4888/4888 el=3500 skew=8548 brun=0 sig=7 g=0 hw=0 p=1 rel=0 end=1 boot=0 anchor=1 owes=1[0m
[00:19:37.550,895] [0m<inf> radiant_api: SWEEP set=1 steer=0 dwell=85425/260000 adv=1 sweeps=0 win=1 ok=3 searching=0 carrier=255 | chunks=6 preempt=0 missed=0 ebusy=0 rej=0 | pumps=4529 hk=4528 | scan_us=565200/6 track_us=148384/704 | end ok=0 abrt=2 miss=0 fail=0 deny=6 replan=0[0m
[00:19:37.563,000] [0m<inf> radiant_gate_mpsl: hi: acq=704 den=0 resv=0 pend=704 blk=0 grant=703[0m
[00:19:37.563,011] [0m<inf> radiant_gate_mpsl: seam: grant=705 nostage=0 prog=705/0 | sigrad=1409 sigt0=783 isr=1409 end=706 dis=0 term=6 | ramp=705/2 state=0 ev=0x13 rxen saved=0x80000014 cont=0x13f a=0x80000014 p=0x80000014 e=0x80000014 inten=0x00000140[0m
[00:19:37.563,021] [0m<inf> radiant_gate_mpsl: sw: n=703 wipe=0 ramp=703 wipe+ramp=0 rx=703 wipe+rx=0 | started=703 early=0/0us last=2636us | open lead=229us max=257us late=0 glen=4888 cc0=2888[0m
[00:19:37.563,052] [0m<inf> radiant_gate_mpsl: hiend: timer0=703 | lasted=2889us max=3486us | dur=2866us max=3463us short=0 | t0arm=32us stale=705[0m
[00:19:37.563,079] [0m<inf> radiant_gate_mpsl: gate: acq=712 in_grant=703/703 placed=712 granted=707 blocked=4 cancel=0 eagain=35 near=0 long=0 ext=78/2 dead=0 | den pend=1 anch=1 dist=0 degen=0 nosess=0 owed=0 | sent grant=1 dead=0 blk=4 supp=703 | end=707 (norm=707 rel=0 idle=0 late=0) | bad over=0 inval=0 unk=0 inl=4 | len=4888/4888 el=3500 skew=8548 brun=0 sig=7 g=0 hw=0 p=1 rel=0 end=1 boot=0 anchor=1 owes=1[0m
[00:19:38.563,176] [0m<inf> radiant_gate_mpsl: hi: acq=708 den=0 resv=0 pend=708 blk=0 grant=707[0m
[00:19:38.563,193] [0m<inf> radiant_gate_mpsl: seam: grant=709 nostage=0 prog=709/0 | sigrad=1417 sigt0=787 isr=1417 end=710 dis=0 term=6 | ramp=709/2 state=0 ev=0x13 rxen saved=0x80000014 cont=0x13f a=0x80000014 p=0x80000014 e=0x80000014 inten=0x00000140[0m
[00:19:38.563,201] [0m<inf> radiant_gate_mpsl: sw: n=707 wipe=0 ramp=707 wipe+ramp=0 rx=707 wipe+rx=0 | started=707 early=0/0us last=2635us | open lead=231us max=257us late=0 glen=4888 cc0=2888[0m
[00:19:38.563,245] [0m<inf> radiant_gate_mpsl: hiend: timer0=707 | lasted=2890us max=3486us | dur=2867us max=3463us short=0 | t0arm=31us stale=709[0m
[00:19:38.563,265] [0m<inf> radiant_gate_mpsl: gate: acq=716 in_grant=707/707 placed=716 granted=711 blocked=4 cancel=0 eagain=35 near=0 long=0 ext=78/2 dead=0 | den pend=1 anch=1 dist=0 degen=0 nosess=0 owed=0 | sent grant=1 dead=0 blk=4 supp=707 | end=711 (norm=711 rel=0 idle=0 late=0) | bad over=0 inval=0 unk=0 inl=4 | len=4888/4888 el=3500 skew=8548 brun=0 sig=7 g=0 hw=0 p=1 rel=0 end=1 boot=0 anchor=1 owes=1[0m
[00:19:38.599,871] [0m<inf> radiant_api: SWEEP set=1 steer=0 dwell=85425/260000 adv=1 sweeps=0 win=1 ok=3 searching=0 carrier=255 | chunks=6 preempt=0 missed=0 ebusy=0 rej=0 | pumps=4555 hk=4554 | scan_us=565200/6 track_us=149200/708 | end ok=0 abrt=2 miss=0 fail=0 deny=6 replan=0[0m
[00:19:38.856,154] [0m<inf> thread_coex: thread load: role=2 sent=1800 failed=0 interval=100ms payload=64B[0m
[00:19:38.856,164] [0m<inf> thread_coex: thread lat us: <64=0 64=0 128=1797 256=3 512=0 1k=0 2k=0 4k=0 8k=0 16k=0 32k=0 64k=0 >=128k=0 max=311[0m
[00:19:38.856,172] [0m<inf> thread_coex: thread mac d: tx=100 retry=0 cca=0 abort=0 busy=0 | tot tx=1807 retry=14 cca=0 abort=0 busy=0[0m
[00:19:39.563,355] [0m<inf> radiant_gate_mpsl: hi: acq=712 den=0 resv=0 pend=712 blk=0 grant=711[0m
[00:19:39.563,369] [0m<inf> radiant_gate_mpsl: seam: grant=713 nostage=0 prog=713/0 | sigrad=1425 sigt0=791 isr=1425 end=714 dis=0 term=6 | ramp=713/2 state=0 ev=0x13 rxen saved=0x80000014 cont=0x13f a=0x80000014 p=0x80000014 e=0x80000014 inten=0x00000140[0m
[00:19:39.563,378] [0m<inf> radiant_gate_mpsl: sw: n=711 wipe=0 ramp=711 wipe+ramp=0 rx=711 wipe+rx=0 | started=711 early=0/0us last=2635us | open lead=232us max=257us late=0 glen=4888 cc0=2888[0m
[00:19:39.563,419] [0m<inf> radiant_gate_mpsl: hiend: timer0=711 | lasted=2889us max=3486us | dur=2866us max=3463us short=0 | t0arm=31us stale=713[0m
[00:19:39.563,437] [0m<inf> radiant_gate_mpsl: gate: acq=720 in_grant=711/711 placed=720 granted=715 blocked=4 cancel=0 eagain=35 near=0 long=0 ext=78/2 dead=0 | den pend=1 anch=1 dist=0 degen=0 nosess=0 owed=0 | sent grant=1 dead=0 blk=4 supp=711 | end=715 (norm=715 rel=0 idle=0 late=0) | bad over=0 inval=0 unk=0 inl=4 | len=4888/4888 el=3500 skew=8548 brun=0 sig=7 g=0 hw=0 p=1 rel=0 end=1 boot=0 anchor=1 owes=1[0m
[00:19:39.648,730] [0m<inf> radiant_api: SWEEP set=1 steer=0 dwell=85425/260000 adv=1 sweeps=0 win=1 ok=3 searching=0 carrier=255 | chunks=6 preempt=0 missed=0 ebusy=0 rej=0 | pumps=4580 hk=4579 | scan_us=565200/6 track_us=150016/712 | end ok=0 abrt=2 miss=0 fail=0 deny=6 replan=0[0m
[00:19:40.563,522] [0m<inf> radiant_gate_mpsl: hi: acq=716 den=0 resv=0 pend=716 blk=0 grant=715[0m
[00:19:40.563,539] [0m<inf> radiant_gate_mpsl: seam: grant=717 nostage=0 prog=717/0 | sigrad=1433 sigt0=795 isr=1433 end=718 dis=0 term=6 | ramp=717/2 state=0 ev=0x13 rxen saved=0x80000014 cont=0x13f a=0x80000014 p=0x80000014 e=0x80000014 inten=0x00000140[0m
[00:19:40.563,548] [0m<inf> radiant_gate_mpsl: sw: n=715 wipe=0 ramp=715 wipe+ramp=0 rx=715 wipe+rx=0 | started=715 early=0/0us last=2634us | open lead=232us max=257us late=0 glen=4888 cc0=2888[0m
[00:19:40.563,582] [0m<inf> radiant_gate_mpsl: hiend: timer0=715 | lasted=2889us max=3486us | dur=2866us max=3463us short=0 | t0arm=31us stale=717[0m
[00:19:40.563,610] [0m<inf> radiant_gate_mpsl: gate: acq=724 in_grant=715/715 placed=724 granted=719 blocked=4 cancel=0 eagain=35 near=0 long=0 ext=78/2 dead=0 | den pend=1 anch=1 dist=0 degen=0 nosess=0 owed=0 | sent grant=1 dead=0 blk=4 supp=715 | end=719 (norm=719 rel=0 idle=0 late=0) | bad over=0 inval=0 unk=0 inl=4 | len=4888/4888 el=3500 skew=8548 brun=0 sig=7 g=0 hw=0 p=1 rel=0 end=1 boot=0 anchor=1 owes=1[0m
[00:19:40.697,734] [0m<inf> radiant_api: SWEEP set=1 steer=0 dwell=85425/260000 adv=1 sweeps=0 win=1 ok=3 searching=0 carrier=255 | chunks=6 preempt=0 missed=0 ebusy=0 rej=0 | pumps=4605 hk=4604 | scan_us=565200/6 track_us=150832/716 | end ok=0 abrt=2 miss=0 fail=0 deny=6 replan=0[0m
[00:19:41.563,655] [0m<inf> radiant_gate_mpsl: hi: acq=720 den=0 resv=0 pend=720 blk=0 grant=719[0m
[00:19:41.563,667] [0m<inf> radiant_gate_mpsl: seam: grant=721 nostage=0 prog=721/0 | sigrad=1441 sigt0=799 isr=1441 end=722 dis=0 term=6 | ramp=721/2 state=0 ev=0x13 rxen saved=0x80000014 cont=0x13f a=0x80000014 p=0x80000014 e=0x80000014 inten=0x00000140[0m
[00:19:41.563,676] [0m<inf> radiant_gate_mpsl: sw: n=719 wipe=0 ramp=719 wipe+ramp=0 rx=719 wipe+rx=0 | started=719 early=0/0us last=2635us | open lead=231us max=257us late=0 glen=4888 cc0=2888[0m
[00:19:41.563,719] [0m<inf> radiant_gate_mpsl: hiend: timer0=719 | lasted=2889us max=3486us | dur=2866us max=3463us short=0 | t0arm=31us stale=721[0m
[00:19:41.563,741] [0m<inf> radiant_gate_mpsl: gate: acq=728 in_grant=719/719 placed=728 granted=723 blocked=4 cancel=0 eagain=35 near=0 long=0 ext=78/2 dead=0 | den pend=1 anch=1 dist=0 degen=0 nosess=0 owed=0 | sent grant=1 dead=0 blk=4 supp=719 | end=723 (norm=723 rel=0 idle=0 late=0) | bad over=0 inval=0 unk=0 inl=4 | len=4888/4888 el=3500 skew=8548 brun=0 sig=7 g=0 hw=0 p=1 rel=0 end=1 boot=0 anchor=1 owes=1[0m
[00:19:41.746,659] [0m<inf> radiant_api: SWEEP set=1 steer=0 dwell=85425/260000 adv=1 sweeps=0 win=1 ok=3 searching=0 carrier=255 | chunks=6 preempt=0 missed=0 ebusy=0 rej=0 | pumps=4630 hk=4629 | scan_us=565200/6 track_us=151648/720 | end ok=0 abrt=2 miss=0 fail=0 deny=6 replan=0[0m
[00:19:42.563,853] [0m<inf> radiant_gate_mpsl: hi: acq=724 den=0 resv=0 pend=724 blk=0 grant=723[0m
[00:19:42.563,870] [0m<inf> radiant_gate_mpsl: seam: grant=725 nostage=0 prog=725/0 | sigrad=1449 sigt0=803 isr=1449 end=726 dis=0 term=6 | ramp=725/2 state=0 ev=0x13 rxen saved=0x80000014 cont=0x13f a=0x80000014 p=0x80000014 e=0x80000014 inten=0x00000140[0m
[00:19:42.563,879] [0m<inf> radiant_gate_mpsl: sw: n=723 wipe=0 ramp=723 wipe+ramp=0 rx=723 wipe+rx=0 | started=723 early=0/0us last=2635us | open lead=231us max=257us late=0 glen=4888 cc0=2888[0m
[00:19:42.563,913] [0m<inf> radiant_gate_mpsl: hiend: timer0=723 | lasted=2889us max=3486us | dur=2866us max=3463us short=0 | t0arm=31us stale=725[0m
[00:19:42.563,932] [0m<inf> radiant_gate_mpsl: gate: acq=732 in_grant=723/723 placed=732 granted=727 blocked=4 cancel=0 eagain=35 near=0 long=0 ext=78/2 dead=0 | den pend=1 anch=1 dist=0 degen=0 nosess=0 owed=0 | sent grant=1 dead=0 blk=4 supp=723 | end=727 (norm=727 rel=0 idle=0 late=0) | bad over=0 inval=0 unk=0 inl=4 | len=4888/4888 el=3500 skew=8548 brun=0 sig=7 g=0 hw=0 p=1 rel=0 end=1 boot=0 anchor=1 owes=1[0m
[00:19:42.794,534] [0m<inf> radiant_api: SWEEP set=1 steer=0 dwell=85425/260000 adv=1 sweeps=0 win=1 ok=3 searching=0 carrier=255 | chunks=6 preempt=0 missed=0 ebusy=0 rej=0 | pumps=4655 hk=4654 | scan_us=565200/6 track_us=152668/725 | end ok=0 abrt=2 miss=0 fail=0 deny=6 replan=0[0m
[00:19:43.563,983] [0m<inf> radiant_gate_mpsl: hi: acq=728 den=0 resv=0 pend=728 blk=0 grant=727[0m
[00:19:43.563,995] [0m<inf> radiant_gate_mpsl: seam: grant=729 nostage=0 prog=729/0 | sigrad=1457 sigt0=807 isr=1457 end=730 dis=0 term=6 | ramp=729/2 state=0 ev=0x13 rxen saved=0x80000014 cont=0x13f a=0x80000014 p=0x80000014 e=0x80000014 inten=0x00000140[0m
[00:19:43.564,004] [0m<inf> radiant_gate_mpsl: sw: n=727 wipe=0 ramp=727 wipe+ramp=0 rx=727 wipe+rx=0 | started=727 early=0/0us last=2635us | open lead=231us max=257us late=0 glen=4888 cc0=2888[0m
[00:19:43.564,035] [0m<inf> radiant_gate_mpsl: hiend: timer0=727 | lasted=2890us max=3486us | dur=2867us max=3463us short=0 | t0arm=31us stale=729[0m
[00:19:43.564,056] [0m<inf> radiant_gate_mpsl: gate: acq=736 in_grant=727/727 placed=736 granted=731 blocked=4 cancel=0 eagain=35 near=0 long=0 ext=78/2 dead=0 | den pend=1 anch=1 dist=0 degen=0 nosess=0 owed=0 | sent grant=1 dead=0 blk=4 supp=727 | end=731 (norm=731 rel=0 idle=0 late=0) | bad over=0 inval=0 unk=0 inl=4 | len=4888/4888 el=3500 skew=8548 brun=0 sig=7 g=0 hw=0 p=1 rel=0 end=1 boot=0 anchor=1 owes=1[0m
[00:19:43.843,519] [0m<inf> radiant_api: SWEEP set=1 steer=0 dwell=85425/260000 adv=1 sweeps=0 win=1 ok=3 searching=0 carrier=255 | chunks=6 preempt=0 missed=0 ebusy=0 rej=0 | pumps=4681 hk=4680 | scan_us=565200/6 track_us=153484/729 | end ok=0 abrt=2 miss=0 fail=0 deny=6 replan=0[0m
[00:19:44.564,130] [0m<inf> radiant_gate_mpsl: hi: acq=732 den=0 resv=0 pend=732 blk=0 grant=731[0m
[00:19:44.564,141] [0m<inf> radiant_gate_mpsl: seam: grant=733 nostage=0 prog=733/0 | sigrad=1465 sigt0=811 isr=1465 end=734 dis=0 term=6 | ramp=733/2 state=0 ev=0x13 rxen saved=0x80000014 cont=0x13f a=0x80000014 p=0x80000014 e=0x80000014 inten=0x00000140[0m
[00:19:44.564,152] [0m<inf> radiant_gate_mpsl: sw: n=731 wipe=0 ramp=731 wipe+ramp=0 rx=731 wipe+rx=0 | started=731 early=0/0us last=2635us | open lead=232us max=257us late=0 glen=4888 cc0=2888[0m
[00:19:44.564,187] [0m<inf> radiant_gate_mpsl: hiend: timer0=731 | lasted=2889us max=3486us | dur=2866us max=3463us short=0 | t0arm=31us stale=733[0m
[00:19:44.564,205] [0m<inf> radiant_gate_mpsl: gate: acq=740 in_grant=731/731 placed=740 granted=735 blocked=4 cancel=0 eagain=35 near=0 long=0 ext=78/2 dead=0 | den pend=1 anch=1 dist=0 degen=0 nosess=0 owed=0 | sent grant=1 dead=0 blk=4 supp=731 | end=735 (norm=735 rel=0 idle=0 late=0) | bad over=0 inval=0 unk=0 inl=4 | len=4888/4888 el=3500 skew=8548 brun=0 sig=7 g=0 hw=0 p=1 rel=0 end=1 boot=0 anchor=1 owes=1[0m
[00:19:44.892,444] [0m<inf> radiant_api: SWEEP set=1 steer=0 dwell=85425/260000 adv=1 sweeps=0 win=1 ok=3 searching=0 carrier=255 | chunks=6 preempt=0 missed=0 ebusy=0 rej=0 | pumps=4706 hk=4705 | scan_us=565200/6 track_us=154300/733 | end ok=0 abrt=2 miss=0 fail=0 deny=6 replan=0[0m
[00:19:45.564,293] [0m<inf> radiant_gate_mpsl: hi: acq=736 den=0 resv=0 pend=736 blk=0 grant=735[0m
[00:19:45.564,310] [0m<inf> radiant_gate_mpsl: seam: grant=737 nostage=0 prog=737/0 | sigrad=1473 sigt0=815 isr=1473 end=738 dis=0 term=6 | ramp=737/2 state=0 ev=0x13 rxen saved=0x80000014 cont=0x13f a=0x80000014 p=0x80000014 e=0x80000014 inten=0x00000140[0m
[00:19:45.564,319] [0m<inf> radiant_gate_mpsl: sw: n=735 wipe=0 ramp=735 wipe+ramp=0 rx=735 wipe+rx=0 | started=735 early=0/0us last=2635us | open lead=231us max=257us late=0 glen=4888 cc0=2888[0m
[00:19:45.564,353] [0m<inf> radiant_gate_mpsl: hiend: timer0=735 | lasted=2890us max=3486us | dur=2867us max=3463us short=0 | t0arm=31us stale=737[0m
[00:19:45.564,371] [0m<inf> radiant_gate_mpsl: gate: acq=744 in_grant=735/735 placed=744 granted=739 blocked=4 cancel=0 eagain=35 near=0 long=0 ext=78/2 dead=0 | den pend=1 anch=1 dist=0 degen=0 nosess=0 owed=0 | sent grant=1 dead=0 blk=4 supp=735 | end=739 (norm=739 rel=0 idle=0 late=0) | bad over=0 inval=0 unk=0 inl=4 | len=4888/4888 el=3500 skew=8548 brun=0 sig=7 g=0 hw=0 p=1 rel=0 end=1 boot=0 anchor=1 owes=1[0m
[00:19:45.940,095] [0m<inf> radiant_api: SWEEP set=1 steer=0 dwell=85425/260000 adv=1 sweeps=0 win=1 ok=3 searching=0 carrier=255 | chunks=6 preempt=0 missed=0 ebusy=0 rej=0 | pumps=4731 hk=4730 | scan_us=565200/6 track_us=155116/737 | end ok=0 abrt=2 miss=0 fail=0 deny=6 replan=0[0m
[00:19:46.564,439] [0m<inf> radiant_gate_mpsl: hi: acq=740 den=0 resv=0 pend=740 blk=0 grant=739[0m
[00:19:46.564,451] [0m<inf> radiant_gate_mpsl: seam: grant=741 nostage=0 prog=741/0 | sigrad=1481 sigt0=819 isr=1481 end=742 dis=0 term=6 | ramp=741/2 state=0 ev=0x13 rxen saved=0x80000014 cont=0x13f a=0x80000014 p=0x80000014 e=0x80000014 inten=0x00000140[0m
[00:19:46.564,460] [0m<inf> radiant_gate_mpsl: sw: n=739 wipe=0 ramp=739 wipe+ramp=0 rx=739 wipe+rx=0 | started=739 early=0/0us last=2635us | open lead=231us max=257us late=0 glen=4888 cc0=2888[0m
[00:19:46.564,491] [0m<inf> radiant_gate_mpsl: hiend: timer0=739 | lasted=2889us max=3486us | dur=2866us max=3463us short=0 | t0arm=31us stale=741[0m
[00:19:46.564,512] [0m<inf> radiant_gate_mpsl: gate: acq=748 in_grant=739/739 placed=748 granted=743 blocked=4 cancel=0 eagain=36 near=0 long=0 ext=78/2 dead=0 | den pend=1 anch=1 dist=0 degen=0 nosess=0 owed=0 | sent grant=1 dead=0 blk=4 supp=739 | end=743 (norm=743 rel=0 idle=0 late=0) | bad over=0 inval=0 unk=0 inl=4 | len=4888/4888 el=3500 skew=8548 brun=0 sig=7 g=0 hw=0 p=1 rel=0 end=1 boot=0 anchor=1 owes=1[0m
[00:19:46.988,329] [0m<inf> radiant_api: SWEEP set=1 steer=0 dwell=85425/260000 adv=1 sweeps=0 win=1 ok=3 searching=0 carrier=255 | chunks=6 preempt=0 missed=0 ebusy=0 rej=0 | pumps=4756 hk=4755 | scan_us=565200/6 track_us=155932/741 | end ok=0 abrt=2 miss=0 fail=0 deny=6 replan=0[0m
[00:19:47.564,618] [0m<inf> radiant_gate_mpsl: hi: acq=744 den=0 resv=0 pend=744 blk=0 grant=743[0m
[00:19:47.564,629] [0m<inf> radiant_gate_mpsl: seam: grant=745 nostage=0 prog=745/0 | sigrad=1489 sigt0=823 isr=1489 end=746 dis=0 term=6 | ramp=745/2 state=0 ev=0x13 rxen saved=0x80000014 cont=0x13f a=0x80000014 p=0x80000014 e=0x80000014 inten=0x00000140[0m
[00:19:47.564,639] [0m<inf> radiant_gate_mpsl: sw: n=743 wipe=0 ramp=743 wipe+ramp=0 rx=743 wipe+rx=0 | started=743 early=0/0us last=2635us | open lead=231us max=257us late=0 glen=4888 cc0=2888[0m
[00:19:47.564,673] [0m<inf> radiant_gate_mpsl: hiend: timer0=743 | lasted=2889us max=3486us | dur=2866us max=3463us short=0 | t0arm=31us stale=745[0m
[00:19:47.564,691] [0m<inf> radiant_gate_mpsl: gate: acq=752 in_grant=743/743 placed=752 granted=747 blocked=4 cancel=0 eagain=37 near=0 long=0 ext=78/2 dead=0 | den pend=1 anch=1 dist=0 degen=0 nosess=0 owed=0 | sent grant=1 dead=0 blk=4 supp=743 | end=747 (norm=747 rel=0 idle=0 late=0) | bad over=0 inval=0 unk=0 inl=4 | len=4888/4888 el=3500 skew=8548 brun=0 sig=7 g=0 hw=0 p=1 rel=0 end=1 boot=0 anchor=1 owes=1[0m
[00:19:47.989,104] [0m<inf> radiant_api: SWEEP set=1 steer=0 dwell=85425/260000 adv=1 sweeps=0 win=1 ok=3 searching=0 carrier=255 | chunks=6 preempt=0 missed=0 ebusy=0 rej=0 | pumps=4780 hk=4779 | scan_us=565200/6 track_us=156748/745 | end ok=0 abrt=2 miss=0 fail=0 deny=6 replan=0[0m
[00:19:48.564,781] [0m<inf> radiant_gate_mpsl: hi: acq=748 den=0 resv=0 pend=748 blk=0 grant=747[0m
[00:19:48.564,798] [0m<inf> radiant_gate_mpsl: seam: grant=749 nostage=0 prog=749/0 | sigrad=1497 sigt0=827 isr=1497 end=750 dis=0 term=6 | ramp=749/2 state=0 ev=0x13 rxen saved=0x80000014 cont=0x13f a=0x80000014 p=0x80000014 e=0x80000014 inten=0x00000140[0m
[00:19:48.564,807] [0m<inf> radiant_gate_mpsl: sw: n=747 wipe=0 ramp=747 wipe+ramp=0 rx=747 wipe+rx=0 | started=747 early=0/0us last=2636us | open lead=230us max=257us late=0 glen=4888 cc0=2888[0m
[00:19:48.564,841] [0m<inf> radiant_gate_mpsl: hiend: timer0=747 | lasted=2890us max=3486us | dur=2867us max=3463us short=0 | t0arm=31us stale=749[0m
[00:19:48.564,859] [0m<inf> radiant_gate_mpsl: gate: acq=756 in_grant=747/747 placed=756 granted=751 blocked=4 cancel=0 eagain=37 near=0 long=0 ext=78/2 dead=0 | den pend=1 anch=1 dist=0 degen=0 nosess=0 owed=0 | sent grant=1 dead=0 blk=4 supp=747 | end=751 (norm=751 rel=0 idle=0 late=0) | bad over=0 inval=0 unk=0 inl=4 | len=4888/4888 el=3500 skew=8548 brun=0 sig=7 g=0 hw=0 p=1 rel=0 end=1 boot=0 anchor=1 owes=1[0m
[00:19:48.879,341] [0m<inf> thread_coex: thread load: role=2 sent=1900 failed=0 interval=100ms payload=64B[0m
[00:19:48.879,351] [0m<inf> thread_coex: thread lat us: <64=0 64=0 128=1897 256=3 512=0 1k=0 2k=0 4k=0 8k=0 16k=0 32k=0 64k=0 >=128k=0 max=311[0m
[00:19:48.879,359] [0m<inf> thread_coex: thread mac d: tx=100 retry=0 cca=0 abort=0 busy=0 | tot tx=1907 retry=14 cca=0 abort=0 busy=0[0m
[00:19:49.036,952] [0m<inf> radiant_api: SWEEP set=1 steer=0 dwell=85425/260000 adv=1 sweeps=0 win=1 ok=3 searching=0 carrier=255 | chunks=6 preempt=0 missed=0 ebusy=0 rej=0 | pumps=4805 hk=4804 | scan_us=565200/6 track_us=157768/750 | end ok=0 abrt=2 miss=0 fail=0 deny=6 replan=0[0m
[00:19:49.564,895] [0m<inf> radiant_gate_mpsl: hi: acq=752 den=0 resv=0 pend=752 blk=0 grant=751[0m
[00:19:49.564,909] [0m<inf> radiant_gate_mpsl: seam: grant=753 nostage=0 prog=753/0 | sigrad=1505 sigt0=831 isr=1505 end=754 dis=0 term=6 | ramp=753/2 state=0 ev=0x13 rxen saved=0x80000014 cont=0x13f a=0x80000014 p=0x80000014 e=0x80000014 inten=0x00000140[0m
[00:19:49.564,918] [0m<inf> radiant_gate_mpsl: sw: n=751 wipe=0 ramp=751 wipe+ramp=0 rx=751 wipe+rx=0 | started=751 early=0/0us last=2635us | open lead=231us max=257us late=0 glen=4888 cc0=2888[0m
[00:19:49.564,949] [0m<inf> radiant_gate_mpsl: hiend: timer0=751 | lasted=2889us max=3486us | dur=2865us max=3463us short=0 | t0arm=32us stale=753[0m
[00:19:49.564,968] [0m<inf> radiant_gate_mpsl: gate: acq=760 in_grant=751/751 placed=760 granted=755 blocked=4 cancel=0 eagain=38 near=0 long=0 ext=78/2 dead=0 | den pend=1 anch=1 dist=0 degen=0 nosess=0 owed=0 | sent grant=1 dead=0 blk=4 supp=751 | end=755 (norm=755 rel=0 idle=0 late=0) | bad over=0 inval=0 unk=0 inl=4 | len=4888/4888 el=3500 skew=8548 brun=0 sig=7 g=0 hw=0 p=1 rel=0 end=1 boot=0 anchor=1 owes=1[0m
[00:19:50.085,923] [0m<inf> radiant_api: SWEEP set=1 steer=0 dwell=85425/260000 adv=1 sweeps=0 win=1 ok=3 searching=0 carrier=255 | chunks=6 preempt=0 missed=0 ebusy=0 rej=0 | pumps=4831 hk=4830 | scan_us=565200/6 track_us=158584/754 | end ok=0 abrt=2 miss=0 fail=0 deny=6 replan=0[0m
[00:19:50.565,042] [0m<inf> radiant_gate_mpsl: hi: acq=756 den=0 resv=0 pend=756 blk=0 grant=755[0m
[00:19:50.565,055] [0m<inf> radiant_gate_mpsl: seam: grant=757 nostage=0 prog=757/0 | sigrad=1513 sigt0=835 isr=1513 end=758 dis=0 term=6 | ramp=757/2 state=0 ev=0x13 rxen saved=0x80000014 cont=0x13f a=0x80000014 p=0x80000014 e=0x80000014 inten=0x00000140[0m
[00:19:50.565,064] [0m<inf> radiant_gate_mpsl: sw: n=755 wipe=0 ramp=755 wipe+ramp=0 rx=755 wipe+rx=0 | started=755 early=0/0us last=2635us | open lead=230us max=257us late=0 glen=4888 cc0=2888[0m
[00:19:50.565,098] [0m<inf> radiant_gate_mpsl: hiend: timer0=755 | lasted=2889us max=3486us | dur=2866us max=3463us short=0 | t0arm=32us stale=757[0m
[00:19:50.565,116] [0m<inf> radiant_gate_mpsl: gate: acq=764 in_grant=755/755 placed=764 granted=759 blocked=4 cancel=0 eagain=39 near=0 long=0 ext=78/2 dead=0 | den pend=1 anch=1 dist=0 degen=0 nosess=0 owed=0 | sent grant=1 dead=0 blk=4 supp=755 | end=759 (norm=759 rel=0 idle=0 late=0) | bad over=0 inval=0 unk=0 inl=4 | len=4888/4888 el=3500 skew=8548 brun=0 sig=7 g=0 hw=0 p=1 rel=0 end=1 boot=0 anchor=1 owes=1[0m
[00:19:51.135,382] [0m<inf> radiant_api: SWEEP set=1 steer=0 dwell=85425/260000 adv=1 sweeps=0 win=1 ok=3 searching=0 carrier=255 | chunks=6 preempt=0 missed=0 ebusy=0 rej=0 | pumps=4856 hk=4855 | scan_us=565200/6 track_us=159400/758 | end ok=0 abrt=2 miss=0 fail=0 deny=6 replan=0[0m
[00:19:51.565,204] [0m<inf> radiant_gate_mpsl: hi: acq=760 den=0 resv=0 pend=760 blk=0 grant=759[0m
[00:19:51.565,221] [0m<inf> radiant_gate_mpsl: seam: grant=761 nostage=0 prog=761/0 | sigrad=1521 sigt0=839 isr=1521 end=762 dis=0 term=6 | ramp=761/2 state=0 ev=0x13 rxen saved=0x80000014 cont=0x13f a=0x80000014 p=0x80000014 e=0x80000014 inten=0x00000140[0m
[00:19:51.565,230] [0m<inf> radiant_gate_mpsl: sw: n=759 wipe=0 ramp=759 wipe+ramp=0 rx=759 wipe+rx=0 | started=759 early=0/0us last=2635us | open lead=230us max=257us late=0 glen=4888 cc0=2888[0m
[00:19:51.565,264] [0m<inf> radiant_gate_mpsl: hiend: timer0=759 | lasted=2889us max=3486us | dur=2865us max=3463us short=0 | t0arm=32us stale=761[0m
[00:19:51.565,282] [0m<inf> radiant_gate_mpsl: gate: acq=768 in_grant=759/759 placed=768 granted=763 blocked=4 cancel=0 eagain=40 near=0 long=0 ext=78/2 dead=0 | den pend=1 anch=1 dist=0 degen=0 nosess=0 owed=0 | sent grant=1 dead=0 blk=4 supp=759 | end=763 (norm=763 rel=0 idle=0 late=0) | bad over=0 inval=0 unk=0 inl=4 | len=4888/4888 el=3500 skew=8548 brun=0 sig=7 g=0 hw=0 p=1 rel=0 end=1 boot=0 anchor=1 owes=1[0m
[00:19:52.183,760] [0m<inf> radiant_api: SWEEP set=1 steer=0 dwell=85425/260000 adv=1 sweeps=0 win=1 ok=3 searching=0 carrier=255 | chunks=6 preempt=0 missed=0 ebusy=0 rej=0 | pumps=4881 hk=4880 | scan_us=565200/6 track_us=160216/762 | end ok=0 abrt=2 miss=0 fail=0 deny=6 replan=0[0m
[00:19:52.565,351] [0m<inf> radiant_gate_mpsl: hi: acq=764 den=0 resv=0 pend=764 blk=0 grant=763[0m
[00:19:52.565,363] [0m<inf> radiant_gate_mpsl: seam: grant=765 nostage=0 prog=765/0 | sigrad=1529 sigt0=843 isr=1529 end=766 dis=0 term=6 | ramp=765/2 state=0 ev=0x13 rxen saved=0x80000014 cont=0x13f a=0x80000014 p=0x80000014 e=0x80000014 inten=0x00000140[0m
[00:19:52.565,372] [0m<inf> radiant_gate_mpsl: sw: n=763 wipe=0 ramp=763 wipe+ramp=0 rx=763 wipe+rx=0 | started=763 early=0/0us last=2635us | open lead=231us max=257us late=0 glen=4888 cc0=2888[0m
[00:19:52.565,403] [0m<inf> radiant_gate_mpsl: hiend: timer0=763 | lasted=2889us max=3486us | dur=2865us max=3463us short=0 | t0arm=32us stale=765[0m
[00:19:52.565,424] [0m<inf> radiant_gate_mpsl: gate: acq=772 in_grant=763/763 placed=772 granted=767 blocked=4 cancel=0 eagain=40 near=0 long=0 ext=78/2 dead=0 | den pend=1 anch=1 dist=0 degen=0 nosess=0 owed=0 | sent grant=1 dead=0 blk=4 supp=763 | end=767 (norm=767 rel=0 idle=0 late=0) | bad over=0 inval=0 unk=0 inl=4 | len=4888/4888 el=3500 skew=8548 brun=0 sig=7 g=0 hw=0 p=1 rel=0 end=1 boot=0 anchor=1 owes=1[0m
[00:19:53.232,733] [0m<inf> radiant_api: SWEEP set=1 steer=0 dwell=85425/260000 adv=1 sweeps=0 win=1 ok=3 searching=0 carrier=255 | chunks=6 preempt=0 missed=0 ebusy=0 rej=0 | pumps=4906 hk=4905 | scan_us=565200/6 track_us=161032/766 | end ok=0 abrt=2 miss=0 fail=0 deny=6 replan=0[0m
[00:19:53.565,498] [0m<inf> radiant_gate_mpsl: hi: acq=768 den=0 resv=0 pend=768 blk=0 grant=767[0m
[00:19:53.565,509] [0m<inf> radiant_gate_mpsl: seam: grant=769 nostage=0 prog=769/0 | sigrad=1537 sigt0=847 isr=1537 end=770 dis=0 term=6 | ramp=769/2 state=0 ev=0x13 rxen saved=0x80000014 cont=0x13f a=0x80000014 p=0x80000014 e=0x80000014 inten=0x00000140[0m
[00:19:53.565,519] [0m<inf> radiant_gate_mpsl: sw: n=767 wipe=0 ramp=767 wipe+ramp=0 rx=767 wipe+rx=0 | started=767 early=0/0us last=2634us | open lead=231us max=257us late=0 glen=4888 cc0=2888[0m
[00:19:53.565,553] [0m<inf> radiant_gate_mpsl: hiend: timer0=767 | lasted=2889us max=3486us | dur=2866us max=3463us short=0 | t0arm=32us stale=769[0m
[00:19:53.565,571] [0m<inf> radiant_gate_mpsl: gate: acq=776 in_grant=767/767 placed=776 granted=771 blocked=4 cancel=0 eagain=40 near=0 long=0 ext=78/2 dead=0 | den pend=1 anch=1 dist=0 degen=0 nosess=0 owed=0 | sent grant=1 dead=0 blk=4 supp=767 | end=771 (norm=771 rel=0 idle=0 late=0) | bad over=0 inval=0 unk=0 inl=4 | len=4888/4888 el=3500 skew=8548 brun=0 sig=7 g=0 hw=0 p=1 rel=0 end=1 boot=0 anchor=1 owes=1[0m
[00:19:54.280,571] [0m<inf> radiant_api: SWEEP set=1 steer=0 dwell=85425/260000 adv=1 sweeps=0 win=1 ok=3 searching=0 carrier=255 | chunks=6 preempt=0 missed=0 ebusy=0 rej=0 | pumps=4931 hk=4930 | scan_us=565200/6 track_us=162052/771 | end ok=0 abrt=2 miss=0 fail=0 deny=6 replan=0[0m
[00:19:54.565,660] [0m<inf> radiant_gate_mpsl: hi: acq=772 den=0 resv=0 pend=772 blk=0 grant=771[0m
[00:19:54.565,677] [0m<inf> radiant_gate_mpsl: seam: grant=773 nostage=0 prog=773/0 | sigrad=1545 sigt0=851 isr=1545 end=774 dis=0 term=6 | ramp=773/2 state=0 ev=0x13 rxen saved=0x80000014 cont=0x13f a=0x80000014 p=0x80000014 e=0x80000014 inten=0x00000140[0m
[00:19:54.565,686] [0m<inf> radiant_gate_mpsl: sw: n=771 wipe=0 ramp=771 wipe+ramp=0 rx=771 wipe+rx=0 | started=771 early=0/0us last=2635us | open lead=231us max=257us late=0 glen=4888 cc0=2888[0m
[00:19:54.565,720] [0m<inf> radiant_gate_mpsl: hiend: timer0=771 | lasted=2889us max=3486us | dur=2865us max=3463us short=0 | t0arm=32us stale=773[0m
[00:19:54.565,739] [0m<inf> radiant_gate_mpsl: gate: acq=780 in_grant=771/771 placed=780 granted=775 blocked=4 cancel=0 eagain=41 near=0 long=0 ext=78/2 dead=0 | den pend=1 anch=1 dist=0 degen=0 nosess=0 owed=0 | sent grant=1 dead=0 blk=4 supp=771 | end=775 (norm=775 rel=0 idle=0 late=0) | bad over=0 inval=0 unk=0 inl=4 | len=4888/4888 el=3500 skew=8548 brun=0 sig=7 g=0 hw=0 p=1 rel=0 end=1 boot=0 anchor=1 owes=1[0m
[00:19:55.329,556] [0m<inf> radiant_api: SWEEP set=1 steer=0 dwell=85425/260000 adv=1 sweeps=0 win=1 ok=3 searching=0 carrier=255 | chunks=6 preempt=0 missed=0 ebusy=0 rej=0 | pumps=4957 hk=4956 | scan_us=565200/6 track_us=162868/775 | end ok=0 abrt=2 miss=0 fail=0 deny=6 replan=0[0m
[00:19:55.565,807] [0m<inf> radiant_gate_mpsl: hi: acq=776 den=0 resv=0 pend=776 blk=0 grant=775[0m
[00:19:55.565,819] [0m<inf> radiant_gate_mpsl: seam: grant=777 nostage=0 prog=777/0 | sigrad=1553 sigt0=855 isr=1553 end=778 dis=0 term=6 | ramp=777/2 state=0 ev=0x13 rxen saved=0x80000014 cont=0x13f a=0x80000014 p=0x80000014 e=0x80000014 inten=0x00000140[0m
[00:19:55.565,828] [0m<inf> radiant_gate_mpsl: sw: n=775 wipe=0 ramp=775 wipe+ramp=0 rx=775 wipe+rx=0 | started=775 early=0/0us last=2635us | open lead=230us max=257us late=0 glen=4888 cc0=2888[0m
[00:19:55.565,859] [0m<inf> radiant_gate_mpsl: hiend: timer0=775 | lasted=2889us max=3486us | dur=2866us max=3463us short=0 | t0arm=32us stale=777[0m
[00:19:55.565,880] [0m<inf> radiant_gate_mpsl: gate: acq=784 in_grant=775/775 placed=784 granted=779 blocked=4 cancel=0 eagain=41 near=0 long=0 ext=78/2 dead=0 | den pend=1 anch=1 dist=0 degen=0 nosess=0 owed=0 | sent grant=1 dead=0 blk=4 supp=775 | end=779 (norm=779 rel=0 idle=0 late=0) | bad over=0 inval=0 unk=0 inl=4 | len=4888/4888 el=3500 skew=8548 brun=0 sig=7 g=0 hw=0 p=1 rel=0 end=1 boot=0 anchor=1 owes=1[0m
[00:19:56.378,477] [0m<inf> radiant_api: SWEEP set=1 steer=0 dwell=85425/260000 adv=1 sweeps=0 win=1 ok=3 searching=0 carrier=255 | chunks=6 preempt=0 missed=0 ebusy=0 rej=0 | pumps=4982 hk=4981 | scan_us=565200/6 track_us=163684/779 | end ok=0 abrt=2 miss=0 fail=0 deny=6 replan=0[0m
[00:19:56.565,955] [0m<inf> radiant_gate_mpsl: hi: acq=780 den=0 resv=0 pend=780 blk=0 grant=779[0m
[00:19:56.565,966] [0m<inf> radiant_gate_mpsl: seam: grant=781 nostage=0 prog=781/0 | sigrad=1561 sigt0=859 isr=1561 end=782 dis=0 term=6 | ramp=781/2 state=0 ev=0x13 rxen saved=0x80000014 cont=0x13f a=0x80000014 p=0x80000014 e=0x80000014 inten=0x00000140[0m
[00:19:56.565,977] [0m<inf> radiant_gate_mpsl: sw: n=779 wipe=0 ramp=779 wipe+ramp=0 rx=779 wipe+rx=0 | started=779 early=0/0us last=2636us | open lead=229us max=257us late=0 glen=4888 cc0=2888[0m
[00:19:56.566,011] [0m<inf> radiant_gate_mpsl: hiend: timer0=779 | lasted=2889us max=3486us | dur=2865us max=3463us short=0 | t0arm=32us stale=781[0m
[00:19:56.566,030] [0m<inf> radiant_gate_mpsl: gate: acq=788 in_grant=779/779 placed=788 granted=783 blocked=4 cancel=0 eagain=41 near=0 long=0 ext=78/2 dead=0 | den pend=1 anch=1 dist=0 degen=0 nosess=0 owed=0 | sent grant=1 dead=0 blk=4 supp=779 | end=783 (norm=783 rel=0 idle=0 late=0) | bad over=0 inval=0 unk=0 inl=4 | len=4888/4888 el=3500 skew=8548 brun=0 sig=7 g=0 hw=0 p=1 rel=0 end=1 boot=0 anchor=1 owes=1[0m
[00:19:57.427,389] [0m<inf> radiant_api: SWEEP set=1 steer=0 dwell=85425/260000 adv=1 sweeps=0 win=1 ok=3 searching=0 carrier=255 | chunks=6 preempt=0 missed=0 ebusy=0 rej=0 | pumps=5007 hk=5006 | scan_us=565200/6 track_us=164500/783 | end ok=0 abrt=2 miss=0 fail=0 deny=6 replan=0[0m
[00:19:57.566,120] [0m<inf> radiant_gate_mpsl: hi: acq=784 den=0 resv=0 pend=784 blk=0 grant=783[0m
[00:19:57.566,136] [0m<inf> radiant_gate_mpsl: seam: grant=785 nostage=0 prog=785/0 | sigrad=1569 sigt0=863 isr=1569 end=786 dis=0 term=6 | ramp=785/2 state=0 ev=0x13 rxen saved=0x80000014 cont=0x13f a=0x80000014 p=0x80000014 e=0x80000014 inten=0x00000140[0m
[00:19:57.566,145] [0m<inf> radiant_gate_mpsl: sw: n=783 wipe=0 ramp=783 wipe+ramp=0 rx=783 wipe+rx=0 | started=783 early=0/0us last=2636us | open lead=229us max=257us late=0 glen=4888 cc0=2888[0m
[00:19:57.566,177] [0m<inf> radiant_gate_mpsl: hiend: timer0=783 | lasted=2890us max=3486us | dur=2866us max=3463us short=0 | t0arm=32us stale=785[0m
[00:19:57.566,195] [0m<inf> radiant_gate_mpsl: gate: acq=792 in_grant=783/783 placed=792 granted=787 blocked=4 cancel=0 eagain=41 near=0 long=0 ext=78/2 dead=0 | den pend=1 anch=1 dist=0 degen=0 nosess=0 owed=0 | sent grant=1 dead=0 blk=4 supp=783 | end=787 (norm=787 rel=0 idle=0 late=0) | bad over=0 inval=0 unk=0 inl=4 | len=4888/4888 el=3500 skew=8548 brun=0 sig=7 g=0 hw=0 p=1 rel=0 end=1 boot=0 anchor=1 owes=1[0m
[00:19:58.476,349] [0m<inf> radiant_api: SWEEP set=1 steer=0 dwell=85425/260000 adv=1 sweeps=0 win=1 ok=3 searching=0 carrier=255 | chunks=6 preempt=0 missed=0 ebusy=0 rej=0 | pumps=5032 hk=5031 | scan_us=565200/6 track_us=165316/787 | end ok=0 abrt=2 miss=0 fail=0 deny=6 replan=0[0m
[00:19:58.566,263] [0m<inf> radiant_gate_mpsl: hi: acq=788 den=0 resv=0 pend=788 blk=0 grant=787[0m
[00:19:58.566,275] [0m<inf> radiant_gate_mpsl: seam: grant=789 nostage=0 prog=789/0 | sigrad=1577 sigt0=867 isr=1577 end=790 dis=0 term=6 | ramp=789/2 state=0 ev=0x13 rxen saved=0x80000014 cont=0x13f a=0x80000014 p=0x80000014 e=0x80000014 inten=0x00000140[0m
[00:19:58.566,284] [0m<inf> radiant_gate_mpsl: sw: n=787 wipe=0 ramp=787 wipe+ramp=0 rx=787 wipe+rx=0 | started=787 early=0/0us last=2635us | open lead=230us max=257us late=0 glen=4888 cc0=2888[0m
[00:19:58.566,315] [0m<inf> radiant_gate_mpsl: hiend: timer0=787 | lasted=2890us max=3486us | dur=2866us max=3463us short=0 | t0arm=32us stale=789[0m
[00:19:58.566,336] [0m<inf> radiant_gate_mpsl: gate: acq=796 in_grant=787/787 placed=796 granted=791 blocked=4 cancel=0 eagain=41 near=0 long=0 ext=78/2 dead=0 | den pend=1 anch=1 dist=0 degen=0 nosess=0 owed=0 | sent grant=1 dead=0 blk=4 supp=787 | end=791 (norm=791 rel=0 idle=0 late=0) | bad over=0 inval=0 unk=0 inl=4 | len=4888/4888 el=3500 skew=8548 brun=0 sig=7 g=0 hw=0 p=1 rel=0 end=1 boot=0 anchor=1 owes=1[0m
[00:19:58.902,315] [0m<inf> thread_coex: thread load: role=2 sent=2000 failed=0 interval=100ms payload=64B[0m
[00:19:58.902,331] [0m<inf> thread_coex: thread lat us: <64=0 64=0 128=1997 256=3 512=0 1k=0 2k=0 4k=0 8k=0 16k=0 32k=0 64k=0 >=128k=0 max=311[0m
[00:19:58.902,339] [0m<inf> thread_coex: thread mac d: tx=100 retry=2 cca=0 abort=0 busy=0 | tot tx=2007 retry=16 cca=0 abort=0 busy=0[0m
[00:19:59.524,210] [0m<inf> radiant_api: SWEEP set=1 steer=0 dwell=85425/260000 adv=1 sweeps=0 win=1 ok=3 searching=0 carrier=255 | chunks=6 preempt=0 missed=0 ebusy=0 rej=0 | pumps=5057 hk=5056 | scan_us=565200/6 track_us=166336/792 | end ok=0 abrt=2 miss=0 fail=0 deny=6 replan=0[0m
[00:19:59.566,429] [0m<inf> radiant_gate_mpsl: hi: acq=792 den=0 resv=0 pend=792 blk=0 grant=791[0m
[00:19:59.566,440] [0m<inf> radiant_gate_mpsl: seam: grant=793 nostage=0 prog=793/0 | sigrad=1585 sigt0=871 isr=1585 end=794 dis=0 term=6 | ramp=793/2 state=0 ev=0x13 rxen saved=0x80000014 cont=0x13f a=0x80000014 p=0x80000014 e=0x80000014 inten=0x00000140[0m
[00:19:59.566,449] [0m<inf> radiant_gate_mpsl: sw: n=791 wipe=0 ramp=791 wipe+ramp=0 rx=791 wipe+rx=0 | started=791 early=0/0us last=2635us | open lead=231us max=257us late=0 glen=4888 cc0=2888[0m
[00:19:59.566,484] [0m<inf> radiant_gate_mpsl: hiend: timer0=791 | lasted=2889us max=3486us | dur=2865us max=3463us short=0 | t0arm=32us stale=793[0m
[00:19:59.566,502] [0m<inf> radiant_gate_mpsl: gate: acq=800 in_grant=791/791 placed=800 granted=795 blocked=4 cancel=0 eagain=41 near=0 long=0 ext=78/2 dead=0 | den pend=1 anch=1 dist=0 degen=0 nosess=0 owed=0 | sent grant=1 dead=0 blk=4 supp=791 | end=795 (norm=795 rel=0 idle=0 late=0) | bad over=0 inval=0 unk=0 inl=4 | len=4888/4888 el=3500 skew=8548 brun=0 sig=7 g=0 hw=0 p=1 rel=0 end=1 boot=0 anchor=1 owes=1[0m
[00:20:00.566,605] [0m<inf> radiant_gate_mpsl: hi: acq=796 den=0 resv=0 pend=796 blk=0 grant=795[0m
[00:20:00.566,622] [0m<inf> radiant_gate_mpsl: seam: grant=797 nostage=0 prog=797/0 | sigrad=1593 sigt0=875 isr=1593 end=798 dis=0 term=6 | ramp=797/2 state=0 ev=0x13 rxen saved=0x80000014 cont=0x13f a=0x80000014 p=0x80000014 e=0x80000014 inten=0x00000140[0m
[00:20:00.566,631] [0m<inf> radiant_gate_mpsl: sw: n=795 wipe=0 ramp=795 wipe+ramp=0 rx=795 wipe+rx=0 | started=795 early=0/0us last=2635us | open lead=230us max=257us late=0 glen=4888 cc0=2888[0m
[00:20:00.566,674] [0m<inf> radiant_gate_mpsl: hiend: timer0=795 | lasted=2889us max=3486us | dur=2866us max=3463us short=0 | t0arm=32us stale=797[0m
[00:20:00.566,692] [0m<inf> radiant_gate_mpsl: gate: acq=804 in_grant=795/795 placed=804 granted=799 blocked=4 cancel=0 eagain=41 near=0 long=0 ext=78/2 dead=0 | den pend=1 anch=1 dist=0 degen=0 nosess=0 owed=0 | sent grant=1 dead=0 blk=4 supp=795 | end=799 (norm=799 rel=0 idle=0 late=0) | bad over=0 inval=0 unk=0 inl=4 | len=4888/4888 el=3500 skew=8548 brun=0 sig=7 g=0 hw=0 p=1 rel=0 end=1 boot=0 anchor=1 owes=1[0m
[00:20:00.573,220] [0m<inf> radiant_api: SWEEP set=1 steer=0 dwell=85425/260000 adv=1 sweeps=0 win=1 ok=3 searching=0 carrier=255 | chunks=6 preempt=0 missed=0 ebusy=0 rej=0 | pumps=5083 hk=5082 | scan_us=565200/6 track_us=167152/796 | end ok=0 abrt=2 miss=0 fail=0 deny=6 replan=0[0m
[00:20:01.566,751] [0m<inf> radiant_gate_mpsl: hi: acq=800 den=0 resv=0 pend=800 blk=0 grant=799[0m
[00:20:01.566,763] [0m<inf> radiant_gate_mpsl: seam: grant=801 nostage=0 prog=801/0 | sigrad=1601 sigt0=879 isr=1601 end=802 dis=0 term=6 | ramp=801/2 state=0 ev=0x13 rxen saved=0x80000014 cont=0x13f a=0x80000014 p=0x80000014 e=0x80000014 inten=0x00000140[0m
[00:20:01.566,772] [0m<inf> radiant_gate_mpsl: sw: n=799 wipe=0 ramp=799 wipe+ramp=0 rx=799 wipe+rx=0 | started=799 early=0/0us last=2635us | open lead=230us max=257us late=0 glen=4888 cc0=2888[0m
[00:20:01.566,812] [0m<inf> radiant_gate_mpsl: hiend: timer0=799 | lasted=2889us max=3486us | dur=2865us max=3463us short=0 | t0arm=32us stale=801[0m
[00:20:01.566,834] [0m<inf> radiant_gate_mpsl: gate: acq=808 in_grant=799/799 placed=808 granted=803 blocked=4 cancel=0 eagain=41 near=0 long=0 ext=78/2 dead=0 | den pend=1 anch=1 dist=0 degen=0 nosess=0 owed=0 | sent grant=1 dead=0 blk=4 supp=799 | end=803 (norm=803 rel=0 idle=0 late=0) | bad over=0 inval=0 unk=0 inl=4 | len=4888/4888 el=3500 skew=8548 brun=0 sig=7 g=0 hw=0 p=1 rel=0 end=1 boot=0 anchor=1 owes=1[0m
[00:20:01.622,081] [0m<inf> radiant_api: SWEEP set=1 steer=0 dwell=85425/260000 adv=1 sweeps=0 win=1 ok=3 searching=0 carrier=255 | chunks=6 preempt=0 missed=0 ebusy=0 rej=0 | pumps=5108 hk=5107 | scan_us=565200/6 track_us=167968/800 | end ok=0 abrt=2 miss=0 fail=0 deny=6 replan=0[0m
[00:20:02.566,915] [0m<inf> radiant_gate_mpsl: hi: acq=804 den=0 resv=0 pend=804 blk=0 grant=803[0m
[00:20:02.566,932] [0m<inf> radiant_gate_mpsl: seam: grant=805 nostage=0 prog=805/0 | sigrad=1609 sigt0=883 isr=1609 end=806 dis=0 term=6 | ramp=805/2 state=0 ev=0x13 rxen saved=0x80000014 cont=0x13f a=0x80000014 p=0x80000014 e=0x80000014 inten=0x00000140[0m
[00:20:02.566,942] [0m<inf> radiant_gate_mpsl: sw: n=803 wipe=0 ramp=803 wipe+ramp=0 rx=803 wipe+rx=0 | started=803 early=0/0us last=2635us | open lead=230us max=257us late=0 glen=4888 cc0=2888[0m
[00:20:02.566,985] [0m<inf> radiant_gate_mpsl: hiend: timer0=803 | lasted=2889us max=3486us | dur=2866us max=3463us short=0 | t0arm=32us stale=805[0m
[00:20:02.567,004] [0m<inf> radiant_gate_mpsl: gate: acq=812 in_grant=803/803 placed=812 granted=807 blocked=4 cancel=0 eagain=41 near=0 long=0 ext=78/2 dead=0 | den pend=1 anch=1 dist=0 degen=0 nosess=0 owed=0 | sent grant=1 dead=0 blk=4 supp=803 | end=807 (norm=807 rel=0 idle=0 late=0) | bad over=0 inval=0 unk=0 inl=4 | len=4888/4888 el=3500 skew=8548 brun=0 sig=7 g=0 hw=0 p=1 rel=0 end=1 boot=0 anchor=1 owes=1[0m
[00:20:02.671,163] [0m<inf> radiant_api: SWEEP set=1 steer=0 dwell=85425/260000 adv=1 sweeps=0 win=1 ok=3 searching=0 carrier=255 | chunks=6 preempt=0 missed=0 ebusy=0 rej=0 | pumps=5133 hk=5132 | scan_us=565200/6 track_us=168784/804 | end ok=0 abrt=2 miss=0 fail=0 deny=6 replan=0[0m
[00:20:03.567,094] [0m<inf> radiant_gate_mpsl: hi: acq=808 den=0 resv=0 pend=808 blk=0 grant=807[0m
[00:20:03.567,106] [0m<inf> radiant_gate_mpsl: seam: grant=809 nostage=0 prog=809/0 | sigrad=1617 sigt0=887 isr=1617 end=810 dis=0 term=6 | ramp=809/2 state=0 ev=0x13 rxen saved=0x80000014 cont=0x13f a=0x80000014 p=0x80000014 e=0x80000014 inten=0x00000140[0m
[00:20:03.567,115] [0m<inf> radiant_gate_mpsl: sw: n=807 wipe=0 ramp=807 wipe+ramp=0 rx=807 wipe+rx=0 | started=807 early=0/0us last=2635us | open lead=230us max=257us late=0 glen=4888 cc0=2888[0m
[00:20:03.567,156] [0m<inf> radiant_gate_mpsl: hiend: timer0=807 | lasted=2889us max=3486us | dur=2865us max=3463us short=0 | t0arm=32us stale=809[0m
[00:20:03.567,177] [0m<inf> radiant_gate_mpsl: gate: acq=816 in_grant=807/807 placed=816 granted=811 blocked=4 cancel=0 eagain=41 near=0 long=0 ext=78/2 dead=0 | den pend=1 anch=1 dist=0 degen=0 nosess=0 owed=0 | sent grant=1 dead=0 blk=4 supp=807 | end=811 (norm=811 rel=0 idle=0 late=0) | bad over=0 inval=0 unk=0 inl=4 | len=4888/4888 el=3500 skew=8548 brun=0 sig=7 g=0 hw=0 p=1 rel=0 end=1 boot=0 anchor=1 owes=1[0m
[00:20:03.720,078] [0m<inf> radiant_api: SWEEP set=1 steer=0 dwell=85425/260000 adv=1 sweeps=0 win=1 ok=3 searching=0 carrier=255 | chunks=6 preempt=0 missed=0 ebusy=0 rej=0 | pumps=5158 hk=5157 | scan_us=565200/6 track_us=169600/808 | end ok=0 abrt=2 miss=0 fail=0 deny=6 replan=0[0m
[00:20:04.567,257] [0m<inf> radiant_gate_mpsl: hi: acq=812 den=0 resv=0 pend=812 blk=0 grant=811[0m
[00:20:04.567,273] [0m<inf> radiant_gate_mpsl: seam: grant=813 nostage=0 prog=813/0 | sigrad=1625 sigt0=891 isr=1625 end=814 dis=0 term=6 | ramp=813/2 state=0 ev=0x13 rxen saved=0x80000014 cont=0x13f a=0x80000014 p=0x80000014 e=0x80000014 inten=0x00000140[0m
[00:20:04.567,282] [0m<inf> radiant_gate_mpsl: sw: n=811 wipe=0 ramp=811 wipe+ramp=0 rx=811 wipe+rx=0 | started=811 early=0/0us last=2636us | open lead=231us max=257us late=0 glen=4888 cc0=2888[0m
[00:20:04.567,325] [0m<inf> radiant_gate_mpsl: hiend: timer0=811 | lasted=2890us max=3486us | dur=2867us max=3463us short=0 | t0arm=31us stale=813[0m
[00:20:04.567,344] [0m<inf> radiant_gate_mpsl: gate: acq=820 in_grant=811/811 placed=820 granted=815 blocked=4 cancel=0 eagain=42 near=0 long=0 ext=78/2 dead=0 | den pend=1 anch=1 dist=0 degen=0 nosess=0 owed=0 | sent grant=1 dead=0 blk=4 supp=811 | end=815 (norm=815 rel=0 idle=0 late=0) | bad over=0 inval=0 unk=0 inl=4 | len=4888/4888 el=3500 skew=8548 brun=0 sig=7 g=0 hw=0 p=1 rel=0 end=1 boot=0 anchor=1 owes=1[0m
[00:20:04.767,829] [0m<inf> radiant_api: SWEEP set=1 steer=0 dwell=85425/260000 adv=1 sweeps=0 win=1 ok=3 searching=0 carrier=255 | chunks=6 preempt=0 missed=0 ebusy=0 rej=0 | pumps=5183 hk=5182 | scan_us=565200/6 track_us=170620/813 | end ok=0 abrt=2 miss=0 fail=0 deny=6 replan=0[0m
[00:20:05.567,417] [0m<inf> radiant_gate_mpsl: hi: acq=816 den=0 resv=0 pend=816 blk=0 grant=815[0m
[00:20:05.567,428] [0m<inf> radiant_gate_mpsl: seam: grant=817 nostage=0 prog=817/0 | sigrad=1633 sigt0=895 isr=1633 end=818 dis=0 term=6 | ramp=817/2 state=0 ev=0x13 rxen saved=0x80000014 cont=0x13f a=0x80000014 p=0x80000014 e=0x80000014 inten=0x00000140[0m
[00:20:05.567,437] [0m<inf> radiant_gate_mpsl: sw: n=815 wipe=0 ramp=815 wipe+ramp=0 rx=815 wipe+rx=0 | started=815 early=0/0us last=2635us | open lead=231us max=257us late=0 glen=4888 cc0=2888[0m
[00:20:05.567,469] [0m<inf> radiant_gate_mpsl: hiend: timer0=815 | lasted=2889us max=3486us | dur=2866us max=3463us short=0 | t0arm=31us stale=817[0m
[00:20:05.567,500] [0m<inf> radiant_gate_mpsl: gate: acq=824 in_grant=815/815 placed=824 granted=819 blocked=4 cancel=0 eagain=43 near=0 long=0 ext=78/2 dead=0 | den pend=1 anch=1 dist=0 degen=0 nosess=0 owed=0 | sent grant=1 dead=0 blk=4 supp=815 | end=819 (norm=819 rel=0 idle=0 late=0) | bad over=0 inval=0 unk=0 inl=4 | len=4888/4888 el=3500 skew=8548 brun=0 sig=7 g=0 hw=0 p=1 rel=0 end=1 boot=0 anchor=1 owes=1[0m
[00:20:05.816,824] [0m<inf> radiant_api: SWEEP set=1 steer=0 dwell=85425/260000 adv=1 sweeps=0 win=1 ok=3 searching=0 carrier=255 | chunks=6 preempt=0 missed=0 ebusy=0 rej=0 | pumps=5209 hk=5208 | scan_us=565200/6 track_us=171436/817 | end ok=0 abrt=2 miss=0 fail=0 deny=6 replan=0[0m
[00:20:06.567,568] [0m<inf> radiant_gate_mpsl: hi: acq=820 den=0 resv=0 pend=820 blk=0 grant=819[0m
[00:20:06.567,579] [0m<inf> radiant_gate_mpsl: seam: grant=821 nostage=0 prog=821/0 | sigrad=1641 sigt0=899 isr=1641 end=822 dis=0 term=6 | ramp=821/2 state=0 ev=0x13 rxen saved=0x80000014 cont=0x13f a=0x80000014 p=0x80000014 e=0x80000014 inten=0x00000140[0m
[00:20:06.567,588] [0m<inf> radiant_gate_mpsl: sw: n=819 wipe=0 ramp=819 wipe+ramp=0 rx=819 wipe+rx=0 | started=819 early=0/0us last=2635us | open lead=231us max=257us late=0 glen=4888 cc0=2888[0m
[00:20:06.567,632] [0m<inf> radiant_gate_mpsl: hiend: timer0=819 | lasted=2889us max=3486us | dur=2866us max=3463us short=0 | t0arm=31us stale=821[0m
[00:20:06.567,651] [0m<inf> radiant_gate_mpsl: gate: acq=828 in_grant=819/819 placed=828 granted=823 blocked=4 cancel=0 eagain=43 near=0 long=0 ext=78/2 dead=0 | den pend=1 anch=1 dist=0 degen=0 nosess=0 owed=0 | sent grant=1 dead=0 blk=4 supp=819 | end=823 (norm=823 rel=0 idle=0 late=0) | bad over=0 inval=0 unk=0 inl=4 | len=4888/4888 el=3500 skew=8548 brun=0 sig=7 g=0 hw=0 p=1 rel=0 end=1 boot=0 anchor=1 owes=1[0m
[00:20:06.865,702] [0m<inf> radiant_api: SWEEP set=1 steer=0 dwell=85425/260000 adv=1 sweeps=0 win=1 ok=3 searching=0 carrier=255 | chunks=6 preempt=0 missed=0 ebusy=0 rej=0 | pumps=5234 hk=5233 | scan_us=565200/6 track_us=172252/821 | end ok=0 abrt=2 miss=0 fail=0 deny=6 replan=0[0m
[00:20:07.567,730] [0m<inf> radiant_gate_mpsl: hi: acq=824 den=0 resv=0 pend=824 blk=0 grant=823[0m
[00:20:07.567,746] [0m<inf> radiant_gate_mpsl: seam: grant=825 nostage=0 prog=825/0 | sigrad=1649 sigt0=903 isr=1649 end=826 dis=0 term=6 | ramp=825/2 state=0 ev=0x13 rxen saved=0x80000014 cont=0x13f a=0x80000014 p=0x80000014 e=0x80000014 inten=0x00000140[0m
[00:20:07.567,763] [0m<inf> radiant_gate_mpsl: sw: n=823 wipe=0 ramp=823 wipe+ramp=0 rx=823 wipe+rx=0 | started=823 early=0/0us last=2634us | open lead=232us max=257us late=0 glen=4888 cc0=2888[0m
[00:20:07.567,798] [0m<inf> radiant_gate_mpsl: hiend: timer0=823 | lasted=2889us max=3486us | dur=2866us max=3463us short=0 | t0arm=31us stale=825[0m
[00:20:07.567,816] [0m<inf> radiant_gate_mpsl: gate: acq=832 in_grant=823/823 placed=832 granted=827 blocked=4 cancel=0 eagain=43 near=0 long=0 ext=78/2 dead=0 | den pend=1 anch=1 dist=0 degen=0 nosess=0 owed=0 | sent grant=1 dead=0 blk=4 supp=823 | end=827 (norm=827 rel=0 idle=0 late=0) | bad over=0 inval=0 unk=0 inl=4 | len=4888/4888 el=3500 skew=8548 brun=0 sig=7 g=0 hw=0 p=1 rel=0 end=1 boot=0 anchor=1 owes=1[0m
[00:20:07.914,673] [0m<inf> radiant_api: SWEEP set=1 steer=0 dwell=85425/260000 adv=1 sweeps=0 win=1 ok=3 searching=0 carrier=255 | chunks=6 preempt=0 missed=0 ebusy=0 rej=0 | pumps=5259 hk=5258 | scan_us=565200/6 track_us=173068/825 | end ok=0 abrt=2 miss=0 fail=0 deny=6 replan=0[0m
[00:20:08.567,880] [0m<inf> radiant_gate_mpsl: hi: acq=828 den=0 resv=0 pend=828 blk=0 grant=827[0m
[00:20:08.567,891] [0m<inf> radiant_gate_mpsl: seam: grant=829 nostage=0 prog=829/0 | sigrad=1657 sigt0=907 isr=1657 end=830 dis=0 term=6 | ramp=829/2 state=0 ev=0x13 rxen saved=0x80000014 cont=0x13f a=0x80000014 p=0x80000014 e=0x80000014 inten=0x00000140[0m
[00:20:08.567,900] [0m<inf> radiant_gate_mpsl: sw: n=827 wipe=0 ramp=827 wipe+ramp=0 rx=827 wipe+rx=0 | started=827 early=0/0us last=2635us | open lead=231us max=257us late=0 glen=4888 cc0=2888[0m
[00:20:08.567,934] [0m<inf> radiant_gate_mpsl: hiend: timer0=827 | lasted=2890us max=3486us | dur=2867us max=3463us short=0 | t0arm=31us stale=829[0m
[00:20:08.567,964] [0m<inf> radiant_gate_mpsl: gate: acq=836 in_grant=827/827 placed=836 granted=831 blocked=4 cancel=0 eagain=43 near=0 long=0 ext=78/2 dead=0 | den pend=1 anch=1 dist=0 degen=0 nosess=0 owed=0 | sent grant=1 dead=0 blk=4 supp=827 | end=831 (norm=831 rel=0 idle=0 late=0) | bad over=0 inval=0 unk=0 inl=4 | len=4888/4888 el=3500 skew=8548 brun=0 sig=7 g=0 hw=0 p=1 rel=0 end=1 boot=0 anchor=1 owes=1[0m
[00:20:08.925,485] [0m<inf> thread_coex: thread load: role=2 sent=2100 failed=0 interval=100ms payload=64B[0m
[00:20:08.925,501] [0m<inf> thread_coex: thread lat us: <64=0 64=0 128=2097 256=3 512=0 1k=0 2k=0 4k=0 8k=0 16k=0 32k=0 64k=0 >=128k=0 max=311[0m
[00:20:08.925,509] [0m<inf> thread_coex: thread mac d: tx=100 retry=1 cca=0 abort=0 busy=0 | tot tx=2107 retry=17 cca=0 abort=0 busy=0[0m
[00:20:08.963,659] [0m<inf> radiant_api: SWEEP set=1 steer=0 dwell=85425/260000 adv=1 sweeps=0 win=1 ok=3 searching=0 carrier=255 | chunks=6 preempt=0 missed=0 ebusy=0 rej=0 | pumps=5284 hk=5283 | scan_us=565200/6 track_us=173884/829 | end ok=0 abrt=2 miss=0 fail=0 deny=6 replan=0[0m
[00:20:09.568,056] [0m<inf> radiant_gate_mpsl: hi: acq=832 den=0 resv=0 pend=832 blk=0 grant=831[0m
[00:20:09.568,067] [0m<inf> radiant_gate_mpsl: seam: grant=833 nostage=0 prog=833/0 | sigrad=1665 sigt0=911 isr=1665 end=834 dis=0 term=6 | ramp=833/2 state=0 ev=0x13 rxen saved=0x80000014 cont=0x13f a=0x80000014 p=0x80000014 e=0x80000014 inten=0x00000140[0m
[00:20:09.568,076] [0m<inf> radiant_gate_mpsl: sw: n=831 wipe=0 ramp=831 wipe+ramp=0 rx=831 wipe+rx=0 | started=831 early=0/0us last=2635us | open lead=231us max=257us late=0 glen=4888 cc0=2888[0m
[00:20:09.568,119] [0m<inf> radiant_gate_mpsl: hiend: timer0=831 | lasted=2889us max=3486us | dur=2866us max=3463us short=0 | t0arm=31us stale=833[0m
[00:20:09.568,138] [0m<inf> radiant_gate_mpsl: gate: acq=840 in_grant=831/831 placed=840 granted=835 blocked=4 cancel=0 eagain=43 near=0 long=0 ext=78/2 dead=0 | den pend=1 anch=1 dist=0 degen=0 nosess=0 owed=0 | sent grant=1 dead=0 blk=4 supp=831 | end=835 (norm=835 rel=0 idle=0 late=0) | bad over=0 inval=0 unk=0 inl=4 | len=4888/4888 el=3500 skew=8548 brun=0 sig=7 g=0 hw=0 p=1 rel=0 end=1 boot=0 anchor=1 owes=1[0m
[00:20:10.011,462] [0m<inf> radiant_api: SWEEP set=1 steer=0 dwell=85425/260000 adv=1 sweeps=0 win=1 ok=3 searching=0 carrier=255 | chunks=6 preempt=0 missed=0 ebusy=0 rej=0 | pumps=5309 hk=5308 | scan_us=565200/6 track_us=174904/834 | end ok=0 abrt=2 miss=0 fail=0 deny=6 replan=0[0m
[00:20:10.568,213] [0m<inf> radiant_gate_mpsl: hi: acq=836 den=0 resv=0 pend=836 blk=0 grant=835[0m
[00:20:10.568,229] [0m<inf> radiant_gate_mpsl: seam: grant=837 nostage=0 prog=837/0 | sigrad=1673 sigt0=915 isr=1673 end=838 dis=0 term=6 | ramp=837/2 state=0 ev=0x13 rxen saved=0x80000014 cont=0x13f a=0x80000014 p=0x80000014 e=0x80000014 inten=0x00000140[0m
[00:20:10.568,245] [0m<inf> radiant_gate_mpsl: sw: n=835 wipe=0 ramp=835 wipe+ramp=0 rx=835 wipe+rx=0 | started=835 early=0/0us last=2635us | open lead=231us max=257us late=0 glen=4888 cc0=2888[0m
[00:20:10.568,281] [0m<inf> radiant_gate_mpsl: hiend: timer0=835 | lasted=2889us max=3486us | dur=2866us max=3463us short=0 | t0arm=31us stale=837[0m
[00:20:10.568,299] [0m<inf> radiant_gate_mpsl: gate: acq=844 in_grant=835/835 placed=844 granted=839 blocked=4 cancel=0 eagain=43 near=0 long=0 ext=78/2 dead=0 | den pend=1 anch=1 dist=0 degen=0 nosess=0 owed=0 | sent grant=1 dead=0 blk=4 supp=835 | end=839 (norm=839 rel=0 idle=0 late=0) | bad over=0 inval=0 unk=0 inl=4 | len=4888/4888 el=3500 skew=8548 brun=0 sig=7 g=0 hw=0 p=1 rel=0 end=1 boot=0 anchor=1 owes=1[0m
[00:20:11.060,458] [0m<inf> radiant_api: SWEEP set=1 steer=0 dwell=85425/260000 adv=1 sweeps=0 win=1 ok=3 searching=0 carrier=255 | chunks=6 preempt=0 missed=0 ebusy=0 rej=0 | pumps=5335 hk=5334 | scan_us=565200/6 track_us=175720/838 | end ok=0 abrt=2 miss=0 fail=0 deny=6 replan=0[0m
[00:20:11.568,378] [0m<inf> radiant_gate_mpsl: hi: acq=840 den=0 resv=0 pend=840 blk=0 grant=839[0m
[00:20:11.568,389] [0m<inf> radiant_gate_mpsl: seam: grant=841 nostage=0 prog=841/0 | sigrad=1681 sigt0=919 isr=1681 end=842 dis=0 term=6 | ramp=841/2 state=0 ev=0x13 rxen saved=0x80000014 cont=0x13f a=0x80000014 p=0x80000014 e=0x80000014 inten=0x00000140[0m
[00:20:11.568,398] [0m<inf> radiant_gate_mpsl: sw: n=839 wipe=0 ramp=839 wipe+ramp=0 rx=839 wipe+rx=0 | started=839 early=0/0us last=2635us | open lead=231us max=257us late=0 glen=4888 cc0=2888[0m
[00:20:11.568,430] [0m<inf> radiant_gate_mpsl: hiend: timer0=839 | lasted=2890us max=3486us | dur=2867us max=3463us short=0 | t0arm=31us stale=841[0m
[00:20:11.568,451] [0m<inf> radiant_gate_mpsl: gate: acq=848 in_grant=839/839 placed=848 granted=843 blocked=4 cancel=0 eagain=43 near=0 long=0 ext=78/2 dead=0 | den pend=1 anch=1 dist=0 degen=0 nosess=0 owed=0 | sent grant=1 dead=0 blk=4 supp=839 | end=843 (norm=843 rel=0 idle=0 late=0) | bad over=0 inval=0 unk=0 inl=4 | len=4888/4888 el=3500 skew=8548 brun=0 sig=7 g=0 hw=0 p=1 rel=0 end=1 boot=0 anchor=1 owes=1[0m
[00:20:12.109,438] [0m<inf> radiant_api: SWEEP set=1 steer=0 dwell=85425/260000 adv=1 sweeps=0 win=1 ok=3 searching=0 carrier=255 | chunks=6 preempt=0 missed=0 ebusy=0 rej=0 | pumps=5360 hk=5359 | scan_us=565200/6 track_us=176536/842 | end ok=0 abrt=2 miss=0 fail=0 deny=6 replan=0[0m
[00:20:12.568,553] [0m<inf> radiant_gate_mpsl: hi: acq=844 den=0 resv=0 pend=844 blk=0 grant=843[0m
[00:20:12.568,564] [0m<inf> radiant_gate_mpsl: seam: grant=845 nostage=0 prog=845/0 | sigrad=1689 sigt0=923 isr=1689 end=846 dis=0 term=6 | ramp=845/2 state=0 ev=0x13 rxen saved=0x80000014 cont=0x13f a=0x80000014 p=0x80000014 e=0x80000014 inten=0x00000140[0m
[00:20:12.568,573] [0m<inf> radiant_gate_mpsl: sw: n=843 wipe=0 ramp=843 wipe+ramp=0 rx=843 wipe+rx=0 | started=843 early=0/0us last=2635us | open lead=232us max=257us late=0 glen=4888 cc0=2888[0m
[00:20:12.568,607] [0m<inf> radiant_gate_mpsl: hiend: timer0=843 | lasted=2889us max=3486us | dur=2866us max=3463us short=0 | t0arm=31us stale=845[0m
[00:20:12.568,626] [0m<inf> radiant_gate_mpsl: gate: acq=852 in_grant=843/843 placed=852 granted=847 blocked=4 cancel=0 eagain=43 near=0 long=0 ext=78/2 dead=0 | den pend=1 anch=1 dist=0 degen=0 nosess=0 owed=0 | sent grant=1 dead=0 blk=4 supp=843 | end=847 (norm=847 rel=0 idle=0 late=0) | bad over=0 inval=0 unk=0 inl=4 | len=4888/4888 el=3500 skew=8548 brun=0 sig=7 g=0 hw=0 p=1 rel=0 end=1 boot=0 anchor=1 owes=1[0m
[00:20:13.158,338] [0m<inf> radiant_api: SWEEP set=1 steer=0 dwell=85425/260000 adv=1 sweeps=0 win=1 ok=3 searching=0 carrier=255 | chunks=6 preempt=0 missed=0 ebusy=0 rej=0 | pumps=5385 hk=5384 | scan_us=565200/6 track_us=177352/846 | end ok=0 abrt=2 miss=0 fail=0 deny=6 replan=0[0m
[00:20:13.568,683] [0m<inf> radiant_gate_mpsl: hi: acq=848 den=0 resv=0 pend=848 blk=0 grant=847[0m
[00:20:13.568,699] [0m<inf> radiant_gate_mpsl: seam: grant=849 nostage=0 prog=849/0 | sigrad=1697 sigt0=927 isr=1697 end=850 dis=0 term=6 | ramp=849/2 state=0 ev=0x13 rxen saved=0x80000014 cont=0x13f a=0x80000014 p=0x80000014 e=0x80000014 inten=0x00000140[0m
[00:20:13.568,708] [0m<inf> radiant_gate_mpsl: sw: n=847 wipe=0 ramp=847 wipe+ramp=0 rx=847 wipe+rx=0 | started=847 early=0/0us last=2634us | open lead=232us max=257us late=0 glen=4888 cc0=2888[0m
[00:20:13.568,742] [0m<inf> radiant_gate_mpsl: hiend: timer0=847 | lasted=2889us max=3486us | dur=2866us max=3463us short=0 | t0arm=31us stale=849[0m
[00:20:13.568,761] [0m<inf> radiant_gate_mpsl: gate: acq=856 in_grant=847/847 placed=856 granted=851 blocked=4 cancel=0 eagain=43 near=0 long=0 ext=78/2 dead=0 | den pend=1 anch=1 dist=0 degen=0 nosess=0 owed=0 | sent grant=1 dead=0 blk=4 supp=847 | end=851 (norm=851 rel=0 idle=0 late=0) | bad over=0 inval=0 unk=0 inl=4 | len=4888/4888 el=3500 skew=8548 brun=0 sig=7 g=0 hw=0 p=1 rel=0 end=1 boot=0 anchor=1 owes=1[0m
[00:20:14.207,231] [0m<inf> radiant_api: SWEEP set=1 steer=0 dwell=85425/260000 adv=1 sweeps=0 win=1 ok=3 searching=0 carrier=255 | chunks=6 preempt=0 missed=0 ebusy=0 rej=0 | pumps=5410 hk=5409 | scan_us=565200/6 track_us=178168/850 | end ok=0 abrt=2 miss=0 fail=0 deny=6 replan=0[0m
[00:20:14.568,802] [0m<inf> radiant_gate_mpsl: hi: acq=852 den=0 resv=0 pend=852 blk=0 grant=851[0m
[00:20:14.568,813] [0m<inf> radiant_gate_mpsl: seam: grant=853 nostage=0 prog=853/0 | sigrad=1705 sigt0=931 isr=1705 end=854 dis=0 term=6 | ramp=853/2 state=0 ev=0x13 rxen saved=0x80000014 cont=0x13f a=0x80000014 p=0x80000014 e=0x80000014 inten=0x00000140[0m
[00:20:14.568,824] [0m<inf> radiant_gate_mpsl: sw: n=851 wipe=0 ramp=851 wipe+ramp=0 rx=851 wipe+rx=0 | started=851 early=0/0us last=2635us | open lead=231us max=257us late=0 glen=4888 cc0=2888[0m
[00:20:14.568,856] [0m<inf> radiant_gate_mpsl: hiend: timer0=851 | lasted=2889us max=3486us | dur=2866us max=3463us short=0 | t0arm=31us stale=853[0m
[00:20:14.568,887] [0m<inf> radiant_gate_mpsl: gate: acq=860 in_grant=851/851 placed=860 granted=855 blocked=4 cancel=0 eagain=43 near=0 long=0 ext=78/2 dead=0 | den pend=1 anch=1 dist=0 degen=0 nosess=0 owed=0 | sent grant=1 dead=0 blk=4 supp=851 | end=855 (norm=855 rel=0 idle=0 late=0) | bad over=0 inval=0 unk=0 inl=4 | len=4888/4888 el=3500 skew=8548 brun=0 sig=7 g=0 hw=0 p=1 rel=0 end=1 boot=0 anchor=1 owes=1[0m
[00:20:15.255,101] [0m<inf> radiant_api: SWEEP set=1 steer=0 dwell=85425/260000 adv=1 sweeps=0 win=1 ok=3 searching=0 carrier=255 | chunks=6 preempt=0 missed=0 ebusy=0 rej=0 | pumps=5435 hk=5434 | scan_us=565200/6 track_us=179188/855 | end ok=0 abrt=2 miss=0 fail=0 deny=6 replan=0[0m
[00:20:15.568,945] [0m<inf> radiant_gate_mpsl: hi: acq=856 den=0 resv=0 pend=856 blk=0 grant=855[0m
[00:20:15.568,956] [0m<inf> radiant_gate_mpsl: seam: grant=857 nostage=0 prog=857/0 | sigrad=1713 sigt0=935 isr=1713 end=858 dis=0 term=6 | ramp=857/2 state=0 ev=0x13 rxen saved=0x80000014 cont=0x13f a=0x80000014 p=0x80000014 e=0x80000014 inten=0x00000140[0m
[00:20:15.568,965] [0m<inf> radiant_gate_mpsl: sw: n=855 wipe=0 ramp=855 wipe+ramp=0 rx=855 wipe+rx=0 | started=855 early=0/0us last=2634us | open lead=232us max=257us late=0 glen=4888 cc0=2888[0m
[00:20:15.569,008] [0m<inf> radiant_gate_mpsl: hiend: timer0=855 | lasted=2889us max=3486us | dur=2866us max=3463us short=0 | t0arm=31us stale=857[0m
[00:20:15.569,027] [0m<inf> radiant_gate_mpsl: gate: acq=864 in_grant=855/855 placed=864 granted=859 blocked=4 cancel=0 eagain=43 near=0 long=0 ext=78/2 dead=0 | den pend=1 anch=1 dist=0 degen=0 nosess=0 owed=0 | sent grant=1 dead=0 blk=4 supp=855 | end=859 (norm=859 rel=0 idle=0 late=0) | bad over=0 inval=0 unk=0 inl=4 | len=4888/4888 el=3500 skew=8548 brun=0 sig=7 g=0 hw=0 p=1 rel=0 end=1 boot=0 anchor=1 owes=1[0m
[00:20:16.304,167] [0m<inf> radiant_api: SWEEP set=1 steer=0 dwell=85425/260000 adv=1 sweeps=0 win=1 ok=3 searching=0 carrier=255 | chunks=6 preempt=0 missed=0 ebusy=0 rej=0 | pumps=5461 hk=5460 | scan_us=565200/6 track_us=180004/859 | end ok=0 abrt=2 miss=0 fail=0 deny=6 replan=0[0m
[00:20:16.569,109] [0m<inf> radiant_gate_mpsl: hi: acq=860 den=0 resv=0 pend=860 blk=0 grant=859[0m
[00:20:16.569,125] [0m<inf> radiant_gate_mpsl: seam: grant=861 nostage=0 prog=861/0 | sigrad=1721 sigt0=939 isr=1721 end=862 dis=0 term=6 | ramp=861/2 state=0 ev=0x13 rxen saved=0x80000014 cont=0x13f a=0x80000014 p=0x80000014 e=0x80000014 inten=0x00000140[0m
[00:20:16.569,141] [0m<inf> radiant_gate_mpsl: sw: n=859 wipe=0 ramp=859 wipe+ramp=0 rx=859 wipe+rx=0 | started=859 early=0/0us last=2636us | open lead=230us max=257us late=0 glen=4888 cc0=2888[0m
[00:20:16.569,177] [0m<inf> radiant_gate_mpsl: hiend: timer0=859 | lasted=2890us max=3486us | dur=2867us max=3463us short=0 | t0arm=31us stale=861[0m
[00:20:16.569,195] [0m<inf> radiant_gate_mpsl: gate: acq=868 in_grant=859/859 placed=868 granted=863 blocked=4 cancel=0 eagain=43 near=0 long=0 ext=78/2 dead=0 | den pend=1 anch=1 dist=0 degen=0 nosess=0 owed=0 | sent grant=1 dead=0 blk=4 supp=859 | end=863 (norm=863 rel=0 idle=0 late=0) | bad over=0 inval=0 unk=0 inl=4 | len=4888/4888 el=3500 skew=8548 brun=0 sig=7 g=0 hw=0 p=1 rel=0 end=1 boot=0 anchor=1 owes=1[0m
[00:20:17.353,137] [0m<inf> radiant_api: SWEEP set=1 steer=0 dwell=85425/260000 adv=1 sweeps=0 win=1 ok=3 searching=0 carrier=255 | chunks=6 preempt=0 missed=0 ebusy=0 rej=0 | pumps=5486 hk=5485 | scan_us=565200/6 track_us=180820/863 | end ok=0 abrt=2 miss=0 fail=0 deny=6 replan=0[0m
[00:20:17.569,257] [0m<inf> radiant_gate_mpsl: hi: acq=864 den=0 resv=0 pend=864 blk=0 grant=863[0m
[00:20:17.569,269] [0m<inf> radiant_gate_mpsl: seam: grant=865 nostage=0 prog=865/0 | sigrad=1729 sigt0=943 isr=1729 end=866 dis=0 term=6 | ramp=865/2 state=0 ev=0x13 rxen saved=0x80000014 cont=0x13f a=0x80000014 p=0x80000014 e=0x80000014 inten=0x00000140[0m
[00:20:17.569,278] [0m<inf> radiant_gate_mpsl: sw: n=863 wipe=0 ramp=863 wipe+ramp=0 rx=863 wipe+rx=0 | started=863 early=0/0us last=2635us | open lead=231us max=257us late=0 glen=4888 cc0=2888[0m
[00:20:17.569,309] [0m<inf> radiant_gate_mpsl: hiend: timer0=863 | lasted=2889us max=3486us | dur=2866us max=3463us short=0 | t0arm=31us stale=865[0m
[00:20:17.569,340] [0m<inf> radiant_gate_mpsl: gate: acq=872 in_grant=863/863 placed=872 granted=867 blocked=4 cancel=0 eagain=43 near=0 long=0 ext=78/2 dead=0 | den pend=1 anch=1 dist=0 degen=0 nosess=0 owed=0 | sent grant=1 dead=0 blk=4 supp=863 | end=867 (norm=867 rel=0 idle=0 late=0) | bad over=0 inval=0 unk=0 inl=4 | len=4888/4888 el=3500 skew=8548 brun=0 sig=7 g=0 hw=0 p=1 rel=0 end=1 boot=0 anchor=1 owes=1[0m
[00:20:18.402,059] [0m<inf> radiant_api: SWEEP set=1 steer=0 dwell=85425/260000 adv=1 sweeps=0 win=1 ok=3 searching=0 carrier=255 | chunks=6 preempt=0 missed=0 ebusy=0 rej=0 | pumps=5511 hk=5510 | scan_us=565200/6 track_us=181636/867 | end ok=0 abrt=2 miss=0 fail=0 deny=6 replan=0[0m
[00:20:18.569,437] [0m<inf> radiant_gate_mpsl: hi: acq=868 den=0 resv=0 pend=868 blk=0 grant=867[0m
[00:20:18.569,448] [0m<inf> radiant_gate_mpsl: seam: grant=869 nostage=0 prog=869/0 | sigrad=1737 sigt0=947 isr=1737 end=870 dis=0 term=6 | ramp=869/2 state=0 ev=0x13 rxen saved=0x80000014 cont=0x13f a=0x80000014 p=0x80000014 e=0x80000014 inten=0x00000140[0m
[00:20:18.569,465] [0m<inf> radiant_gate_mpsl: sw: n=867 wipe=0 ramp=867 wipe+ramp=0 rx=867 wipe+rx=0 | started=867 early=0/0us last=2635us | open lead=230us max=257us late=0 glen=4888 cc0=2888[0m
[00:20:18.569,500] [0m<inf> radiant_gate_mpsl: hiend: timer0=867 | lasted=2889us max=3486us | dur=2865us max=3463us short=0 | t0arm=32us stale=869[0m
[00:20:18.569,519] [0m<inf> radiant_gate_mpsl: gate: acq=876 in_grant=867/867 placed=876 granted=871 blocked=4 cancel=0 eagain=43 near=0 long=0 ext=78/2 dead=0 | den pend=1 anch=1 dist=0 degen=0 nosess=0 owed=0 | sent grant=1 dead=0 blk=4 supp=867 | end=871 (norm=871 rel=0 idle=0 late=0) | bad over=0 inval=0 unk=0 inl=4 | len=4888/4888 el=3500 skew=8548 brun=0 sig=7 g=0 hw=0 p=1 rel=0 end=1 boot=0 anchor=1 owes=1[0m
[00:20:18.949,105] [0m<inf> thread_coex: thread load: role=2 sent=2200 failed=0 interval=100ms payload=64B[0m
[00:20:18.949,115] [0m<inf> thread_coex: thread lat us: <64=0 64=0 128=2197 256=3 512=0 1k=0 2k=0 4k=0 8k=0 16k=0 32k=0 64k=0 >=128k=0 max=311[0m
[00:20:18.949,123] [0m<inf> thread_coex: thread mac d: tx=100 retry=2 cca=0 abort=0 busy=0 | tot tx=2207 retry=19 cca=0 abort=0 busy=0[0m
[00:20:19.451,236] [0m<inf> radiant_api: SWEEP set=1 steer=0 dwell=85425/260000 adv=1 sweeps=0 win=1 ok=3 searching=0 carrier=255 | chunks=6 preempt=0 missed=0 ebusy=0 rej=0 | pumps=5536 hk=5535 | scan_us=565200/6 track_us=182452/871 | end ok=0 abrt=2 miss=0 fail=0 deny=6 replan=0[0m
[00:20:19.569,569] [0m<inf> radiant_gate_mpsl: hi: acq=872 den=0 resv=0 pend=872 blk=0 grant=871[0m
[00:20:19.569,581] [0m<inf> radiant_gate_mpsl: seam: grant=873 nostage=0 prog=873/0 | sigrad=1745 sigt0=951 isr=1745 end=874 dis=0 term=6 | ramp=873/2 state=0 ev=0x13 rxen saved=0x80000014 cont=0x13f a=0x80000014 p=0x80000014 e=0x80000014 inten=0x00000140[0m
[00:20:19.569,590] [0m<inf> radiant_gate_mpsl: sw: n=871 wipe=0 ramp=871 wipe+ramp=0 rx=871 wipe+rx=0 | started=871 early=0/0us last=2636us | open lead=230us max=257us late=0 glen=4888 cc0=2888[0m
[00:20:19.569,621] [0m<inf> radiant_gate_mpsl: hiend: timer0=871 | lasted=2889us max=3486us | dur=2865us max=3463us short=0 | t0arm=32us stale=873[0m
[00:20:19.569,648] [0m<inf> radiant_gate_mpsl: gate: acq=880 in_grant=871/871 placed=880 granted=875 blocked=4 cancel=0 eagain=46 near=0 long=0 ext=78/2 dead=0 | den pend=1 anch=1 dist=0 degen=0 nosess=0 owed=0 | sent grant=1 dead=0 blk=4 supp=871 | end=875 (norm=875 rel=0 idle=0 late=0) | bad over=0 inval=0 unk=0 inl=4 | len=4888/4888 el=3500 skew=8548 brun=0 sig=7 g=0 hw=0 p=1 rel=0 end=1 boot=0 anchor=1 owes=1[0m
[00:20:20.498,730] [0m<inf> radiant_api: SWEEP set=1 steer=0 dwell=85425/260000 adv=1 sweeps=0 win=1 ok=3 searching=0 carrier=255 | chunks=6 preempt=0 missed=0 ebusy=0 rej=0 | pumps=5561 hk=5560 | scan_us=565200/6 track_us=183472/876 | end ok=0 abrt=2 miss=0 fail=0 deny=6 replan=0[0m
[00:20:20.569,730] [0m<inf> radiant_gate_mpsl: hi: acq=876 den=0 resv=0 pend=876 blk=0 grant=875[0m
[00:20:20.569,742] [0m<inf> radiant_gate_mpsl: seam: grant=877 nostage=0 prog=877/0 | sigrad=1753 sigt0=955 isr=1753 end=878 dis=0 term=6 | ramp=877/2 state=0 ev=0x13 rxen saved=0x80000014 cont=0x13f a=0x80000014 p=0x80000014 e=0x80000014 inten=0x00000140[0m
[00:20:20.569,751] [0m<inf> radiant_gate_mpsl: sw: n=875 wipe=0 ramp=875 wipe+ramp=0 rx=875 wipe+rx=0 | started=875 early=0/0us last=2635us | open lead=231us max=257us late=0 glen=4888 cc0=2888[0m
[00:20:20.569,794] [0m<inf> radiant_gate_mpsl: hiend: timer0=875 | lasted=2889us max=3486us | dur=2865us max=3463us short=0 | t0arm=32us stale=877[0m
[00:20:20.569,813] [0m<inf> radiant_gate_mpsl: gate: acq=884 in_grant=875/875 placed=884 granted=879 blocked=4 cancel=0 eagain=46 near=0 long=0 ext=78/2 dead=0 | den pend=1 anch=1 dist=0 degen=0 nosess=0 owed=0 | sent grant=1 dead=0 blk=4 supp=875 | end=879 (norm=879 rel=0 idle=0 late=0) | bad over=0 inval=0 unk=0 inl=4 | len=4888/4888 el=3500 skew=8548 brun=0 sig=7 g=0 hw=0 p=1 rel=0 end=1 boot=0 anchor=1 owes=1[0m
[00:20:21.547,696] [0m<inf> radiant_api: SWEEP set=1 steer=0 dwell=85425/260000 adv=1 sweeps=0 win=1 ok=3 searching=0 carrier=255 | chunks=6 preempt=0 missed=0 ebusy=0 rej=0 | pumps=5587 hk=5586 | scan_us=565200/6 track_us=184288/880 | end ok=0 abrt=2 miss=0 fail=0 deny=6 replan=0[0m
[00:20:21.569,855] [0m<inf> radiant_gate_mpsl: hi: acq=880 den=0 resv=0 pend=880 blk=0 grant=879[0m
[00:20:21.569,867] [0m<inf> radiant_gate_mpsl: seam: grant=881 nostage=0 prog=881/0 | sigrad=1761 sigt0=959 isr=1761 end=882 dis=0 term=6 | ramp=881/2 state=0 ev=0x13 rxen saved=0x80000014 cont=0x13f a=0x80000014 p=0x80000014 e=0x80000014 inten=0x00000140[0m
[00:20:21.569,876] [0m<inf> radiant_gate_mpsl: sw: n=879 wipe=0 ramp=879 wipe+ramp=0 rx=879 wipe+rx=0 | started=879 early=0/0us last=2635us | open lead=230us max=257us late=0 glen=4888 cc0=2888[0m
[00:20:21.569,907] [0m<inf> radiant_gate_mpsl: hiend: timer0=879 | lasted=2889us max=3486us | dur=2866us max=3463us short=0 | t0arm=32us stale=881[0m
[00:20:21.569,926] [0m<inf> radiant_gate_mpsl: gate: acq=888 in_grant=879/879 placed=888 granted=883 blocked=4 cancel=0 eagain=46 near=0 long=0 ext=78/2 dead=0 | den pend=1 anch=1 dist=0 degen=0 nosess=0 owed=0 | sent grant=1 dead=0 blk=4 supp=879 | end=883 (norm=883 rel=0 idle=0 late=0) | bad over=0 inval=0 unk=0 inl=4 | len=4888/4888 el=3500 skew=8548 brun=0 sig=7 g=0 hw=0 p=1 rel=0 end=1 boot=0 anchor=1 owes=1[0m
[00:20:22.570,028] [0m<inf> radiant_gate_mpsl: hi: acq=884 den=0 resv=0 pend=884 blk=0 grant=883[0m
[00:20:22.570,045] [0m<inf> radiant_gate_mpsl: seam: grant=885 nostage=0 prog=885/0 | sigrad=1769 sigt0=963 isr=1769 end=886 dis=0 term=6 | ramp=885/2 state=0 ev=0x13 rxen saved=0x80000014 cont=0x13f a=0x80000014 p=0x80000014 e=0x80000014 inten=0x00000140[0m
[00:20:22.570,054] [0m<inf> radiant_gate_mpsl: sw: n=883 wipe=0 ramp=883 wipe+ramp=0 rx=883 wipe+rx=0 | started=883 early=0/0us last=2635us | open lead=230us max=257us late=0 glen=4888 cc0=2888[0m
[00:20:22.570,088] [0m<inf> radiant_gate_mpsl: hiend: timer0=883 | lasted=2889us max=3486us | dur=2865us max=3463us short=0 | t0arm=32us stale=885[0m
[00:20:22.570,106] [0m<inf> radiant_gate_mpsl: gate: acq=892 in_grant=883/883 placed=892 granted=887 blocked=4 cancel=0 eagain=46 near=0 long=0 ext=78/2 dead=0 | den pend=1 anch=1 dist=0 degen=0 nosess=0 owed=0 | sent grant=1 dead=0 blk=4 supp=883 | end=887 (norm=887 rel=0 idle=0 late=0) | bad over=0 inval=0 unk=0 inl=4 | len=4888/4888 el=3500 skew=8548 brun=0 sig=7 g=0 hw=0 p=1 rel=0 end=1 boot=0 anchor=1 owes=1[0m
[00:20:22.596,640] [0m<inf> radiant_api: SWEEP set=1 steer=0 dwell=85425/260000 adv=1 sweeps=0 win=1 ok=3 searching=0 carrier=255 | chunks=6 preempt=0 missed=0 ebusy=0 rej=0 | pumps=5612 hk=5611 | scan_us=565200/6 track_us=185104/884 | end ok=0 abrt=2 miss=0 fail=0 deny=6 replan=0[0m
[00:20:23.570,143] [0m<inf> radiant_gate_mpsl: hi: acq=888 den=0 resv=0 pend=888 blk=0 grant=887[0m
[00:20:23.570,155] [0m<inf> radiant_gate_mpsl: seam: grant=889 nostage=0 prog=889/0 | sigrad=1777 sigt0=967 isr=1777 end=890 dis=0 term=6 | ramp=889/2 state=0 ev=0x13 rxen saved=0x80000014 cont=0x13f a=0x80000014 p=0x80000014 e=0x80000014 inten=0x00000140[0m
[00:20:23.570,164] [0m<inf> radiant_gate_mpsl: sw: n=887 wipe=0 ramp=887 wipe+ramp=0 rx=887 wipe+rx=0 | started=887 early=0/0us last=2635us | open lead=230us max=257us late=0 glen=4888 cc0=2888[0m
[00:20:23.570,195] [0m<inf> radiant_gate_mpsl: hiend: timer0=887 | lasted=2889us max=3486us | dur=2865us max=3463us short=0 | t0arm=32us stale=889[0m
[00:20:23.570,226] [0m<inf> radiant_gate_mpsl: gate: acq=896 in_grant=887/887 placed=896 granted=891 blocked=4 cancel=0 eagain=46 near=0 long=0 ext=78/2 dead=0 | den pend=1 anch=1 dist=0 degen=0 nosess=0 owed=0 | sent grant=1 dead=0 blk=4 supp=887 | end=891 (norm=891 rel=0 idle=0 late=0) | bad over=0 inval=0 unk=0 inl=4 | len=4888/4888 el=3500 skew=8548 brun=0 sig=7 g=0 hw=0 p=1 rel=0 end=1 boot=0 anchor=1 owes=1[0m
[00:20:23.645,541] [0m<inf> radiant_api: SWEEP set=1 steer=0 dwell=85425/260000 adv=1 sweeps=0 win=1 ok=3 searching=0 carrier=255 | chunks=6 preempt=0 missed=0 ebusy=0 rej=0 | pumps=5637 hk=5636 | scan_us=565200/6 track_us=185920/888 | end ok=0 abrt=2 miss=0 fail=0 deny=6 replan=0[0m
[00:20:24.570,290] [0m<inf> radiant_gate_mpsl: hi: acq=892 den=0 resv=0 pend=892 blk=0 grant=891[0m
[00:20:24.570,307] [0m<inf> radiant_gate_mpsl: seam: grant=893 nostage=0 prog=893/0 | sigrad=1785 sigt0=971 isr=1785 end=894 dis=0 term=6 | ramp=893/2 state=0 ev=0x13 rxen saved=0x80000014 cont=0x13f a=0x80000014 p=0x80000014 e=0x80000014 inten=0x00000140[0m
[00:20:24.570,316] [0m<inf> radiant_gate_mpsl: sw: n=891 wipe=0 ramp=891 wipe+ramp=0 rx=891 wipe+rx=0 | started=891 early=0/0us last=2635us | open lead=230us max=257us late=0 glen=4888 cc0=2888[0m
[00:20:24.570,359] [0m<inf> radiant_gate_mpsl: hiend: timer0=891 | lasted=2889us max=3486us | dur=2866us max=3463us short=0 | t0arm=32us stale=893[0m
[00:20:24.570,378] [0m<inf> radiant_gate_mpsl: gate: acq=900 in_grant=891/891 placed=900 granted=895 blocked=4 cancel=0 eagain=46 near=0 long=0 ext=78/2 dead=0 | den pend=1 anch=1 dist=0 degen=0 nosess=0 owed=0 | sent grant=1 dead=0 blk=4 supp=891 | end=895 (norm=895 rel=0 idle=0 late=0) | bad over=0 inval=0 unk=0 inl=4 | len=4888/4888 el=3500 skew=8548 brun=0 sig=7 g=0 hw=0 p=1 rel=0 end=1 boot=0 anchor=1 owes=1[0m
[00:20:24.694,480] [0m<inf> radiant_api: SWEEP set=1 steer=0 dwell=85425/260000 adv=1 sweeps=0 win=1 ok=3 searching=0 carrier=255 | chunks=6 preempt=0 missed=0 ebusy=0 rej=0 | pumps=5662 hk=5661 | scan_us=565200/6 track_us=186736/892 | end ok=0 abrt=2 miss=0 fail=0 deny=6 replan=0[0m
[00:20:25.570,455] [0m<inf> radiant_gate_mpsl: hi: acq=896 den=0 resv=0 pend=896 blk=0 grant=895[0m
[00:20:25.570,466] [0m<inf> radiant_gate_mpsl: seam: grant=897 nostage=0 prog=897/0 | sigrad=1793 sigt0=975 isr=1793 end=898 dis=0 term=6 | ramp=897/2 state=0 ev=0x13 rxen saved=0x80000014 cont=0x13f a=0x80000014 p=0x80000014 e=0x80000014 inten=0x00000140[0m
[00:20:25.570,475] [0m<inf> radiant_gate_mpsl: sw: n=895 wipe=0 ramp=895 wipe+ramp=0 rx=895 wipe+rx=0 | started=895 early=0/0us last=2635us | open lead=231us max=257us late=0 glen=4888 cc0=2888[0m
[00:20:25.570,507] [0m<inf> radiant_gate_mpsl: hiend: timer0=895 | lasted=2889us max=3486us | dur=2865us max=3463us short=0 | t0arm=32us stale=897[0m
[00:20:25.570,538] [0m<inf> radiant_gate_mpsl: gate: acq=904 in_grant=895/895 placed=904 granted=899 blocked=4 cancel=0 eagain=46 near=0 long=0 ext=78/2 dead=0 | den pend=1 anch=1 dist=0 degen=0 nosess=0 owed=0 | sent grant=1 dead=0 blk=4 supp=895 | end=899 (norm=899 rel=0 idle=0 late=0) | bad over=0 inval=0 unk=0 inl=4 | len=4888/4888 el=3500 skew=8548 brun=0 sig=7 g=0 hw=0 p=1 rel=0 end=1 boot=0 anchor=1 owes=1[0m
[00:20:25.742,363] [0m<inf> radiant_api: SWEEP set=1 steer=0 dwell=85425/260000 adv=1 sweeps=0 win=1 ok=3 searching=0 carrier=255 | chunks=6 preempt=0 missed=0 ebusy=0 rej=0 | pumps=5687 hk=5686 | scan_us=565200/6 track_us=187756/897 | end ok=0 abrt=2 miss=0 fail=0 deny=6 replan=0[0m
[00:20:26.570,599] [0m<inf> radiant_gate_mpsl: hi: acq=900 den=0 resv=0 pend=900 blk=0 grant=899[0m
[00:20:26.570,616] [0m<inf> radiant_gate_mpsl: seam: grant=901 nostage=0 prog=901/0 | sigrad=1801 sigt0=979 isr=1801 end=902 dis=0 term=6 | ramp=901/2 state=0 ev=0x13 rxen saved=0x80000014 cont=0x13f a=0x80000014 p=0x80000014 e=0x80000014 inten=0x00000140[0m
[00:20:26.570,625] [0m<inf> radiant_gate_mpsl: sw: n=899 wipe=0 ramp=899 wipe+ramp=0 rx=899 wipe+rx=0 | started=899 early=0/0us last=2635us | open lead=230us max=257us late=0 glen=4888 cc0=2888[0m
[00:20:26.570,670] [0m<inf> radiant_gate_mpsl: hiend: timer0=899 | lasted=2889us max=3486us | dur=2865us max=3463us short=0 | t0arm=32us stale=901[0m
[00:20:26.570,689] [0m<inf> radiant_gate_mpsl: gate: acq=908 in_grant=899/899 placed=908 granted=903 blocked=4 cancel=0 eagain=46 near=0 long=0 ext=78/2 dead=0 | den pend=1 anch=1 dist=0 degen=0 nosess=0 owed=0 | sent grant=1 dead=0 blk=4 supp=899 | end=903 (norm=903 rel=0 idle=0 late=0) | bad over=0 inval=0 unk=0 inl=4 | len=4888/4888 el=3500 skew=8548 brun=0 sig=7 g=0 hw=0 p=1 rel=0 end=1 boot=0 anchor=1 owes=1[0m
[00:20:26.791,340] [0m<inf> radiant_api: SWEEP set=1 steer=0 dwell=85425/260000 adv=1 sweeps=0 win=1 ok=3 searching=0 carrier=255 | chunks=6 preempt=0 missed=0 ebusy=0 rej=0 | pumps=5713 hk=5712 | scan_us=565200/6 track_us=188572/901 | end ok=0 abrt=2 miss=0 fail=0 deny=6 replan=0[0m
[00:20:27.570,757] [0m<inf> radiant_gate_mpsl: hi: acq=904 den=0 resv=0 pend=904 blk=0 grant=903[0m
[00:20:27.570,768] [0m<inf> radiant_gate_mpsl: seam: grant=905 nostage=0 prog=905/0 | sigrad=1809 sigt0=983 isr=1809 end=906 dis=0 term=6 | ramp=905/2 state=0 ev=0x13 rxen saved=0x80000014 cont=0x13f a=0x80000014 p=0x80000014 e=0x80000014 inten=0x00000140[0m
[00:20:27.570,777] [0m<inf> radiant_gate_mpsl: sw: n=903 wipe=0 ramp=903 wipe+ramp=0 rx=903 wipe+rx=0 | started=903 early=0/0us last=2634us | open lead=231us max=257us late=0 glen=4888 cc0=2888[0m
[00:20:27.570,818] [0m<inf> radiant_gate_mpsl: hiend: timer0=903 | lasted=2889us max=3486us | dur=2866us max=3463us short=0 | t0arm=32us stale=905[0m
[00:20:27.570,840] [0m<inf> radiant_gate_mpsl: gate: acq=912 in_grant=903/903 placed=912 granted=907 blocked=4 cancel=0 eagain=46 near=0 long=0 ext=78/2 dead=0 | den pend=1 anch=1 dist=0 degen=0 nosess=0 owed=0 | sent grant=1 dead=0 blk=4 supp=903 | end=907 (norm=907 rel=0 idle=0 late=0) | bad over=0 inval=0 unk=0 inl=4 | len=4888/4888 el=3500 skew=8548 brun=0 sig=7 g=0 hw=0 p=1 rel=0 end=1 boot=0 anchor=1 owes=1[0m
[00:20:27.840,276] [0m<inf> radiant_api: SWEEP set=1 steer=0 dwell=85425/260000 adv=1 sweeps=0 win=1 ok=3 searching=0 carrier=255 | chunks=6 preempt=0 missed=0 ebusy=0 rej=0 | pumps=5738 hk=5737 | scan_us=565200/6 track_us=189388/905 | end ok=0 abrt=2 miss=0 fail=0 deny=6 replan=0[0m
[00:20:28.570,900] [0m<inf> radiant_gate_mpsl: hi: acq=908 den=0 resv=0 pend=908 blk=0 grant=907[0m
[00:20:28.570,911] [0m<inf> radiant_gate_mpsl: seam: grant=909 nostage=0 prog=909/0 | sigrad=1817 sigt0=987 isr=1817 end=910 dis=0 term=6 | ramp=909/2 state=0 ev=0x13 rxen saved=0x80000014 cont=0x13f a=0x80000014 p=0x80000014 e=0x80000014 inten=0x00000140[0m
[00:20:28.570,921] [0m<inf> radiant_gate_mpsl: sw: n=907 wipe=0 ramp=907 wipe+ramp=0 rx=907 wipe+rx=0 | started=907 early=0/0us last=2635us | open lead=230us max=257us late=0 glen=4888 cc0=2888[0m
[00:20:28.570,964] [0m<inf> radiant_gate_mpsl: hiend: timer0=907 | lasted=2889us max=3486us | dur=2865us max=3463us short=0 | t0arm=32us stale=909[0m
[00:20:28.570,983] [0m<inf> radiant_gate_mpsl: gate: acq=916 in_grant=907/907 placed=916 granted=911 blocked=4 cancel=0 eagain=46 near=0 long=0 ext=78/2 dead=0 | den pend=1 anch=1 dist=0 degen=0 nosess=0 owed=0 | sent grant=1 dead=0 blk=4 supp=907 | end=911 (norm=911 rel=0 idle=0 late=0) | bad over=0 inval=0 unk=0 inl=4 | len=4888/4888 el=3500 skew=8548 brun=0 sig=7 g=0 hw=0 p=1 rel=0 end=1 boot=0 anchor=1 owes=1[0m
[00:20:28.889,184] [0m<inf> radiant_api: SWEEP set=1 steer=0 dwell=85425/260000 adv=1 sweeps=0 win=1 ok=3 searching=0 carrier=255 | chunks=6 preempt=0 missed=0 ebusy=0 rej=0 | pumps=5763 hk=5762 | scan_us=565200/6 track_us=190204/909 | end ok=0 abrt=2 miss=0 fail=0 deny=6 replan=0[0m
[00:20:28.972,339] [0m<inf> thread_coex: thread load: role=2 sent=2300 failed=0 interval=100ms payload=64B[0m
[00:20:28.972,349] [0m<inf> thread_coex: thread lat us: <64=0 64=0 128=2297 256=3 512=0 1k=0 2k=0 4k=0 8k=0 16k=0 32k=0 64k=0 >=128k=0 max=311[0m
[00:20:28.972,357] [0m<inf> thread_coex: thread mac d: tx=100 retry=1 cca=0 abort=0 busy=0 | tot tx=2307 retry=20 cca=0 abort=0 busy=0[0m
[00:20:29.571,063] [0m<inf> radiant_gate_mpsl: hi: acq=912 den=0 resv=0 pend=912 blk=0 grant=911[0m
[00:20:29.571,079] [0m<inf> radiant_gate_mpsl: seam: grant=913 nostage=0 prog=913/0 | sigrad=1825 sigt0=991 isr=1825 end=914 dis=0 term=6 | ramp=913/2 state=0 ev=0x13 rxen saved=0x80000014 cont=0x13f a=0x80000014 p=0x80000014 e=0x80000014 inten=0x00000140[0m
[00:20:29.571,096] [0m<inf> radiant_gate_mpsl: sw: n=911 wipe=0 ramp=911 wipe+ramp=0 rx=911 wipe+rx=0 | started=911 early=0/0us last=2635us | open lead=230us max=257us late=0 glen=4888 cc0=2888[0m
[00:20:29.571,131] [0m<inf> radiant_gate_mpsl: hiend: timer0=911 | lasted=2889us max=3486us | dur=2866us max=3463us short=0 | t0arm=32us stale=913[0m
[00:20:29.571,150] [0m<inf> radiant_gate_mpsl: gate: acq=920 in_grant=911/911 placed=920 granted=915 blocked=4 cancel=0 eagain=46 near=0 long=0 ext=78/2 dead=0 | den pend=1 anch=1 dist=0 degen=0 nosess=0 owed=0 | sent grant=1 dead=0 blk=4 supp=911 | end=915 (norm=915 rel=0 idle=0 late=0) | bad over=0 inval=0 unk=0 inl=4 | len=4888/4888 el=3500 skew=8548 brun=0 sig=7 g=0 hw=0 p=1 rel=0 end=1 boot=0 anchor=1 owes=1[0m
[00:20:29.938,129] [0m<inf> radiant_api: SWEEP set=1 steer=0 dwell=85425/260000 adv=1 sweeps=0 win=1 ok=3 searching=0 carrier=255 | chunks=6 preempt=0 missed=0 ebusy=0 rej=0 | pumps=5788 hk=5787 | scan_us=565200/6 track_us=191020/913 | end ok=0 abrt=2 miss=0 fail=0 deny=6 replan=0[0m
[00:20:30.571,220] [0m<inf> radiant_gate_mpsl: hi: acq=916 den=0 resv=0 pend=916 blk=0 grant=915[0m
[00:20:30.571,231] [0m<inf> radiant_gate_mpsl: seam: grant=917 nostage=0 prog=917/0 | sigrad=1833 sigt0=995 isr=1833 end=918 dis=0 term=6 | ramp=917/2 state=0 ev=0x13 rxen saved=0x80000014 cont=0x13f a=0x80000014 p=0x80000014 e=0x80000014 inten=0x00000140[0m
[00:20:30.571,240] [0m<inf> radiant_gate_mpsl: sw: n=915 wipe=0 ramp=915 wipe+ramp=0 rx=915 wipe+rx=0 | started=915 early=0/0us last=2635us | open lead=230us max=257us late=0 glen=4888 cc0=2888[0m
[00:20:30.571,272] [0m<inf> radiant_gate_mpsl: hiend: timer0=915 | lasted=2890us max=3486us | dur=2866us max=3463us short=0 | t0arm=32us stale=917[0m
[00:20:30.571,303] [0m<inf> radiant_gate_mpsl: gate: acq=924 in_grant=915/915 placed=924 granted=919 blocked=4 cancel=0 eagain=46 near=0 long=0 ext=78/2 dead=0 | den pend=1 anch=1 dist=0 degen=0 nosess=0 owed=0 | sent grant=1 dead=0 blk=4 supp=915 | end=919 (norm=919 rel=0 idle=0 late=0) | bad over=0 inval=0 unk=0 inl=4 | len=4888/4888 el=3500 skew=8548 brun=0 sig=7 g=0 hw=0 p=1 rel=0 end=1 boot=0 anchor=1 owes=1[0m
[00:20:30.986,102] [0m<inf> radiant_api: SWEEP set=1 steer=0 dwell=85425/260000 adv=1 sweeps=0 win=1 ok=3 searching=0 carrier=255 | chunks=6 preempt=0 missed=0 ebusy=0 rej=0 | pumps=5813 hk=5812 | scan_us=565200/6 track_us=192040/918 | end ok=0 abrt=2 miss=0 fail=0 deny=6 replan=0[0m
[00:20:31.571,381] [0m<inf> radiant_gate_mpsl: hi: acq=920 den=0 resv=0 pend=920 blk=0 grant=919[0m
[00:20:31.571,392] [0m<inf> radiant_gate_mpsl: seam: grant=921 nostage=0 prog=921/0 | sigrad=1841 sigt0=999 isr=1841 end=922 dis=0 term=6 | ramp=921/2 state=0 ev=0x13 rxen saved=0x80000014 cont=0x13f a=0x80000014 p=0x80000014 e=0x80000014 inten=0x00000140[0m
[00:20:31.571,401] [0m<inf> radiant_gate_mpsl: sw: n=919 wipe=0 ramp=919 wipe+ramp=0 rx=919 wipe+rx=0 | started=919 early=0/0us last=2636us | open lead=229us max=257us late=0 glen=4888 cc0=2888[0m
[00:20:31.571,444] [0m<inf> radiant_gate_mpsl: hiend: timer0=919 | lasted=2889us max=3486us | dur=2865us max=3463us short=0 | t0arm=32us stale=921[0m
[00:20:31.571,463] [0m<inf> radiant_gate_mpsl: gate: acq=928 in_grant=919/919 placed=928 granted=923 blocked=4 cancel=0 eagain=46 near=0 long=0 ext=78/2 dead=0 | den pend=1 anch=1 dist=0 degen=0 nosess=0 owed=0 | sent grant=1 dead=0 blk=4 supp=919 | end=923 (norm=923 rel=0 idle=0 late=0) | bad over=0 inval=0 unk=0 inl=4 | len=4888/4888 el=3500 skew=8548 brun=0 sig=7 g=0 hw=0 p=1 rel=0 end=1 boot=0 anchor=1 owes=1[0m
[00:20:32.035,059] [0m<inf> radiant_api: SWEEP set=1 steer=0 dwell=85425/260000 adv=1 sweeps=0 win=1 ok=3 searching=0 carrier=255 | chunks=6 preempt=0 missed=0 ebusy=0 rej=0 | pumps=5839 hk=5838 | scan_us=565200/6 track_us=192856/922 | end ok=0 abrt=2 miss=0 fail=0 deny=6 replan=0[0m
[00:20:32.571,552] [0m<inf> radiant_gate_mpsl: hi: acq=924 den=0 resv=0 pend=924 blk=0 grant=923[0m
[00:20:32.571,568] [0m<inf> radiant_gate_mpsl: seam: grant=925 nostage=0 prog=925/0 | sigrad=1849 sigt0=1003 isr=1849 end=926 dis=0 term=6 | ramp=925/2 state=0 ev=0x13 rxen saved=0x80000014 cont=0x13f a=0x80000014 p=0x80000014 e=0x80000014 inten=0x00000140[0m
[00:20:32.571,586] [0m<inf> radiant_gate_mpsl: sw: n=923 wipe=0 ramp=923 wipe+ramp=0 rx=923 wipe+rx=0 | started=923 early=0/0us last=2635us | open lead=230us max=257us late=0 glen=4888 cc0=2888[0m
[00:20:32.571,621] [0m<inf> radiant_gate_mpsl: hiend: timer0=923 | lasted=2890us max=3486us | dur=2866us max=3463us short=0 | t0arm=32us stale=925[0m
[00:20:32.571,640] [0m<inf> radiant_gate_mpsl: gate: acq=932 in_grant=923/923 placed=932 granted=927 blocked=4 cancel=0 eagain=47 near=0 long=0 ext=78/2 dead=0 | den pend=1 anch=1 dist=0 degen=0 nosess=0 owed=0 | sent grant=1 dead=0 blk=4 supp=923 | end=927 (norm=927 rel=0 idle=0 late=0) | bad over=0 inval=0 unk=0 inl=4 | len=4888/4888 el=3500 skew=8548 brun=0 sig=7 g=0 hw=0 p=1 rel=0 end=1 boot=0 anchor=1 owes=1[0m
[00:20:33.082,545] [0m<inf> radiant_api: SWEEP set=1 steer=0 dwell=85425/260000 adv=1 sweeps=0 win=1 ok=3 searching=0 carrier=255 | chunks=6 preempt=0 missed=0 ebusy=0 rej=0 | pumps=5864 hk=5863 | scan_us=565200/6 track_us=193672/926 | end ok=0 abrt=2 miss=0 fail=0 deny=6 replan=0[0m
[00:20:33.571,679] [0m<inf> radiant_gate_mpsl: hi: acq=928 den=0 resv=0 pend=928 blk=0 grant=927[0m
[00:20:33.571,690] [0m<inf> radiant_gate_mpsl: seam: grant=929 nostage=0 prog=929/0 | sigrad=1857 sigt0=1007 isr=1857 end=930 dis=0 term=6 | ramp=929/2 state=0 ev=0x13 rxen saved=0x80000014 cont=0x13f a=0x80000014 p=0x80000014 e=0x80000014 inten=0x00000140[0m
[00:20:33.571,699] [0m<inf> radiant_gate_mpsl: sw: n=927 wipe=0 ramp=927 wipe+ramp=0 rx=927 wipe+rx=0 | started=927 early=0/0us last=2635us | open lead=231us max=257us late=0 glen=4888 cc0=2888[0m
[00:20:33.571,731] [0m<inf> radiant_gate_mpsl: hiend: timer0=927 | lasted=2890us max=3486us | dur=2867us max=3463us short=0 | t0arm=31us stale=929[0m
[00:20:33.571,762] [0m<inf> radiant_gate_mpsl: gate: acq=936 in_grant=927/927 placed=936 granted=931 blocked=4 cancel=0 eagain=49 near=0 long=0 ext=78/2 dead=0 | den pend=1 anch=1 dist=0 degen=0 nosess=0 owed=0 | sent grant=1 dead=0 blk=4 supp=927 | end=931 (norm=931 rel=0 idle=0 late=0) | bad over=0 inval=0 unk=0 inl=4 | len=4888/4888 el=3500 skew=8548 brun=0 sig=7 g=0 hw=0 p=1 rel=0 end=1 boot=0 anchor=1 owes=1[0m
[00:20:34.082,672] [0m<inf> radiant_api: SWEEP set=1 steer=0 dwell=85425/260000 adv=1 sweeps=0 win=1 ok=3 searching=0 carrier=255 | chunks=6 preempt=0 missed=0 ebusy=0 rej=0 | pumps=5888 hk=5887 | scan_us=565200/6 track_us=194488/930 | end ok=0 abrt=2 miss=0 fail=0 deny=6 replan=0[0m
[00:20:34.571,835] [0m<inf> radiant_gate_mpsl: hi: acq=932 den=0 resv=0 pend=932 blk=0 grant=931[0m
[00:20:34.571,846] [0m<inf> radiant_gate_mpsl: seam: grant=933 nostage=0 prog=933/0 | sigrad=1865 sigt0=1011 isr=1865 end=934 dis=0 term=6 | ramp=933/2 state=0 ev=0x13 rxen saved=0x80000014 cont=0x13f a=0x80000014 p=0x80000014 e=0x80000014 inten=0x00000140[0m
[00:20:34.571,855] [0m<inf> radiant_gate_mpsl: sw: n=931 wipe=0 ramp=931 wipe+ramp=0 rx=931 wipe+rx=0 | started=931 early=0/0us last=2635us | open lead=231us max=257us late=0 glen=4888 cc0=2888[0m
[00:20:34.571,899] [0m<inf> radiant_gate_mpsl: hiend: timer0=931 | lasted=2889us max=3486us | dur=2866us max=3463us short=0 | t0arm=31us stale=933[0m
[00:20:34.571,918] [0m<inf> radiant_gate_mpsl: gate: acq=940 in_grant=931/931 placed=940 granted=935 blocked=4 cancel=0 eagain=49 near=0 long=0 ext=78/2 dead=0 | den pend=1 anch=1 dist=0 degen=0 nosess=0 owed=0 | sent grant=1 dead=0 blk=4 supp=931 | end=935 (norm=935 rel=0 idle=0 late=0) | bad over=0 inval=0 unk=0 inl=4 | len=4888/4888 el=3500 skew=8548 brun=0 sig=7 g=0 hw=0 p=1 rel=0 end=1 boot=0 anchor=1 owes=1[0m
[00:20:35.131,608] [0m<inf> radiant_api: SWEEP set=1 steer=0 dwell=85425/260000 adv=1 sweeps=0 win=1 ok=3 searching=0 carrier=255 | chunks=6 preempt=0 missed=0 ebusy=0 rej=0 | pumps=5913 hk=5912 | scan_us=565200/6 track_us=195304/934 | end ok=0 abrt=2 miss=0 fail=0 deny=6 replan=0[0m
[00:20:35.571,998] [0m<inf> radiant_gate_mpsl: hi: acq=936 den=0 resv=0 pend=936 blk=0 grant=935[0m
[00:20:35.572,014] [0m<inf> radiant_gate_mpsl: seam: grant=937 nostage=0 prog=937/0 | sigrad=1873 sigt0=1015 isr=1873 end=938 dis=0 term=6 | ramp=937/2 state=0 ev=0x13 rxen saved=0x80000014 cont=0x13f a=0x80000014 p=0x80000014 e=0x80000014 inten=0x00000140[0m
[00:20:35.572,023] [0m<inf> radiant_gate_mpsl: sw: n=935 wipe=0 ramp=935 wipe+ramp=0 rx=935 wipe+rx=0 | started=935 early=0/0us last=2634us | open lead=232us max=257us late=0 glen=4888 cc0=2888[0m
[00:20:35.572,066] [0m<inf> radiant_gate_mpsl: hiend: timer0=935 | lasted=2890us max=3486us | dur=2867us max=3463us short=0 | t0arm=31us stale=937[0m
[00:20:35.572,085] [0m<inf> radiant_gate_mpsl: gate: acq=944 in_grant=935/935 placed=944 granted=939 blocked=4 cancel=0 eagain=49 near=0 long=0 ext=78/2 dead=0 | den pend=1 anch=1 dist=0 degen=0 nosess=0 owed=0 | sent grant=1 dead=0 blk=4 supp=935 | end=939 (norm=939 rel=0 idle=0 late=0) | bad over=0 inval=0 unk=0 inl=4 | len=4888/4888 el=3500 skew=8548 brun=0 sig=7 g=0 hw=0 p=1 rel=0 end=1 boot=0 anchor=1 owes=1[0m
[00:20:36.180,541] [0m<inf> radiant_api: SWEEP set=1 steer=0 dwell=85425/260000 adv=1 sweeps=0 win=1 ok=3 searching=0 carrier=255 | chunks=6 preempt=0 missed=0 ebusy=0 rej=0 | pumps=5938 hk=5937 | scan_us=565200/6 track_us=196120/938 | end ok=0 abrt=2 miss=0 fail=0 deny=6 replan=0[0m
[00:20:36.572,148] [0m<inf> radiant_gate_mpsl: hi: acq=940 den=0 resv=0 pend=940 blk=0 grant=939[0m
[00:20:36.572,159] [0m<inf> radiant_gate_mpsl: seam: grant=941 nostage=0 prog=941/0 | sigrad=1881 sigt0=1019 isr=1881 end=942 dis=0 term=6 | ramp=941/2 state=0 ev=0x13 rxen saved=0x80000014 cont=0x13f a=0x80000014 p=0x80000014 e=0x80000014 inten=0x00000140[0m
[00:20:36.572,168] [0m<inf> radiant_gate_mpsl: sw: n=939 wipe=0 ramp=939 wipe+ramp=0 rx=939 wipe+rx=0 | started=939 early=0/0us last=2635us | open lead=231us max=257us late=0 glen=4888 cc0=2888[0m
[00:20:36.572,200] [0m<inf> radiant_gate_mpsl: hiend: timer0=939 | lasted=2889us max=3486us | dur=2866us max=3463us short=0 | t0arm=31us stale=941[0m
[00:20:36.572,230] [0m<inf> radiant_gate_mpsl: gate: acq=948 in_grant=939/939 placed=948 granted=943 blocked=4 cancel=0 eagain=49 near=0 long=0 ext=78/2 dead=0 | den pend=1 anch=1 dist=0 degen=0 nosess=0 owed=0 | sent grant=1 dead=0 blk=4 supp=939 | end=943 (norm=943 rel=0 idle=0 late=0) | bad over=0 inval=0 unk=0 inl=4 | len=4888/4888 el=3500 skew=8548 brun=0 sig=7 g=0 hw=0 p=1 rel=0 end=1 boot=0 anchor=1 owes=1[0m
[00:20:37.228,406] [0m<inf> radiant_api: SWEEP set=1 steer=0 dwell=85425/260000 adv=1 sweeps=0 win=1 ok=3 searching=0 carrier=255 | chunks=6 preempt=0 missed=0 ebusy=0 rej=0 | pumps=5963 hk=5962 | scan_us=565200/6 track_us=197140/943 | end ok=0 abrt=2 miss=0 fail=0 deny=6 replan=0[0m
[00:20:37.572,323] [0m<inf> radiant_gate_mpsl: hi: acq=944 den=0 resv=0 pend=944 blk=0 grant=943[0m
[00:20:37.572,334] [0m<inf> radiant_gate_mpsl: seam: grant=945 nostage=0 prog=945/0 | sigrad=1889 sigt0=1023 isr=1889 end=946 dis=0 term=6 | ramp=945/2 state=0 ev=0x13 rxen saved=0x80000014 cont=0x13f a=0x80000014 p=0x80000014 e=0x80000014 inten=0x00000140[0m
[00:20:37.572,343] [0m<inf> radiant_gate_mpsl: sw: n=943 wipe=0 ramp=943 wipe+ramp=0 rx=943 wipe+rx=0 | started=943 early=0/0us last=2635us | open lead=231us max=257us late=0 glen=4888 cc0=2888[0m
[00:20:37.572,386] [0m<inf> radiant_gate_mpsl: hiend: timer0=943 | lasted=2889us max=3486us | dur=2866us max=3463us short=0 | t0arm=31us stale=945[0m
[00:20:37.572,404] [0m<inf> radiant_gate_mpsl: gate: acq=952 in_grant=943/943 placed=952 granted=947 blocked=4 cancel=0 eagain=49 near=0 long=0 ext=78/2 dead=0 | den pend=1 anch=1 dist=0 degen=0 nosess=0 owed=0 | sent grant=1 dead=0 blk=4 supp=943 | end=947 (norm=947 rel=0 idle=0 late=0) | bad over=0 inval=0 unk=0 inl=4 | len=4888/4888 el=3500 skew=8548 brun=0 sig=7 g=0 hw=0 p=1 rel=0 end=1 boot=0 anchor=1 owes=1[0m
[00:20:38.277,342] [0m<inf> radiant_api: SWEEP set=1 steer=0 dwell=85425/260000 adv=1 sweeps=0 win=1 ok=3 searching=0 carrier=255 | chunks=6 preempt=0 missed=0 ebusy=0 rej=0 | pumps=5989 hk=5988 | scan_us=565200/6 track_us=197956/947 | end ok=0 abrt=2 miss=0 fail=0 deny=6 replan=0[0m
[00:20:38.572,486] [0m<inf> radiant_gate_mpsl: hi: acq=948 den=0 resv=0 pend=948 blk=0 grant=947[0m
[00:20:38.572,502] [0m<inf> radiant_gate_mpsl: seam: grant=949 nostage=0 prog=949/0 | sigrad=1897 sigt0=1027 isr=1897 end=950 dis=0 term=6 | ramp=949/2 state=0 ev=0x13 rxen saved=0x80000014 cont=0x13f a=0x80000014 p=0x80000014 e=0x80000014 inten=0x00000140[0m
[00:20:38.572,511] [0m<inf> radiant_gate_mpsl: sw: n=947 wipe=0 ramp=947 wipe+ramp=0 rx=947 wipe+rx=0 | started=947 early=0/0us last=2635us | open lead=231us max=257us late=0 glen=4888 cc0=2888[0m
[00:20:38.572,555] [0m<inf> radiant_gate_mpsl: hiend: timer0=947 | lasted=2890us max=3486us | dur=2867us max=3463us short=0 | t0arm=31us stale=949[0m
[00:20:38.572,574] [0m<inf> radiant_gate_mpsl: gate: acq=956 in_grant=947/947 placed=956 granted=951 blocked=4 cancel=0 eagain=49 near=0 long=0 ext=78/2 dead=0 | den pend=1 anch=1 dist=0 degen=0 nosess=0 owed=0 | sent grant=1 dead=0 blk=4 supp=947 | end=951 (norm=951 rel=0 idle=0 late=0) | bad over=0 inval=0 unk=0 inl=4 | len=4888/4888 el=3500 skew=8548 brun=0 sig=7 g=0 hw=0 p=1 rel=0 end=1 boot=0 anchor=1 owes=1[0m
[00:20:38.995,464] [0m<inf> thread_coex: thread load: role=2 sent=2400 failed=0 interval=100ms payload=64B[0m
[00:20:38.995,473] [0m<inf> thread_coex: thread lat us: <64=0 64=0 128=2397 256=3 512=0 1k=0 2k=0 4k=0 8k=0 16k=0 32k=0 64k=0 >=128k=0 max=311[0m
[00:20:38.995,482] [0m<inf> thread_coex: thread mac d: tx=100 retry=0 cca=0 abort=0 busy=0 | tot tx=2407 retry=20 cca=0 abort=0 busy=0[0m
[00:20:39.326,328] [0m<inf> radiant_api: SWEEP set=1 steer=0 dwell=85425/260000 adv=1 sweeps=0 win=1 ok=3 searching=0 carrier=255 | chunks=6 preempt=0 missed=0 ebusy=0 rej=0 | pumps=6014 hk=6013 | scan_us=565200/6 track_us=198822/951 | end ok=0 abrt=2 miss=0 fail=0 deny=6 replan=0[0m
[00:20:39.572,645] [0m<inf> radiant_gate_mpsl: hi: acq=952 den=0 resv=0 pend=952 blk=0 grant=951[0m
[00:20:39.572,659] [0m<inf> radiant_gate_mpsl: seam: grant=953 nostage=0 prog=953/0 | sigrad=1904 sigt0=1030 isr=1904 end=953 dis=1 term=7 | ramp=953/2 state=0 ev=0x13 rxen saved=0x80000014 cont=0x13f a=0x80000014 p=0x80000014 e=0x80000014 inten=0x00000140[0m
[00:20:39.572,667] [0m<inf> radiant_gate_mpsl: sw: n=951 wipe=0 ramp=951 wipe+ramp=0 rx=950 wipe+rx=0 | started=951 early=0/0us last=2635us | open lead=232us max=257us late=0 glen=4888 cc0=2888[0m
[00:20:39.572,715] [0m<inf> radiant_gate_mpsl: hiend: timer0=950 rel=1 | lasted=2889us max=3486us | dur=2866us max=3463us short=1 | t0arm=31us stale=953[0m
[00:20:39.572,734] [0m<inf> radiant_gate_mpsl: gate: acq=960 in_grant=950/950 placed=960 granted=955 blocked=4 cancel=0 eagain=49 near=0 long=0 ext=78/2 dead=0 | den pend=1 anch=1 dist=0 degen=0 nosess=0 owed=0 | sent grant=1 dead=0 blk=4 supp=951 | end=955 (norm=954 rel=1 idle=0 late=0) | bad over=0 inval=0 unk=0 inl=4 | len=4888/4888 el=3500 skew=8548 brun=0 sig=7 g=0 hw=0 p=1 rel=0 end=1 boot=0 anchor=1 owes=1[0m
[00:20:40.375,249] [0m<inf> radiant_api: SWEEP set=1 steer=0 dwell=85425/260000 adv=1 sweeps=0 win=1 ok=3 searching=0 carrier=255 | chunks=6 preempt=0 missed=0 ebusy=0 rej=0 | pumps=6039 hk=6038 | scan_us=565200/6 track_us=199638/955 | end ok=0 abrt=2 miss=0 fail=0 deny=6 replan=0[0m
[00:20:40.572,821] [0m<inf> radiant_gate_mpsl: hi: acq=956 den=0 resv=0 pend=956 blk=0 grant=955[0m
[00:20:40.572,832] [0m<inf> radiant_gate_mpsl: seam: grant=957 nostage=0 prog=957/0 | sigrad=1912 sigt0=1034 isr=1912 end=957 dis=1 term=7 | ramp=957/2 state=0 ev=0x13 rxen saved=0x80000014 cont=0x13f a=0x80000014 p=0x80000014 e=0x80000014 inten=0x00000140[0m
[00:20:40.572,841] [0m<inf> radiant_gate_mpsl: sw: n=955 wipe=0 ramp=955 wipe+ramp=0 rx=954 wipe+rx=0 | started=955 early=0/0us last=2635us | open lead=231us max=257us late=0 glen=4888 cc0=2888[0m
[00:20:40.572,891] [0m<inf> radiant_gate_mpsl: hiend: timer0=954 rel=1 | lasted=2889us max=3486us | dur=2866us max=3463us short=1 | t0arm=31us stale=957[0m
[00:20:40.572,909] [0m<inf> radiant_gate_mpsl: gate: acq=964 in_grant=954/954 placed=964 granted=959 blocked=4 cancel=0 eagain=49 near=0 long=0 ext=78/2 dead=0 | den pend=1 anch=1 dist=0 degen=0 nosess=0 owed=0 | sent grant=1 dead=0 blk=4 supp=955 | end=959 (norm=958 rel=1 idle=0 late=0) | bad over=0 inval=0 unk=0 inl=4 | len=4888/4888 el=3500 skew=8548 brun=0 sig=7 g=0 hw=0 p=1 rel=0 end=1 boot=0 anchor=1 owes=1[0m
[00:20:41.424,184] [0m<inf> radiant_api: SWEEP set=1 steer=0 dwell=85425/260000 adv=1 sweeps=0 win=1 ok=3 searching=0 carrier=255 | chunks=6 preempt=0 missed=0 ebusy=0 rej=0 | pumps=6064 hk=6063 | scan_us=565200/6 track_us=200454/959 | end ok=0 abrt=2 miss=0 fail=0 deny=6 replan=0[0m
[00:20:41.572,979] [0m<inf> radiant_gate_mpsl: hi: acq=960 den=0 resv=0 pend=960 blk=0 grant=959[0m
[00:20:41.572,995] [0m<inf> radiant_gate_mpsl: seam: grant=961 nostage=0 prog=961/0 | sigrad=1920 sigt0=1038 isr=1920 end=961 dis=1 term=7 | ramp=961/2 state=0 ev=0x13 rxen saved=0x80000014 cont=0x13f a=0x80000014 p=0x80000014 e=0x80000014 inten=0x00000140[0m
[00:20:41.573,004] [0m<inf> radiant_gate_mpsl: sw: n=959 wipe=0 ramp=959 wipe+ramp=0 rx=958 wipe+rx=0 | started=959 early=0/0us last=2636us | open lead=230us max=257us late=0 glen=4888 cc0=2888[0m
[00:20:41.573,051] [0m<inf> radiant_gate_mpsl: hiend: timer0=958 rel=1 | lasted=2889us max=3486us | dur=2865us max=3463us short=1 | t0arm=32us stale=961[0m
[00:20:41.573,070] [0m<inf> radiant_gate_mpsl: gate: acq=968 in_grant=958/958 placed=968 granted=963 blocked=4 cancel=0 eagain=49 near=0 long=0 ext=78/2 dead=0 | den pend=1 anch=1 dist=0 degen=0 nosess=0 owed=0 | sent grant=1 dead=0 blk=4 supp=959 | end=963 (norm=962 rel=1 idle=0 late=0) | bad over=0 inval=0 unk=0 inl=4 | len=4888/4888 el=3500 skew=8548 brun=0 sig=7 g=0 hw=0 p=1 rel=0 end=1 boot=0 anchor=1 owes=1[0m
[00:20:42.425,022] [0m<inf> radiant_api: SWEEP set=1 steer=0 dwell=85425/260000 adv=1 sweeps=0 win=1 ok=3 searching=0 carrier=255 | chunks=6 preempt=0 missed=0 ebusy=0 rej=0 | pumps=6089 hk=6087 | scan_us=565200/6 track_us=201066/962 | end ok=0 abrt=2 miss=0 fail=0 deny=6 replan=0[0m
[00:20:42.573,126] [0m<inf> radiant_gate_mpsl: hi: acq=962 den=0 resv=0 pend=962 blk=0 grant=962[0m
[00:20:42.573,137] [0m<inf> radiant_gate_mpsl: seam: grant=964 nostage=1 prog=963/0 | sigrad=1924 sigt0=1040 isr=1924 end=963 dis=1 term=8 | ramp=963/3 state=0 ev=0x00 rxen saved=0x80000014 cont=0x13f a=0x80000014 p=0x80000014 e=0x00000000 inten=0x00000000[0m
[00:20:42.573,146] [0m<inf> radiant_gate_mpsl: sw: n=961 wipe=0 ramp=961 wipe+ramp=0 rx=960 wipe+rx=0 | started=961 early=0/0us last=2635us | open lead=231us max=257us late=0 glen=4888 cc0=2888[0m
[00:20:42.573,185] [0m<inf> radiant_gate_mpsl: hiend: timer0=960 rel=2 | lasted=5us max=3486us | dur=2866us max=3463us short=1 | t0arm=31us stale=963[0m
[00:20:42.573,216] [0m<inf> radiant_gate_mpsl: gate: acq=970 in_grant=960/960 placed=970 granted=966 blocked=4 cancel=0 eagain=49 near=0 long=0 ext=78/2 dead=0 | den pend=1 anch=1 dist=0 degen=0 nosess=0 owed=0 | sent grant=2 dead=0 blk=4 supp=961 | end=966 (norm=964 rel=2 idle=0 late=0) | bad over=0 inval=0 unk=0 inl=4 | len=4888/4888 el=3500 skew=8548 brun=0 sig=7 g=0 hw=0 p=0 rel=1 end=1 boot=0 anchor=1 owes=0[0m
[00:20:43.427,939] [0m<inf> radiant_api: SWEEP set=1 steer=0 dwell=85425/260000 adv=1 sweeps=0 win=1 ok=3 searching=0 carrier=255 | chunks=6 preempt=0 missed=0 ebusy=0 rej=0 | pumps=6109 hk=6107 | scan_us=565200/6 track_us=201066/962 | end ok=0 abrt=2 miss=0 fail=0 deny=6 replan=0[0m
[00:20:43.573,308] [0m<inf> radiant_gate_mpsl: hi: acq=962 den=0 resv=0 pend=962 blk=0 grant=962[0m
[00:20:43.573,319] [0m<inf> radiant_gate_mpsl: seam: grant=964 nostage=1 prog=963/0 | sigrad=1924 sigt0=1040 isr=1924 end=963 dis=1 term=8 | ramp=963/3 state=0 ev=0x00 rxen saved=0x80000014 cont=0x13f a=0x80000014 p=0x80000014 e=0x00000000 inten=0x00000000[0m
[00:20:43.573,328] [0m<inf> radiant_gate_mpsl: sw: n=961 wipe=0 ramp=961 wipe+ramp=0 rx=960 wipe+rx=0 | started=961 early=0/0us last=2635us | open lead=231us max=257us late=0 glen=4888 cc0=2888[0m
[00:20:43.573,378] [0m<inf> radiant_gate_mpsl: hiend: timer0=960 rel=2 | lasted=5us max=3486us | dur=2866us max=3463us short=1 | t0arm=31us stale=963[0m
[00:20:43.573,396] [0m<inf> radiant_gate_mpsl: gate: acq=970 in_grant=960/960 placed=970 granted=966 blocked=4 cancel=0 eagain=49 near=0 long=0 ext=78/2 dead=0 | den pend=1 anch=1 dist=0 degen=0 nosess=0 owed=0 | sent grant=2 dead=0 blk=4 supp=961 | end=966 (norm=964 rel=2 idle=0 late=0) | bad over=0 inval=0 unk=0 inl=4 | len=4888/4888 el=3500 skew=8548 brun=0 sig=7 g=0 hw=0 p=0 rel=1 end=1 boot=0 anchor=1 owes=0[0m
[00:20:44.430,822] [0m<inf> radiant_api: SWEEP set=1 steer=0 dwell=85425/260000 adv=1 sweeps=0 win=1 ok=3 searching=0 carrier=255 | chunks=6 preempt=0 missed=0 ebusy=0 rej=0 | pumps=6129 hk=6127 | scan_us=565200/6 track_us=201066/962 | end ok=0 abrt=2 miss=0 fail=0 deny=6 replan=0[0m
[00:20:44.573,459] [0m<inf> radiant_gate_mpsl: hi: acq=962 den=0 resv=0 pend=962 blk=0 grant=962[0m
[00:20:44.573,472] [0m<inf> radiant_gate_mpsl: seam: grant=964 nostage=1 prog=963/0 | sigrad=1924 sigt0=1040 isr=1924 end=963 dis=1 term=8 | ramp=963/3 state=0 ev=0x00 rxen saved=0x80000014 cont=0x13f a=0x80000014 p=0x80000014 e=0x00000000 inten=0x00000000[0m
[00:20:44.573,480] [0m<inf> radiant_gate_mpsl: sw: n=961 wipe=0 ramp=961 wipe+ramp=0 rx=960 wipe+rx=0 | started=961 early=0/0us last=2635us | open lead=231us max=257us late=0 glen=4888 cc0=2888[0m
[00:20:44.573,518] [0m<inf> radiant_gate_mpsl: hiend: timer0=960 rel=2 | lasted=5us max=3486us | dur=2866us max=3463us short=1 | t0arm=31us stale=963[0m
[00:20:44.573,546] [0m<inf> radiant_gate_mpsl: gate: acq=970 in_grant=960/960 placed=970 granted=966 blocked=4 cancel=0 eagain=49 near=0 long=0 ext=78/2 dead=0 | den pend=1 anch=1 dist=0 degen=0 nosess=0 owed=0 | sent grant=2 dead=0 blk=4 supp=961 | end=966 (norm=964 rel=2 idle=0 late=0) | bad over=0 inval=0 unk=0 inl=4 | len=4888/4888 el=3500 skew=8548 brun=0 sig=7 g=0 hw=0 p=0 rel=1 end=1 boot=0 anchor=1 owes=0[0m
[00:20:45.433,826] [0m<inf> radiant_api: SWEEP set=1 steer=0 dwell=85425/260000 adv=1 sweeps=0 win=1 ok=3 searching=0 carrier=255 | chunks=6 preempt=0 missed=0 ebusy=0 rej=0 | pumps=6149 hk=6147 | scan_us=565200/6 track_us=201066/962 | end ok=0 abrt=2 miss=0 fail=0 deny=6 replan=0[0m
[00:20:45.573,628] [0m<inf> radiant_gate_mpsl: hi: acq=962 den=0 resv=0 pend=962 blk=0 grant=962[0m
[00:20:45.573,639] [0m<inf> radiant_gate_mpsl: seam: grant=964 nostage=1 prog=963/0 | sigrad=1924 sigt0=1040 isr=1924 end=963 dis=1 term=8 | ramp=963/3 state=0 ev=0x00 rxen saved=0x80000014 cont=0x13f a=0x80000014 p=0x80000014 e=0x00000000 inten=0x00000000[0m
[00:20:45.573,648] [0m<inf> radiant_gate_mpsl: sw: n=961 wipe=0 ramp=961 wipe+ramp=0 rx=960 wipe+rx=0 | started=961 early=0/0us last=2635us | open lead=231us max=257us late=0 glen=4888 cc0=2888[0m
[00:20:45.573,698] [0m<inf> radiant_gate_mpsl: hiend: timer0=960 rel=2 | lasted=5us max=3486us | dur=2866us max=3463us short=1 | t0arm=31us stale=963[0m
[00:20:45.573,717] [0m<inf> radiant_gate_mpsl: gate: acq=970 in_grant=960/960 placed=970 granted=966 blocked=4 cancel=0 eagain=49 near=0 long=0 ext=78/2 dead=0 | den pend=1 anch=1 dist=0 degen=0 nosess=0 owed=0 | sent grant=2 dead=0 blk=4 supp=961 | end=966 (norm=964 rel=2 idle=0 late=0) | bad over=0 inval=0 unk=0 inl=4 | len=4888/4888 el=3500 skew=8548 brun=0 sig=7 g=0 hw=0 p=0 rel=1 end=1 boot=0 anchor=1 owes=0[0m
[00:20:46.436,710] [0m<inf> radiant_api: SWEEP set=1 steer=0 dwell=85425/260000 adv=1 sweeps=0 win=1 ok=3 searching=0 carrier=255 | chunks=6 preempt=0 missed=0 ebusy=0 rej=0 | pumps=6169 hk=6167 | scan_us=565200/6 track_us=201066/962 | end ok=0 abrt=2 miss=0 fail=0 deny=6 replan=0[0m
[00:20:46.573,777] [0m<inf> radiant_gate_mpsl: hi: acq=962 den=0 resv=0 pend=962 blk=0 grant=962[0m
[00:20:46.573,788] [0m<inf> radiant_gate_mpsl: seam: grant=964 nostage=1 prog=963/0 | sigrad=1924 sigt0=1040 isr=1924 end=963 dis=1 term=8 | ramp=963/3 state=0 ev=0x00 rxen saved=0x80000014 cont=0x13f a=0x80000014 p=0x80000014 e=0x00000000 inten=0x00000000[0m
[00:20:46.573,797] [0m<inf> radiant_gate_mpsl: sw: n=961 wipe=0 ramp=961 wipe+ramp=0 rx=960 wipe+rx=0 | started=961 early=0/0us last=2635us | open lead=231us max=257us late=0 glen=4888 cc0=2888[0m
[00:20:46.573,835] [0m<inf> radiant_gate_mpsl: hiend: timer0=960 rel=2 | lasted=5us max=3486us | dur=2866us max=3463us short=1 | t0arm=31us stale=963[0m
[00:20:46.573,863] [0m<inf> radiant_gate_mpsl: gate: acq=970 in_grant=960/960 placed=970 granted=966 blocked=4 cancel=0 eagain=49 near=0 long=0 ext=78/2 dead=0 | den pend=1 anch=1 dist=0 degen=0 nosess=0 owed=0 | sent grant=2 dead=0 blk=4 supp=961 | end=966 (norm=964 rel=2 idle=0 late=0) | bad over=0 inval=0 unk=0 inl=4 | len=4888/4888 el=3500 skew=8548 brun=0 sig=7 g=0 hw=0 p=0 rel=1 end=1 boot=0 anchor=1 owes=0[0m
[00:20:47.439,609] [0m<inf> radiant_api: SWEEP set=1 steer=0 dwell=85425/260000 adv=1 sweeps=0 win=1 ok=3 searching=0 carrier=255 | chunks=6 preempt=0 missed=0 ebusy=0 rej=0 | pumps=6189 hk=6187 | scan_us=565200/6 track_us=201066/962 | end ok=0 abrt=2 miss=0 fail=0 deny=6 replan=0[0m
[00:20:47.573,938] [0m<inf> radiant_gate_mpsl: hi: acq=962 den=0 resv=0 pend=962 blk=0 grant=962[0m
[00:20:47.573,949] [0m<inf> radiant_gate_mpsl: seam: grant=964 nostage=1 prog=963/0 | sigrad=1924 sigt0=1040 isr=1924 end=963 dis=1 term=8 | ramp=963/3 state=0 ev=0x00 rxen saved=0x80000014 cont=0x13f a=0x80000014 p=0x80000014 e=0x00000000 inten=0x00000000[0m
[00:20:47.573,958] [0m<inf> radiant_gate_mpsl: sw: n=961 wipe=0 ramp=961 wipe+ramp=0 rx=960 wipe+rx=0 | started=961 early=0/0us last=2635us | open lead=231us max=257us late=0 glen=4888 cc0=2888[0m
[00:20:47.574,008] [0m<inf> radiant_gate_mpsl: hiend: timer0=960 rel=2 | lasted=5us max=3486us | dur=2866us max=3463us short=1 | t0arm=31us stale=963[0m
[00:20:47.574,026] [0m<inf> radiant_gate_mpsl: gate: acq=970 in_grant=960/960 placed=970 granted=966 blocked=4 cancel=0 eagain=49 near=0 long=0 ext=78/2 dead=0 | den pend=1 anch=1 dist=0 degen=0 nosess=0 owed=0 | sent grant=2 dead=0 blk=4 supp=961 | end=966 (norm=964 rel=2 idle=0 late=0) | bad over=0 inval=0 unk=0 inl=4 | len=4888/4888 el=3500 skew=8548 brun=0 sig=7 g=0 hw=0 p=0 rel=1 end=1 boot=0 anchor=1 owes=0[0m
[00:20:48.442,620] [0m<inf> radiant_api: SWEEP set=1 steer=0 dwell=85425/260000 adv=1 sweeps=0 win=1 ok=3 searching=0 carrier=255 | chunks=6 preempt=0 missed=0 ebusy=0 rej=0 | pumps=6209 hk=6207 | scan_us=565200/6 track_us=201066/962 | end ok=0 abrt=2 miss=0 fail=0 deny=6 replan=0[0m
[00:20:48.574,088] [0m<inf> radiant_gate_mpsl: hi: acq=962 den=0 resv=0 pend=962 blk=0 grant=962[0m
[00:20:48.574,099] [0m<inf> radiant_gate_mpsl: seam: grant=964 nostage=1 prog=963/0 | sigrad=1924 sigt0=1040 isr=1924 end=963 dis=1 term=8 | ramp=963/3 state=0 ev=0x00 rxen saved=0x80000014 cont=0x13f a=0x80000014 p=0x80000014 e=0x00000000 inten=0x00000000[0m
[00:20:48.574,108] [0m<inf> radiant_gate_mpsl: sw: n=961 wipe=0 ramp=961 wipe+ramp=0 rx=960 wipe+rx=0 | started=961 early=0/0us last=2635us | open lead=231us max=257us late=0 glen=4888 cc0=2888[0m
[00:20:48.574,155] [0m<inf> radiant_gate_mpsl: hiend: timer0=960 rel=2 | lasted=5us max=3486us | dur=2866us max=3463us short=1 | t0arm=31us stale=963[0m
[00:20:48.574,174] [0m<inf> radiant_gate_mpsl: gate: acq=970 in_grant=960/960 placed=970 granted=966 blocked=4 cancel=0 eagain=49 near=0 long=0 ext=78/2 dead=0 | den pend=1 anch=1 dist=0 degen=0 nosess=0 owed=0 | sent grant=2 dead=0 blk=4 supp=961 | end=966 (norm=964 rel=2 idle=0 late=0) | bad over=0 inval=0 unk=0 inl=4 | len=4888/4888 el=3500 skew=8548 brun=0 sig=7 g=0 hw=0 p=0 rel=1 end=1 boot=0 anchor=1 owes=0[0m

